ISO-10303-21;
HEADER;
FILE_DESCRIPTION(('Open CASCADE Model'),'2;1');
FILE_NAME('Open CASCADE Shape Model','2026-09-29T12:41:05',('Author'),(
    'Open CASCADE'),'Open CASCADE STEP processor 7.9','Open CASCADE 7.9'
  ,'Unknown');
FILE_SCHEMA(('AUTOMOTIVE_DESIGN { 1 0 10303 214 1 1 1 1 }'));
ENDSEC;
DATA;
#1 = APPLICATION_PROTOCOL_DEFINITION('international standard',
  'automotive_design',2000,#2);
#2 = APPLICATION_CONTEXT(
  'core data for automotive mechanical design processes');
#3 = SHAPE_DEFINITION_REPRESENTATION(#4,#10);
#4 = PRODUCT_DEFINITION_SHAPE('','',#5);
#5 = PRODUCT_DEFINITION('design','',#6,#9);
#6 = PRODUCT_DEFINITION_FORMATION('','',#7);
#7 = PRODUCT('Open CASCADE STEP translator 7.9 1',
  'Open CASCADE STEP translator 7.9 1','',(#8));
#8 = PRODUCT_CONTEXT('',#2,'mechanical');
#9 = PRODUCT_DEFINITION_CONTEXT('part definition',#2,'design');
#10 = ADVANCED_BREP_SHAPE_REPRESENTATION('',(#11,#15),#6767);
#11 = AXIS2_PLACEMENT_3D('',#12,#13,#14);
#12 = CARTESIAN_POINT('',(0.,0.,0.));
#13 = DIRECTION('',(0.,0.,1.));
#14 = DIRECTION('',(1.,0.,-0.));
#15 = MANIFOLD_SOLID_BREP('',#16);
#16 = CLOSED_SHELL('',(#17,#514,#585,#1645,#1691,#1823,#1848,#1893,#2885
    ,#2910,#2956,#3067,#3122,#3147,#3172,#3197,#3204,#3229,#3254,#3453,
    #3478,#3503,#3528,#3865,#3911,#3959,#4007,#4055,#4081,#4127,#4175,
    #4223,#4271,#4297,#4322,#4347,#4372,#4571,#4596,#4603,#4628,#4635,
    #4662,#4721,#4797,#4846,#4895,#4944,#4993,#5020,#5096,#5145,#5194,
    #5243,#5292,#5319,#5395,#5444,#5493,#5542,#5591,#5618,#5689,#5738,
    #5787,#5836,#5885,#5912,#5966,#6005,#6060,#6104,#6148,#6203,#6258,
    #6270,#6309,#6348,#6360,#6415,#6454,#6481,#6508,#6547,#6586,#6590,
    #6645,#6700,#6755,#6759,#6763));
#17 = ADVANCED_FACE('',(#18,#340),#32,.T.);
#18 = FACE_BOUND('',#19,.F.);
#19 = EDGE_LOOP('',(#20,#53,#81,#107,#135,#161,#190,#216,#239,#265,#293,
    #319));
#20 = ORIENTED_EDGE('',*,*,#21,.F.);
#21 = EDGE_CURVE('',#22,#24,#26,.T.);
#22 = VERTEX_POINT('',#23);
#23 = CARTESIAN_POINT('',(-22.26715585662,29.54951387175,30.));
#24 = VERTEX_POINT('',#25);
#25 = CARTESIAN_POINT('',(-22.26715585662,29.54951387175,8.));
#26 = SURFACE_CURVE('',#27,(#31,#42),.PCURVE_S1.);
#27 = LINE('',#28,#29);
#28 = CARTESIAN_POINT('',(-22.26715585662,29.54951387175,0.));
#29 = VECTOR('',#30,1.);
#30 = DIRECTION('',(-0.,-0.,-1.));
#31 = PCURVE('',#32,#37);
#32 = CYLINDRICAL_SURFACE('',#33,37.);
#33 = AXIS2_PLACEMENT_3D('',#34,#35,#36);
#34 = CARTESIAN_POINT('',(0.,0.,0.));
#35 = DIRECTION('',(0.,-0.,-1.));
#36 = DIRECTION('',(0.992546151641,0.121869343405,0.));
#37 = DEFINITIONAL_REPRESENTATION('',(#38),#41);
#38 = B_SPLINE_CURVE_WITH_KNOTS('',1,(#39,#40),.UNSPECIFIED.,.F.,.F.,(2,
    2),(-30.,-8.),.PIECEWISE_BEZIER_KNOTS.);
#39 = CARTESIAN_POINT('',(-2.094395102393,-30.));
#40 = CARTESIAN_POINT('',(-2.094395102393,-8.));
#41 = ( GEOMETRIC_REPRESENTATION_CONTEXT(2) 
PARAMETRIC_REPRESENTATION_CONTEXT() REPRESENTATION_CONTEXT('2D SPACE',''
  ) );
#42 = PCURVE('',#43,#48);
#43 = PLANE('',#44);
#44 = AXIS2_PLACEMENT_3D('',#45,#46,#47);
#45 = CARTESIAN_POINT('',(0.,0.,-1.));
#46 = DIRECTION('',(-0.798635510047,-0.601815023152,0.));
#47 = DIRECTION('',(-0.601815023152,0.798635510047,0.));
#48 = DEFINITIONAL_REPRESENTATION('',(#49),#52);
#49 = B_SPLINE_CURVE_WITH_KNOTS('',1,(#50,#51),.UNSPECIFIED.,.F.,.F.,(2,
    2),(-30.0000006,6.E-07),.PIECEWISE_BEZIER_KNOTS.);
#50 = CARTESIAN_POINT('',(37.,-31.0000006));
#51 = CARTESIAN_POINT('',(37.,-0.9999994));
#52 = ( GEOMETRIC_REPRESENTATION_CONTEXT(2) 
PARAMETRIC_REPRESENTATION_CONTEXT() REPRESENTATION_CONTEXT('2D SPACE',''
  ) );
#53 = ORIENTED_EDGE('',*,*,#54,.T.);
#54 = EDGE_CURVE('',#22,#55,#57,.T.);
#55 = VERTEX_POINT('',#56);
#56 = CARTESIAN_POINT('',(-29.54951387175,22.267155856626,30.));
#57 = SURFACE_CURVE('',#58,(#63,#69),.PCURVE_S1.);
#58 = CIRCLE('',#59,37.);
#59 = AXIS2_PLACEMENT_3D('',#60,#61,#62);
#60 = CARTESIAN_POINT('',(0.,0.,30.));
#61 = DIRECTION('',(0.,0.,1.));
#62 = DIRECTION('',(1.,0.,0.));
#63 = PCURVE('',#32,#64);
#64 = DEFINITIONAL_REPRESENTATION('',(#65),#68);
#65 = B_SPLINE_CURVE_WITH_KNOTS('',1,(#66,#67),.UNSPECIFIED.,.F.,.F.,(2,
    2),(2.216568150033,2.495820830352),.PIECEWISE_BEZIER_KNOTS.);
#66 = CARTESIAN_POINT('',(-2.094395102393,-30.));
#67 = CARTESIAN_POINT('',(-2.373647782712,-30.));
#68 = ( GEOMETRIC_REPRESENTATION_CONTEXT(2) 
PARAMETRIC_REPRESENTATION_CONTEXT() REPRESENTATION_CONTEXT('2D SPACE',''
  ) );
#69 = PCURVE('',#70,#75);
#70 = PLANE('',#71);
#71 = AXIS2_PLACEMENT_3D('',#72,#73,#74);
#72 = CARTESIAN_POINT('',(-2.365301850879E-15,3.22020598281E-15,30.));
#73 = DIRECTION('',(0.,0.,1.));
#74 = DIRECTION('',(1.,0.,-0.));
#75 = DEFINITIONAL_REPRESENTATION('',(#76),#80);
#76 = CIRCLE('',#77,37.);
#77 = AXIS2_PLACEMENT_2D('',#78,#79);
#78 = CARTESIAN_POINT('',(2.365301850879E-15,-3.22020598281E-15));
#79 = DIRECTION('',(1.,0.));
#80 = ( GEOMETRIC_REPRESENTATION_CONTEXT(2) 
PARAMETRIC_REPRESENTATION_CONTEXT() REPRESENTATION_CONTEXT('2D SPACE',''
  ) );
#81 = ORIENTED_EDGE('',*,*,#82,.T.);
#82 = EDGE_CURVE('',#55,#83,#85,.T.);
#83 = VERTEX_POINT('',#84);
#84 = CARTESIAN_POINT('',(-29.54951387175,22.267155856625,8.));
#85 = SURFACE_CURVE('',#86,(#90,#96),.PCURVE_S1.);
#86 = LINE('',#87,#88);
#87 = CARTESIAN_POINT('',(-29.54951387175,22.267155856626,0.));
#88 = VECTOR('',#89,1.);
#89 = DIRECTION('',(-0.,-0.,-1.));
#90 = PCURVE('',#32,#91);
#91 = DEFINITIONAL_REPRESENTATION('',(#92),#95);
#92 = B_SPLINE_CURVE_WITH_KNOTS('',1,(#93,#94),.UNSPECIFIED.,.F.,.F.,(2,
    2),(-30.,-8.),.PIECEWISE_BEZIER_KNOTS.);
#93 = CARTESIAN_POINT('',(-2.373647782712,-30.));
#94 = CARTESIAN_POINT('',(-2.373647782712,-8.));
#95 = ( GEOMETRIC_REPRESENTATION_CONTEXT(2) 
PARAMETRIC_REPRESENTATION_CONTEXT() REPRESENTATION_CONTEXT('2D SPACE',''
  ) );
#96 = PCURVE('',#97,#102);
#97 = PLANE('',#98);
#98 = AXIS2_PLACEMENT_3D('',#99,#100,#101);
#99 = CARTESIAN_POINT('',(-88.64854161525,66.801467569877,-1.));
#100 = DIRECTION('',(0.601815023152,0.798635510047,-0.));
#101 = DIRECTION('',(0.798635510047,-0.601815023152,0.));
#102 = DEFINITIONAL_REPRESENTATION('',(#103),#106);
#103 = B_SPLINE_CURVE_WITH_KNOTS('',1,(#104,#105),.UNSPECIFIED.,.F.,.F.,
  (2,2),(-30.0000006,6.E-07),.PIECEWISE_BEZIER_KNOTS.);
#104 = CARTESIAN_POINT('',(74.,-31.0000006));
#105 = CARTESIAN_POINT('',(74.,-0.9999994));
#106 = ( GEOMETRIC_REPRESENTATION_CONTEXT(2) 
PARAMETRIC_REPRESENTATION_CONTEXT() REPRESENTATION_CONTEXT('2D SPACE',''
  ) );
#107 = ORIENTED_EDGE('',*,*,#108,.T.);
#108 = EDGE_CURVE('',#83,#109,#111,.T.);
#109 = VERTEX_POINT('',#110);
#110 = CARTESIAN_POINT('',(-31.5476860811,19.33244689449,8.));
#111 = SURFACE_CURVE('',#112,(#117,#123),.PCURVE_S1.);
#112 = CIRCLE('',#113,37.);
#113 = AXIS2_PLACEMENT_3D('',#114,#115,#116);
#114 = CARTESIAN_POINT('',(0.,0.,8.));
#115 = DIRECTION('',(0.,-0.,1.));
#116 = DIRECTION('',(0.992546151641,0.121869343405,0.));
#117 = PCURVE('',#32,#118);
#118 = DEFINITIONAL_REPRESENTATION('',(#119),#122);
#119 = B_SPLINE_CURVE_WITH_KNOTS('',1,(#120,#121),.UNSPECIFIED.,.F.,.F.,
  (2,2),(2.373647782712,3.665191429188),.PIECEWISE_BEZIER_KNOTS.);
#120 = CARTESIAN_POINT('',(-2.373647782712,-8.));
#121 = CARTESIAN_POINT('',(-3.665191429188,-8.));
#122 = ( GEOMETRIC_REPRESENTATION_CONTEXT(2) 
PARAMETRIC_REPRESENTATION_CONTEXT() REPRESENTATION_CONTEXT('2D SPACE',''
  ) );
#123 = PCURVE('',#124,#129);
#124 = PLANE('',#125);
#125 = AXIS2_PLACEMENT_3D('',#126,#127,#128);
#126 = CARTESIAN_POINT('',(-2.740115638314E-15,2.907945272208E-15,8.));
#127 = DIRECTION('',(0.,0.,1.));
#128 = DIRECTION('',(0.992546151641,0.121869343405,0.));
#129 = DEFINITIONAL_REPRESENTATION('',(#130),#134);
#130 = CIRCLE('',#131,37.);
#131 = AXIS2_PLACEMENT_2D('',#132,#133);
#132 = CARTESIAN_POINT('',(2.365301850879E-15,-3.22020598281E-15));
#133 = DIRECTION('',(1.,0.));
#134 = ( GEOMETRIC_REPRESENTATION_CONTEXT(2) 
PARAMETRIC_REPRESENTATION_CONTEXT() REPRESENTATION_CONTEXT('2D SPACE',''
  ) );
#135 = ORIENTED_EDGE('',*,*,#136,.T.);
#136 = EDGE_CURVE('',#109,#137,#139,.T.);
#137 = VERTEX_POINT('',#138);
#138 = CARTESIAN_POINT('',(-31.5476860811,19.33244689449,0.));
#139 = SURFACE_CURVE('',#140,(#144,#150),.PCURVE_S1.);
#140 = LINE('',#141,#142);
#141 = CARTESIAN_POINT('',(-31.5476860811,19.33244689449,0.));
#142 = VECTOR('',#143,1.);
#143 = DIRECTION('',(0.,-0.,-1.));
#144 = PCURVE('',#32,#145);
#145 = DEFINITIONAL_REPRESENTATION('',(#146),#149);
#146 = B_SPLINE_CURVE_WITH_KNOTS('',1,(#147,#148),.UNSPECIFIED.,.F.,.F.,
  (2,2),(-10.,6.E-07),.PIECEWISE_BEZIER_KNOTS.);
#147 = CARTESIAN_POINT('',(-2.469640891572,-10.));
#148 = CARTESIAN_POINT('',(-2.469640891572,6.E-07));
#149 = ( GEOMETRIC_REPRESENTATION_CONTEXT(2) 
PARAMETRIC_REPRESENTATION_CONTEXT() REPRESENTATION_CONTEXT('2D SPACE',''
  ) );
#150 = PCURVE('',#151,#156);
#151 = PLANE('',#152);
#152 = AXIS2_PLACEMENT_3D('',#153,#154,#155);
#153 = CARTESIAN_POINT('',(0.,0.,-2.));
#154 = DIRECTION('',(-0.522498564716,-0.852640164354,0.));
#155 = DIRECTION('',(-0.852640164354,0.522498564716,0.));
#156 = DEFINITIONAL_REPRESENTATION('',(#157),#160);
#157 = B_SPLINE_CURVE_WITH_KNOTS('',1,(#158,#159),.UNSPECIFIED.,.F.,.F.,
  (2,2),(-10.,6.E-07),.PIECEWISE_BEZIER_KNOTS.);
#158 = CARTESIAN_POINT('',(37.,-12.));
#159 = CARTESIAN_POINT('',(37.,-1.9999994));
#160 = ( GEOMETRIC_REPRESENTATION_CONTEXT(2) 
PARAMETRIC_REPRESENTATION_CONTEXT() REPRESENTATION_CONTEXT('2D SPACE',''
  ) );
#161 = ORIENTED_EDGE('',*,*,#162,.F.);
#162 = EDGE_CURVE('',#163,#137,#165,.T.);
#163 = VERTEX_POINT('',#164);
#164 = CARTESIAN_POINT('',(31.547686081101,19.33244689449,0.));
#165 = SURFACE_CURVE('',#166,(#171,#178),.PCURVE_S1.);
#166 = CIRCLE('',#167,37.);
#167 = AXIS2_PLACEMENT_3D('',#168,#169,#170);
#168 = CARTESIAN_POINT('',(0.,0.,0.));
#169 = DIRECTION('',(0.,-0.,1.));
#170 = DIRECTION('',(0.852640164354,0.522498564716,0.));
#171 = PCURVE('',#32,#172);
#172 = DEFINITIONAL_REPRESENTATION('',(#173),#177);
#173 = LINE('',#174,#175);
#174 = CARTESIAN_POINT('',(-0.427605666739,0.));
#175 = VECTOR('',#176,1.);
#176 = DIRECTION('',(-1.,0.));
#177 = ( GEOMETRIC_REPRESENTATION_CONTEXT(2) 
PARAMETRIC_REPRESENTATION_CONTEXT() REPRESENTATION_CONTEXT('2D SPACE',''
  ) );
#178 = PCURVE('',#179,#184);
#179 = PLANE('',#180);
#180 = AXIS2_PLACEMENT_3D('',#181,#182,#183);
#181 = CARTESIAN_POINT('',(-2.740115638314E-15,2.907945272208E-15,0.));
#182 = DIRECTION('',(0.,0.,1.));
#183 = DIRECTION('',(0.992546151641,0.121869343405,0.));
#184 = DEFINITIONAL_REPRESENTATION('',(#185),#189);
#185 = CIRCLE('',#186,37.);
#186 = AXIS2_PLACEMENT_2D('',#187,#188);
#187 = CARTESIAN_POINT('',(2.365301850879E-15,-3.22020598281E-15));
#188 = DIRECTION('',(0.909961270877,0.414693242656));
#189 = ( GEOMETRIC_REPRESENTATION_CONTEXT(2) 
PARAMETRIC_REPRESENTATION_CONTEXT() REPRESENTATION_CONTEXT('2D SPACE',''
  ) );
#190 = ORIENTED_EDGE('',*,*,#191,.F.);
#191 = EDGE_CURVE('',#192,#163,#194,.T.);
#192 = VERTEX_POINT('',#193);
#193 = CARTESIAN_POINT('',(31.547686081101,19.33244689449,8.));
#194 = SURFACE_CURVE('',#195,(#199,#205),.PCURVE_S1.);
#195 = LINE('',#196,#197);
#196 = CARTESIAN_POINT('',(31.547686081101,19.33244689449,0.));
#197 = VECTOR('',#198,1.);
#198 = DIRECTION('',(0.,-0.,-1.));
#199 = PCURVE('',#32,#200);
#200 = DEFINITIONAL_REPRESENTATION('',(#201),#204);
#201 = B_SPLINE_CURVE_WITH_KNOTS('',1,(#202,#203),.UNSPECIFIED.,.F.,.F.,
  (2,2),(-8.,0.),.PIECEWISE_BEZIER_KNOTS.);
#202 = CARTESIAN_POINT('',(-0.427605666739,-8.));
#203 = CARTESIAN_POINT('',(-0.427605666739,0.));
#204 = ( GEOMETRIC_REPRESENTATION_CONTEXT(2) 
PARAMETRIC_REPRESENTATION_CONTEXT() REPRESENTATION_CONTEXT('2D SPACE',''
  ) );
#205 = PCURVE('',#206,#211);
#206 = PLANE('',#207);
#207 = AXIS2_PLACEMENT_3D('',#208,#209,#210);
#208 = CARTESIAN_POINT('',(97.200978736367,59.564836377618,-2.));
#209 = DIRECTION('',(0.522498564716,-0.852640164354,0.));
#210 = DIRECTION('',(-0.852640164354,-0.522498564716,0.));
#211 = DEFINITIONAL_REPRESENTATION('',(#212),#215);
#212 = B_SPLINE_CURVE_WITH_KNOTS('',1,(#213,#214),.UNSPECIFIED.,.F.,.F.,
  (2,2),(-10.,6.E-07),.PIECEWISE_BEZIER_KNOTS.);
#213 = CARTESIAN_POINT('',(77.,-12.));
#214 = CARTESIAN_POINT('',(77.,-1.9999994));
#215 = ( GEOMETRIC_REPRESENTATION_CONTEXT(2) 
PARAMETRIC_REPRESENTATION_CONTEXT() REPRESENTATION_CONTEXT('2D SPACE',''
  ) );
#216 = ORIENTED_EDGE('',*,*,#217,.T.);
#217 = EDGE_CURVE('',#192,#218,#220,.T.);
#218 = VERTEX_POINT('',#219);
#219 = CARTESIAN_POINT('',(29.54951387175,22.267155856626,8.));
#220 = SURFACE_CURVE('',#221,(#226,#232),.PCURVE_S1.);
#221 = CIRCLE('',#222,37.);
#222 = AXIS2_PLACEMENT_3D('',#223,#224,#225);
#223 = CARTESIAN_POINT('',(0.,0.,8.));
#224 = DIRECTION('',(0.,-0.,1.));
#225 = DIRECTION('',(0.992546151641,0.121869343405,0.));
#226 = PCURVE('',#32,#227);
#227 = DEFINITIONAL_REPRESENTATION('',(#228),#231);
#228 = B_SPLINE_CURVE_WITH_KNOTS('',1,(#229,#230),.UNSPECIFIED.,.F.,.F.,
  (2,2),(0.427605666739,0.523598775598),.PIECEWISE_BEZIER_KNOTS.);
#229 = CARTESIAN_POINT('',(-0.427605666739,-8.));
#230 = CARTESIAN_POINT('',(-0.523598775598,-8.));
#231 = ( GEOMETRIC_REPRESENTATION_CONTEXT(2) 
PARAMETRIC_REPRESENTATION_CONTEXT() REPRESENTATION_CONTEXT('2D SPACE',''
  ) );
#232 = PCURVE('',#124,#233);
#233 = DEFINITIONAL_REPRESENTATION('',(#234),#238);
#234 = CIRCLE('',#235,37.);
#235 = AXIS2_PLACEMENT_2D('',#236,#237);
#236 = CARTESIAN_POINT('',(2.365301850879E-15,-3.22020598281E-15));
#237 = DIRECTION('',(1.,0.));
#238 = ( GEOMETRIC_REPRESENTATION_CONTEXT(2) 
PARAMETRIC_REPRESENTATION_CONTEXT() REPRESENTATION_CONTEXT('2D SPACE',''
  ) );
#239 = ORIENTED_EDGE('',*,*,#240,.F.);
#240 = EDGE_CURVE('',#241,#218,#243,.T.);
#241 = VERTEX_POINT('',#242);
#242 = CARTESIAN_POINT('',(29.54951387175,22.267155856626,30.));
#243 = SURFACE_CURVE('',#244,(#248,#254),.PCURVE_S1.);
#244 = LINE('',#245,#246);
#245 = CARTESIAN_POINT('',(29.54951387175,22.267155856626,0.));
#246 = VECTOR('',#247,1.);
#247 = DIRECTION('',(-0.,-0.,-1.));
#248 = PCURVE('',#32,#249);
#249 = DEFINITIONAL_REPRESENTATION('',(#250),#253);
#250 = B_SPLINE_CURVE_WITH_KNOTS('',1,(#251,#252),.UNSPECIFIED.,.F.,.F.,
  (2,2),(-30.,-8.),.PIECEWISE_BEZIER_KNOTS.);
#251 = CARTESIAN_POINT('',(-0.523598775598,-30.));
#252 = CARTESIAN_POINT('',(-0.523598775598,-8.));
#253 = ( GEOMETRIC_REPRESENTATION_CONTEXT(2) 
PARAMETRIC_REPRESENTATION_CONTEXT() REPRESENTATION_CONTEXT('2D SPACE',''
  ) );
#254 = PCURVE('',#255,#260);
#255 = PLANE('',#256);
#256 = AXIS2_PLACEMENT_3D('',#257,#258,#259);
#257 = CARTESIAN_POINT('',(0.,0.,-1.));
#258 = DIRECTION('',(-0.601815023152,0.798635510047,0.));
#259 = DIRECTION('',(0.798635510047,0.601815023152,0.));
#260 = DEFINITIONAL_REPRESENTATION('',(#261),#264);
#261 = B_SPLINE_CURVE_WITH_KNOTS('',1,(#262,#263),.UNSPECIFIED.,.F.,.F.,
  (2,2),(-30.0000006,6.E-07),.PIECEWISE_BEZIER_KNOTS.);
#262 = CARTESIAN_POINT('',(37.,-31.0000006));
#263 = CARTESIAN_POINT('',(37.,-0.9999994));
#264 = ( GEOMETRIC_REPRESENTATION_CONTEXT(2) 
PARAMETRIC_REPRESENTATION_CONTEXT() REPRESENTATION_CONTEXT('2D SPACE',''
  ) );
#265 = ORIENTED_EDGE('',*,*,#266,.T.);
#266 = EDGE_CURVE('',#241,#267,#269,.T.);
#267 = VERTEX_POINT('',#268);
#268 = CARTESIAN_POINT('',(22.267155856626,29.54951387175,30.));
#269 = SURFACE_CURVE('',#270,(#275,#281),.PCURVE_S1.);
#270 = CIRCLE('',#271,37.);
#271 = AXIS2_PLACEMENT_3D('',#272,#273,#274);
#272 = CARTESIAN_POINT('',(0.,0.,30.));
#273 = DIRECTION('',(0.,0.,1.));
#274 = DIRECTION('',(1.,0.,0.));
#275 = PCURVE('',#32,#276);
#276 = DEFINITIONAL_REPRESENTATION('',(#277),#280);
#277 = B_SPLINE_CURVE_WITH_KNOTS('',1,(#278,#279),.UNSPECIFIED.,.F.,.F.,
  (2,2),(0.645771823238,0.925024503557),.PIECEWISE_BEZIER_KNOTS.);
#278 = CARTESIAN_POINT('',(-0.523598775598,-30.));
#279 = CARTESIAN_POINT('',(-0.802851455917,-30.));
#280 = ( GEOMETRIC_REPRESENTATION_CONTEXT(2) 
PARAMETRIC_REPRESENTATION_CONTEXT() REPRESENTATION_CONTEXT('2D SPACE',''
  ) );
#281 = PCURVE('',#282,#287);
#282 = PLANE('',#283);
#283 = AXIS2_PLACEMENT_3D('',#284,#285,#286);
#284 = CARTESIAN_POINT('',(-2.365301850879E-15,3.22020598281E-15,30.));
#285 = DIRECTION('',(0.,0.,1.));
#286 = DIRECTION('',(1.,0.,-0.));
#287 = DEFINITIONAL_REPRESENTATION('',(#288),#292);
#288 = CIRCLE('',#289,37.);
#289 = AXIS2_PLACEMENT_2D('',#290,#291);
#290 = CARTESIAN_POINT('',(2.365301850879E-15,-3.22020598281E-15));
#291 = DIRECTION('',(1.,0.));
#292 = ( GEOMETRIC_REPRESENTATION_CONTEXT(2) 
PARAMETRIC_REPRESENTATION_CONTEXT() REPRESENTATION_CONTEXT('2D SPACE',''
  ) );
#293 = ORIENTED_EDGE('',*,*,#294,.T.);
#294 = EDGE_CURVE('',#267,#295,#297,.T.);
#295 = VERTEX_POINT('',#296);
#296 = CARTESIAN_POINT('',(22.267155856626,29.54951387175,8.));
#297 = SURFACE_CURVE('',#298,(#302,#308),.PCURVE_S1.);
#298 = LINE('',#299,#300);
#299 = CARTESIAN_POINT('',(22.267155856626,29.54951387175,0.));
#300 = VECTOR('',#301,1.);
#301 = DIRECTION('',(-0.,-0.,-1.));
#302 = PCURVE('',#32,#303);
#303 = DEFINITIONAL_REPRESENTATION('',(#304),#307);
#304 = B_SPLINE_CURVE_WITH_KNOTS('',1,(#305,#306),.UNSPECIFIED.,.F.,.F.,
  (2,2),(-30.,-8.),.PIECEWISE_BEZIER_KNOTS.);
#305 = CARTESIAN_POINT('',(-0.802851455917,-30.));
#306 = CARTESIAN_POINT('',(-0.802851455917,-8.));
#307 = ( GEOMETRIC_REPRESENTATION_CONTEXT(2) 
PARAMETRIC_REPRESENTATION_CONTEXT() REPRESENTATION_CONTEXT('2D SPACE',''
  ) );
#308 = PCURVE('',#309,#314);
#309 = PLANE('',#310);
#310 = AXIS2_PLACEMENT_3D('',#311,#312,#313);
#311 = CARTESIAN_POINT('',(66.801467569877,88.648541615249,-1.));
#312 = DIRECTION('',(0.798635510047,-0.601815023152,0.));
#313 = DIRECTION('',(-0.601815023152,-0.798635510047,0.));
#314 = DEFINITIONAL_REPRESENTATION('',(#315),#318);
#315 = B_SPLINE_CURVE_WITH_KNOTS('',1,(#316,#317),.UNSPECIFIED.,.F.,.F.,
  (2,2),(-30.0000006,6.E-07),.PIECEWISE_BEZIER_KNOTS.);
#316 = CARTESIAN_POINT('',(74.,-31.0000006));
#317 = CARTESIAN_POINT('',(74.,-0.9999994));
#318 = ( GEOMETRIC_REPRESENTATION_CONTEXT(2) 
PARAMETRIC_REPRESENTATION_CONTEXT() REPRESENTATION_CONTEXT('2D SPACE',''
  ) );
#319 = ORIENTED_EDGE('',*,*,#320,.T.);
#320 = EDGE_CURVE('',#295,#24,#321,.T.);
#321 = SURFACE_CURVE('',#322,(#327,#333),.PCURVE_S1.);
#322 = CIRCLE('',#323,37.);
#323 = AXIS2_PLACEMENT_3D('',#324,#325,#326);
#324 = CARTESIAN_POINT('',(0.,0.,8.));
#325 = DIRECTION('',(0.,-0.,1.));
#326 = DIRECTION('',(0.992546151641,0.121869343405,0.));
#327 = PCURVE('',#32,#328);
#328 = DEFINITIONAL_REPRESENTATION('',(#329),#332);
#329 = B_SPLINE_CURVE_WITH_KNOTS('',1,(#330,#331),.UNSPECIFIED.,.F.,.F.,
  (2,2),(0.802851455917,2.094395102393),.PIECEWISE_BEZIER_KNOTS.);
#330 = CARTESIAN_POINT('',(-0.802851455917,-8.));
#331 = CARTESIAN_POINT('',(-2.094395102393,-8.));
#332 = ( GEOMETRIC_REPRESENTATION_CONTEXT(2) 
PARAMETRIC_REPRESENTATION_CONTEXT() REPRESENTATION_CONTEXT('2D SPACE',''
  ) );
#333 = PCURVE('',#124,#334);
#334 = DEFINITIONAL_REPRESENTATION('',(#335),#339);
#335 = CIRCLE('',#336,37.);
#336 = AXIS2_PLACEMENT_2D('',#337,#338);
#337 = CARTESIAN_POINT('',(2.365301850879E-15,-3.22020598281E-15));
#338 = DIRECTION('',(1.,0.));
#339 = ( GEOMETRIC_REPRESENTATION_CONTEXT(2) 
PARAMETRIC_REPRESENTATION_CONTEXT() REPRESENTATION_CONTEXT('2D SPACE',''
  ) );
#340 = FACE_BOUND('',#341,.F.);
#341 = EDGE_LOOP('',(#342));
#342 = ORIENTED_EDGE('',*,*,#343,.T.);
#343 = EDGE_CURVE('',#344,#344,#346,.T.);
#344 = VERTEX_POINT('',#345);
#345 = CARTESIAN_POINT('',(-2.,36.945906403822,4.));
#346 = SURFACE_CURVE('',#347,(#399,#454),.PCURVE_S1.);
#347 = B_SPLINE_CURVE_WITH_KNOTS('',8,(#348,#349,#350,#351,#352,#353,
    #354,#355,#356,#357,#358,#359,#360,#361,#362,#363,#364,#365,#366,
    #367,#368,#369,#370,#371,#372,#373,#374,#375,#376,#377,#378,#379,
    #380,#381,#382,#383,#384,#385,#386,#387,#388,#389,#390,#391,#392,
    #393,#394,#395,#396,#397,#398),.UNSPECIFIED.,.T.,.F.,(9,7,7,7,7,7,7,
    9),(0.,0.153622367232,0.285704078247,0.421676180632,0.589529241423,
    0.714916860162,0.837271964946,1.),.UNSPECIFIED.);
#348 = CARTESIAN_POINT('',(-2.,36.945906403822,4.));
#349 = CARTESIAN_POINT('',(-2.,36.945906403822,4.208664920475));
#350 = CARTESIAN_POINT('',(-1.975119131105,36.947253190751,4.41723060774
    ));
#351 = CARTESIAN_POINT('',(-1.925400650079,36.949944974849,
    4.623955227837));
#352 = CARTESIAN_POINT('',(-1.850309835188,36.953915233982,
    4.826957810588));
#353 = CARTESIAN_POINT('',(-1.748916072709,36.959028548703,
    5.023867546019));
#354 = CARTESIAN_POINT('',(-1.620010629216,36.965043587671,
    5.211587801683));
#355 = CARTESIAN_POINT('',(-1.462304156939,36.971568104932,
    5.385949248855));
#356 = CARTESIAN_POINT('',(-1.113676575209,36.983587327114,
    5.674359066813));
#357 = CARTESIAN_POINT('',(-0.925091108523,36.989285227735,
    5.797922612768));
#358 = CARTESIAN_POINT('',(-0.711843107739,36.994551232191,
    5.901346353871));
#359 = CARTESIAN_POINT('',(-0.479059132591,36.998695692852,
    5.976837988994));
#360 = CARTESIAN_POINT('',(-0.233753368076,37.001081664069,
    6.019208183083));
#361 = CARTESIAN_POINT('',(1.608935470031E-02,37.001419593973,
    6.025984665655));
#362 = CARTESIAN_POINT('',(0.262287730728,36.999817342852,5.997527699724
    ));
#363 = CARTESIAN_POINT('',(0.739396319819,36.993403137272,5.875027034889
    ));
#364 = CARTESIAN_POINT('',(0.961840147286,36.988602887739,5.781080972474
    ));
#365 = CARTESIAN_POINT('',(1.162103814359,36.982803118459,5.661689617851
    ));
#366 = CARTESIAN_POINT('',(1.338878071603,36.976583042698,5.522274479845
    ));
#367 = CARTESIAN_POINT('',(1.491685098608,36.970441553417,5.367579077783
    ));
#368 = CARTESIAN_POINT('',(1.620631533859,36.964759407828,5.201811107332
    ));
#369 = CARTESIAN_POINT('',(1.726294534853,36.959800765958,5.028706686816
    ));
#370 = CARTESIAN_POINT('',(1.912558735652,36.95067974798,4.632875111332)
  );
#371 = CARTESIAN_POINT('',(1.982565233064,36.946923423597,4.405710903277
    ));
#372 = CARTESIAN_POINT('',(2.02130818933,36.944736727412,4.173779694955)
  );
#373 = CARTESIAN_POINT('',(2.029627310238,36.94425307487,3.939751260198)
  );
#374 = CARTESIAN_POINT('',(2.007655677627,36.945508173478,3.706062171322
    ));
#375 = CARTESIAN_POINT('',(1.954905554214,36.948445229706,3.475323139399
    ));
#376 = CARTESIAN_POINT('',(1.870364348839,36.952883969695,3.250680905196
    ));
#377 = CARTESIAN_POINT('',(1.66465240177,36.962639068531,2.876492262593)
  );
#378 = CARTESIAN_POINT('',(1.557321247579,36.967489011307,2.720799716068
    ));
#379 = CARTESIAN_POINT('',(1.429911305869,36.972866787182,2.572341592781
    ));
#380 = CARTESIAN_POINT('',(1.282103620241,36.978534629649,2.434334305074
    ));
#381 = CARTESIAN_POINT('',(1.114001530292,36.98416767356,2.310295912718)
  );
#382 = CARTESIAN_POINT('',(0.926199375762,36.989361407915,2.204083192342
    ));
#383 = CARTESIAN_POINT('',(0.719935745704,36.993664763506,2.119976338931
    ));
#384 = CARTESIAN_POINT('',(0.280206344674,36.999576446594,2.007073018376
    ));
#385 = CARTESIAN_POINT('',(5.273106576636E-02,37.001176955619,
    1.978327197807));
#386 = CARTESIAN_POINT('',(-0.178867027812,37.001136549044,
    1.979689345897));
#387 = CARTESIAN_POINT('',(-0.40779460415,36.999330522745,2.01183552826)
  );
#388 = CARTESIAN_POINT('',(-0.627283231685,36.995955304326,
    2.073114411592));
#389 = CARTESIAN_POINT('',(-0.831272181858,36.991466976423,
    2.159633204197));
#390 = CARTESIAN_POINT('',(-1.015025062113,36.986423522796,
    2.265322919617));
#391 = CARTESIAN_POINT('',(-1.389090360879,36.974532651102,
    2.537097267421));
#392 = CARTESIAN_POINT('',(-1.568753720826,36.967410898691,
    2.716829850119));
#393 = CARTESIAN_POINT('',(-1.715379659866,36.960711932321,
    2.913327327641));
#394 = CARTESIAN_POINT('',(-1.830475821896,36.954962099315,
    3.121170884921));
#395 = CARTESIAN_POINT('',(-1.91555499493,36.9504781949,3.336403221907)
  );
#396 = CARTESIAN_POINT('',(-1.971824333399,36.947431463443,
    3.556075654405));
#397 = CARTESIAN_POINT('',(-2.,36.945906403822,3.777949146038));
#398 = CARTESIAN_POINT('',(-2.,36.945906403822,4.));
#399 = PCURVE('',#32,#400);
#400 = DEFINITIONAL_REPRESENTATION('',(#401),#453);
#401 = B_SPLINE_CURVE_WITH_KNOTS('',8,(#402,#403,#404,#405,#406,#407,
    #408,#409,#410,#411,#412,#413,#414,#415,#416,#417,#418,#419,#420,
    #421,#422,#423,#424,#425,#426,#427,#428,#429,#430,#431,#432,#433,
    #434,#435,#436,#437,#438,#439,#440,#441,#442,#443,#444,#445,#446,
    #447,#448,#449,#450,#451,#452),.UNSPECIFIED.,.F.,.F.,(9,7,7,7,7,7,7,
    9),(0.,0.153622367232,0.285704078247,0.421676180632,0.589529241423,
    0.714916860162,0.837271964946,1.),.UNSPECIFIED.);
#402 = CARTESIAN_POINT('',(-1.502703690769,-4.));
#403 = CARTESIAN_POINT('',(-1.502703690769,-4.208664920475));
#404 = CARTESIAN_POINT('',(-1.502030250423,-4.41723060774));
#405 = CARTESIAN_POINT('',(-1.500684539703,-4.623955227837));
#406 = CARTESIAN_POINT('',(-1.49865222541,-4.826957810588));
#407 = CARTESIAN_POINT('',(-1.495908388633,-5.023867546019));
#408 = CARTESIAN_POINT('',(-1.49242072622,-5.211587801683));
#409 = CARTESIAN_POINT('',(-1.488154844184,-5.385949248855));
#410 = CARTESIAN_POINT('',(-1.478726879144,-5.674359066813));
#411 = CARTESIAN_POINT('',(-1.47362769519,-5.797922612768));
#412 = CARTESIAN_POINT('',(-1.467862626543,-5.901346353872));
#413 = CARTESIAN_POINT('',(-1.461570488581,-5.976837988993));
#414 = CARTESIAN_POINT('',(-1.454940747568,-6.019208183083));
#415 = CARTESIAN_POINT('',(-1.448188581591,-6.025984665655));
#416 = CARTESIAN_POINT('',(-1.441534590839,-5.997527699724));
#417 = CARTESIAN_POINT('',(-1.428638598862,-5.875027034889));
#418 = CARTESIAN_POINT('',(-1.422625403303,-5.781080972474));
#419 = CARTESIAN_POINT('',(-1.417210824671,-5.661689617851));
#420 = CARTESIAN_POINT('',(-1.412430328406,-5.522274479845));
#421 = CARTESIAN_POINT('',(-1.408297137369,-5.367579077783));
#422 = CARTESIAN_POINT('',(-1.404808743188,-5.201811107332));
#423 = CARTESIAN_POINT('',(-1.401949848829,-5.028706686816));
#424 = CARTESIAN_POINT('',(-1.396909649183,-4.632875111332));
#425 = CARTESIAN_POINT('',(-1.395014880227,-4.405710903277));
#426 = CARTESIAN_POINT('',(-1.393966104968,-4.173779694955));
#427 = CARTESIAN_POINT('',(-1.393740879451,-3.939751260198));
#428 = CARTESIAN_POINT('',(-1.394335681802,-3.706062171322));
#429 = CARTESIAN_POINT('',(-1.395763568126,-3.475323139399));
#430 = CARTESIAN_POINT('',(-1.398051583746,-3.250680905196));
#431 = CARTESIAN_POINT('',(-1.403617613914,-2.876492262593));
#432 = CARTESIAN_POINT('',(-1.406521409021,-2.720799716068));
#433 = CARTESIAN_POINT('',(-1.409967959665,-2.572341592781));
#434 = CARTESIAN_POINT('',(-1.413965635632,-2.434334305074));
#435 = CARTESIAN_POINT('',(-1.418511360483,-2.310295912718));
#436 = CARTESIAN_POINT('',(-1.423588855668,-2.204083192342));
#437 = CARTESIAN_POINT('',(-1.429164607853,-2.119976338931));
#438 = CARTESIAN_POINT('',(-1.441050260213,-2.007073018376));
#439 = CARTESIAN_POINT('',(-1.44719826817,-1.978327197807));
#440 = CARTESIAN_POINT('',(-1.453457398302,-1.979689345896));
#441 = CARTESIAN_POINT('',(-1.459644470759,-2.01183552826));
#442 = CARTESIAN_POINT('',(-1.465577012581,-2.073114411592));
#443 = CARTESIAN_POINT('',(-1.471091428921,-2.159633204197));
#444 = CARTESIAN_POINT('',(-1.476059545147,-2.265322919617));
#445 = CARTESIAN_POINT('',(-1.486174524766,-2.537097267421));
#446 = CARTESIAN_POINT('',(-1.491033955063,-2.716829850119));
#447 = CARTESIAN_POINT('',(-1.495000864358,-2.913327327641));
#448 = CARTESIAN_POINT('',(-1.498115425174,-3.121170884921));
#449 = CARTESIAN_POINT('',(-1.500418051253,-3.336403221907));
#450 = CARTESIAN_POINT('',(-1.501941071463,-3.556075654405));
#451 = CARTESIAN_POINT('',(-1.502703690769,-3.777949146038));
#452 = CARTESIAN_POINT('',(-1.502703690769,-4.));
#453 = ( GEOMETRIC_REPRESENTATION_CONTEXT(2) 
PARAMETRIC_REPRESENTATION_CONTEXT() REPRESENTATION_CONTEXT('2D SPACE',''
  ) );
#454 = PCURVE('',#455,#460);
#455 = CYLINDRICAL_SURFACE('',#456,2.);
#456 = AXIS2_PLACEMENT_3D('',#457,#458,#459);
#457 = CARTESIAN_POINT('',(3.441691376338E-15,31.,4.));
#458 = DIRECTION('',(-1.110223024625E-16,-1.,-0.));
#459 = DIRECTION('',(-1.,1.110223024625E-16,0.));
#460 = DEFINITIONAL_REPRESENTATION('',(#461),#513);
#461 = B_SPLINE_CURVE_WITH_KNOTS('',8,(#462,#463,#464,#465,#466,#467,
    #468,#469,#470,#471,#472,#473,#474,#475,#476,#477,#478,#479,#480,
    #481,#482,#483,#484,#485,#486,#487,#488,#489,#490,#491,#492,#493,
    #494,#495,#496,#497,#498,#499,#500,#501,#502,#503,#504,#505,#506,
    #507,#508,#509,#510,#511,#512),.UNSPECIFIED.,.F.,.F.,(9,7,7,7,7,7,7,
    9),(0.,0.153622367232,0.285704078247,0.421676180632,0.589529241423,
    0.714916860162,0.837271964946,1.),.UNSPECIFIED.);
#462 = CARTESIAN_POINT('',(0.,-5.945906403822));
#463 = CARTESIAN_POINT('',(-0.104332460238,-5.945906403822));
#464 = CARTESIAN_POINT('',(-0.208614841901,-5.947253190751));
#465 = CARTESIAN_POINT('',(-0.31370943671,-5.949944974849));
#466 = CARTESIAN_POINT('',(-0.420393206272,-5.953915233982));
#467 = CARTESIAN_POINT('',(-0.529443249125,-5.959028548703));
#468 = CARTESIAN_POINT('',(-0.641672928752,-5.965043587671));
#469 = CARTESIAN_POINT('',(-0.758002233958,-5.971568104932));
#470 = CARTESIAN_POINT('',(-0.984232986641,-5.983587327114));
#471 = CARTESIAN_POINT('',(-1.096268156672,-5.989285227735));
#472 = CARTESIAN_POINT('',(-1.213127758998,-5.994551232191));
#473 = CARTESIAN_POINT('',(-1.333146800231,-5.998695692852));
#474 = CARTESIAN_POINT('',(-1.455118057299,-6.001081664069));
#475 = CARTESIAN_POINT('',(-1.577994497816,-6.001419593973));
#476 = CARTESIAN_POINT('',(-1.700765009633,-5.999817342852));
#477 = CARTESIAN_POINT('',(-1.947057020602,-5.993403137272));
#478 = CARTESIAN_POINT('',(-2.066467095213,-5.988602887739));
#479 = CARTESIAN_POINT('',(-2.181266943979,-5.982803118459));
#480 = CARTESIAN_POINT('',(-2.292031583034,-5.976583042698));
#481 = CARTESIAN_POINT('',(-2.399191391034,-5.970441553417));
#482 = CARTESIAN_POINT('',(-2.503070456498,-5.964759407828));
#483 = CARTESIAN_POINT('',(-2.603879094486,-5.959800765958));
#484 = CARTESIAN_POINT('',(-2.822612373076,-5.95067974798));
#485 = CARTESIAN_POINT('',(-2.940288500223,-5.946923423597));
#486 = CARTESIAN_POINT('',(-3.056152616478,-5.944736727413));
#487 = CARTESIAN_POINT('',(-3.171281217442,-5.94425307487));
#488 = CARTESIAN_POINT('',(-3.286658870334,-5.945508173478));
#489 = CARTESIAN_POINT('',(-3.403244836043,-5.948445229706));
#490 = CARTESIAN_POINT('',(-3.522036693814,-5.952883969695));
#491 = CARTESIAN_POINT('',(-3.735539940522,-5.962639068531));
#492 = CARTESIAN_POINT('',(-3.829610363924,-5.967489011307));
#493 = CARTESIAN_POINT('',(-3.926508711868,-5.972866787182));
#494 = CARTESIAN_POINT('',(-4.026353089711,-5.978534629649));
#495 = CARTESIAN_POINT('',(-4.129356814196,-5.98416767356));
#496 = CARTESIAN_POINT('',(-4.235823819273,-5.989361407915));
#497 = CARTESIAN_POINT('',(-4.346174183975,-5.993664763506));
#498 = CARTESIAN_POINT('',(-4.573170387645,-5.999576446594));
#499 = CARTESIAN_POINT('',(-4.686908678134,-6.001176955619));
#500 = CARTESIAN_POINT('',(-4.801049167238,-6.001136549044));
#501 = CARTESIAN_POINT('',(-4.914620586655,-5.999330522745));
#502 = CARTESIAN_POINT('',(-5.026665481173,-5.995955304326));
#503 = CARTESIAN_POINT('',(-5.136093215954,-5.991466976423));
#504 = CARTESIAN_POINT('',(-5.241484970916,-5.986423522796));
#505 = CARTESIAN_POINT('',(-5.472670039565,-5.974532651102));
#506 = CARTESIAN_POINT('',(-5.598168781506,-5.967410898691));
#507 = CARTESIAN_POINT('',(-5.718724980197,-5.960711932321));
#508 = CARTESIAN_POINT('',(-5.835444566372,-5.954962099315));
#509 = CARTESIAN_POINT('',(-5.949299449456,-5.9504781949));
#510 = CARTESIAN_POINT('',(-6.061223895437,-5.947431463443));
#511 = CARTESIAN_POINT('',(-6.172159880199,-5.945906403822));
#512 = CARTESIAN_POINT('',(-6.28318530718,-5.945906403822));
#513 = ( GEOMETRIC_REPRESENTATION_CONTEXT(2) 
PARAMETRIC_REPRESENTATION_CONTEXT() REPRESENTATION_CONTEXT('2D SPACE',''
  ) );
#514 = ADVANCED_FACE('',(#515),#43,.F.);
#515 = FACE_BOUND('',#516,.F.);
#516 = EDGE_LOOP('',(#517,#539,#540,#561));
#517 = ORIENTED_EDGE('',*,*,#518,.F.);
#518 = EDGE_CURVE('',#22,#519,#521,.T.);
#519 = VERTEX_POINT('',#520);
#520 = CARTESIAN_POINT('',(-20.16080327559,26.754289586584,30.));
#521 = SURFACE_CURVE('',#522,(#526,#532),.PCURVE_S1.);
#522 = LINE('',#523,#524);
#523 = CARTESIAN_POINT('',(-1.202199241825E-15,1.59537227842E-15,30.));
#524 = VECTOR('',#525,1.);
#525 = DIRECTION('',(0.601815023152,-0.798635510047,0.));
#526 = PCURVE('',#43,#527);
#527 = DEFINITIONAL_REPRESENTATION('',(#528),#531);
#528 = B_SPLINE_CURVE_WITH_KNOTS('',1,(#529,#530),.UNSPECIFIED.,.F.,.F.,
  (2,2),(-46.32901935178,1.997622517843E-15),.PIECEWISE_BEZIER_KNOTS.);
#529 = CARTESIAN_POINT('',(46.32901935178,-31.));
#530 = CARTESIAN_POINT('',(0.,-31.));
#531 = ( GEOMETRIC_REPRESENTATION_CONTEXT(2) 
PARAMETRIC_REPRESENTATION_CONTEXT() REPRESENTATION_CONTEXT('2D SPACE',''
  ) );
#532 = PCURVE('',#70,#533);
#533 = DEFINITIONAL_REPRESENTATION('',(#534),#538);
#534 = LINE('',#535,#536);
#535 = CARTESIAN_POINT('',(1.163102609054E-15,-1.62483370439E-15));
#536 = VECTOR('',#537,1.);
#537 = DIRECTION('',(0.601815023152,-0.798635510047));
#538 = ( GEOMETRIC_REPRESENTATION_CONTEXT(2) 
PARAMETRIC_REPRESENTATION_CONTEXT() REPRESENTATION_CONTEXT('2D SPACE',''
  ) );
#539 = ORIENTED_EDGE('',*,*,#21,.T.);
#540 = ORIENTED_EDGE('',*,*,#541,.T.);
#541 = EDGE_CURVE('',#24,#542,#544,.T.);
#542 = VERTEX_POINT('',#543);
#543 = CARTESIAN_POINT('',(-20.16080327559,26.754289586584,8.));
#544 = SURFACE_CURVE('',#545,(#549,#555),.PCURVE_S1.);
#545 = LINE('',#546,#547);
#546 = CARTESIAN_POINT('',(-1.195033453299E-15,1.585862955863E-15,8.));
#547 = VECTOR('',#548,1.);
#548 = DIRECTION('',(0.601815023152,-0.798635510047,0.));
#549 = PCURVE('',#43,#550);
#550 = DEFINITIONAL_REPRESENTATION('',(#551),#554);
#551 = B_SPLINE_CURVE_WITH_KNOTS('',1,(#552,#553),.UNSPECIFIED.,.F.,.F.,
  (2,2),(-37.,-33.5),.PIECEWISE_BEZIER_KNOTS.);
#552 = CARTESIAN_POINT('',(37.,-9.));
#553 = CARTESIAN_POINT('',(33.5,-9.));
#554 = ( GEOMETRIC_REPRESENTATION_CONTEXT(2) 
PARAMETRIC_REPRESENTATION_CONTEXT() REPRESENTATION_CONTEXT('2D SPACE',''
  ) );
#555 = PCURVE('',#124,#556);
#556 = DEFINITIONAL_REPRESENTATION('',(#557),#560);
#557 = B_SPLINE_CURVE_WITH_KNOTS('',1,(#558,#559),.UNSPECIFIED.,.F.,.F.,
  (2,2),(-37.,-33.5),.PIECEWISE_BEZIER_KNOTS.);
#558 = CARTESIAN_POINT('',(-18.5,32.042939940024));
#559 = CARTESIAN_POINT('',(-16.75,29.011851026779));
#560 = ( GEOMETRIC_REPRESENTATION_CONTEXT(2) 
PARAMETRIC_REPRESENTATION_CONTEXT() REPRESENTATION_CONTEXT('2D SPACE',''
  ) );
#561 = ORIENTED_EDGE('',*,*,#562,.F.);
#562 = EDGE_CURVE('',#519,#542,#563,.T.);
#563 = SURFACE_CURVE('',#564,(#568,#574),.PCURVE_S1.);
#564 = LINE('',#565,#566);
#565 = CARTESIAN_POINT('',(-20.16080327559,26.754289586584,0.));
#566 = VECTOR('',#567,1.);
#567 = DIRECTION('',(-0.,-0.,-1.));
#568 = PCURVE('',#43,#569);
#569 = DEFINITIONAL_REPRESENTATION('',(#570),#573);
#570 = B_SPLINE_CURVE_WITH_KNOTS('',1,(#571,#572),.UNSPECIFIED.,.F.,.F.,
  (2,2),(-30.0000006,6.E-07),.PIECEWISE_BEZIER_KNOTS.);
#571 = CARTESIAN_POINT('',(33.5,-31.0000006));
#572 = CARTESIAN_POINT('',(33.5,-0.9999994));
#573 = ( GEOMETRIC_REPRESENTATION_CONTEXT(2) 
PARAMETRIC_REPRESENTATION_CONTEXT() REPRESENTATION_CONTEXT('2D SPACE',''
  ) );
#574 = PCURVE('',#575,#580);
#575 = CYLINDRICAL_SURFACE('',#576,33.5);
#576 = AXIS2_PLACEMENT_3D('',#577,#578,#579);
#577 = CARTESIAN_POINT('',(1.75139182436E-13,1.53630861786E-15,0.));
#578 = DIRECTION('',(-0.,-0.,-1.));
#579 = DIRECTION('',(1.,0.,0.));
#580 = DEFINITIONAL_REPRESENTATION('',(#581),#584);
#581 = B_SPLINE_CURVE_WITH_KNOTS('',1,(#582,#583),.UNSPECIFIED.,.F.,.F.,
  (2,2),(-30.0000006,6.E-07),.PIECEWISE_BEZIER_KNOTS.);
#582 = CARTESIAN_POINT('',(-2.216568150033,-30.0000006));
#583 = CARTESIAN_POINT('',(-2.216568150033,6.E-07));
#584 = ( GEOMETRIC_REPRESENTATION_CONTEXT(2) 
PARAMETRIC_REPRESENTATION_CONTEXT() REPRESENTATION_CONTEXT('2D SPACE',''
  ) );
#585 = ADVANCED_FACE('',(#586,#1614),#124,.T.);
#586 = FACE_BOUND('',#587,.T.);
#587 = EDGE_LOOP('',(#588,#623,#642,#643,#644,#672,#705,#738,#757,#758,
    #779,#812,#838,#866,#892,#925,#951,#979,#1005,#1038,#1071,#1104,
    #1130,#1153,#1179,#1212,#1245,#1278,#1304,#1332,#1358,#1391,#1417,
    #1450,#1476,#1509,#1528,#1529,#1550,#1583));
#588 = ORIENTED_EDGE('',*,*,#589,.F.);
#589 = EDGE_CURVE('',#590,#592,#594,.T.);
#590 = VERTEX_POINT('',#591);
#591 = CARTESIAN_POINT('',(20.160803275594,26.754289586584,8.));
#592 = VERTEX_POINT('',#593);
#593 = CARTESIAN_POINT('',(21.631457654879,25.579875678454,8.));
#594 = SURFACE_CURVE('',#595,(#600,#611),.PCURVE_S1.);
#595 = CIRCLE('',#596,33.5);
#596 = AXIS2_PLACEMENT_3D('',#597,#598,#599);
#597 = CARTESIAN_POINT('',(1.75139182436E-13,1.53630861786E-15,8.));
#598 = DIRECTION('',(0.,0.,-1.));
#599 = DIRECTION('',(1.,0.,0.));
#600 = PCURVE('',#124,#601);
#601 = DEFINITIONAL_REPRESENTATION('',(#602),#610);
#602 = ( BOUNDED_CURVE() B_SPLINE_CURVE(2,(#603,#604,#605,#606,#607,#608
,#609),.UNSPECIFIED.,.T.,.F.) B_SPLINE_CURVE_WITH_KNOTS((1,2,2,2,2,1),(
    -2.094395102393,0.,2.094395102393,4.188790204786,6.28318530718,
8.377580409573),.UNSPECIFIED.) CURVE() GEOMETRIC_REPRESENTATION_ITEM() 
RATIONAL_B_SPLINE_CURVE((1.,0.5,1.,0.5,1.,0.5,1.)) REPRESENTATION_ITEM(
  '') );
#603 = CARTESIAN_POINT('',(33.250296079984,-4.082623004072));
#604 = CARTESIAN_POINT('',(26.178985608782,-61.67382518131));
#605 = CARTESIAN_POINT('',(-20.16080327559,-26.75428958658));
#606 = CARTESIAN_POINT('',(-66.50059215996,8.165246008145));
#607 = CARTESIAN_POINT('',(-13.08949280439,30.836912590657));
#608 = CARTESIAN_POINT('',(40.321606551187,53.508579173169));
#609 = CARTESIAN_POINT('',(33.250296079984,-4.082623004072));
#610 = ( GEOMETRIC_REPRESENTATION_CONTEXT(2) 
PARAMETRIC_REPRESENTATION_CONTEXT() REPRESENTATION_CONTEXT('2D SPACE',''
  ) );
#611 = PCURVE('',#612,#617);
#612 = CYLINDRICAL_SURFACE('',#613,33.5);
#613 = AXIS2_PLACEMENT_3D('',#614,#615,#616);
#614 = CARTESIAN_POINT('',(1.75139182436E-13,1.53630861786E-15,0.));
#615 = DIRECTION('',(-0.,-0.,-1.));
#616 = DIRECTION('',(1.,0.,0.));
#617 = DEFINITIONAL_REPRESENTATION('',(#618),#622);
#618 = LINE('',#619,#620);
#619 = CARTESIAN_POINT('',(-6.28318530718,-8.));
#620 = VECTOR('',#621,1.);
#621 = DIRECTION('',(1.,-0.));
#622 = ( GEOMETRIC_REPRESENTATION_CONTEXT(2) 
PARAMETRIC_REPRESENTATION_CONTEXT() REPRESENTATION_CONTEXT('2D SPACE',''
  ) );
#623 = ORIENTED_EDGE('',*,*,#624,.T.);
#624 = EDGE_CURVE('',#590,#295,#625,.T.);
#625 = SURFACE_CURVE('',#626,(#630,#636),.PCURVE_S1.);
#626 = LINE('',#627,#628);
#627 = CARTESIAN_POINT('',(33.400733784939,44.324270807625,8.));
#628 = VECTOR('',#629,1.);
#629 = DIRECTION('',(0.601815023152,0.798635510047,-0.));
#630 = PCURVE('',#124,#631);
#631 = DEFINITIONAL_REPRESENTATION('',(#632),#635);
#632 = B_SPLINE_CURVE_WITH_KNOTS('',1,(#633,#634),.UNSPECIFIED.,.F.,.F.,
  (2,2),(-22.,-18.5),.PIECEWISE_BEZIER_KNOTS.);
#633 = CARTESIAN_POINT('',(23.271055410376,24.097883311345));
#634 = CARTESIAN_POINT('',(25.702359706983,26.61557261253));
#635 = ( GEOMETRIC_REPRESENTATION_CONTEXT(2) 
PARAMETRIC_REPRESENTATION_CONTEXT() REPRESENTATION_CONTEXT('2D SPACE',''
  ) );
#636 = PCURVE('',#309,#637);
#637 = DEFINITIONAL_REPRESENTATION('',(#638),#641);
#638 = B_SPLINE_CURVE_WITH_KNOTS('',1,(#639,#640),.UNSPECIFIED.,.F.,.F.,
  (2,2),(-22.,-18.5),.PIECEWISE_BEZIER_KNOTS.);
#639 = CARTESIAN_POINT('',(77.5,-9.));
#640 = CARTESIAN_POINT('',(74.,-9.));
#641 = ( GEOMETRIC_REPRESENTATION_CONTEXT(2) 
PARAMETRIC_REPRESENTATION_CONTEXT() REPRESENTATION_CONTEXT('2D SPACE',''
  ) );
#642 = ORIENTED_EDGE('',*,*,#320,.T.);
#643 = ORIENTED_EDGE('',*,*,#541,.T.);
#644 = ORIENTED_EDGE('',*,*,#645,.F.);
#645 = EDGE_CURVE('',#646,#542,#648,.T.);
#646 = VERTEX_POINT('',#647);
#647 = CARTESIAN_POINT('',(-21.63145765487,25.579875678454,8.));
#648 = SURFACE_CURVE('',#649,(#654,#665),.PCURVE_S1.);
#649 = CIRCLE('',#650,33.5);
#650 = AXIS2_PLACEMENT_3D('',#651,#652,#653);
#651 = CARTESIAN_POINT('',(1.75139182436E-13,1.53630861786E-15,8.));
#652 = DIRECTION('',(0.,0.,-1.));
#653 = DIRECTION('',(1.,0.,0.));
#654 = PCURVE('',#124,#655);
#655 = DEFINITIONAL_REPRESENTATION('',(#656),#664);
#656 = ( BOUNDED_CURVE() B_SPLINE_CURVE(2,(#657,#658,#659,#660,#661,#662
,#663),.UNSPECIFIED.,.T.,.F.) B_SPLINE_CURVE_WITH_KNOTS((1,2,2,2,2,1),(
    -2.094395102393,0.,2.094395102393,4.188790204786,6.28318530718,
8.377580409573),.UNSPECIFIED.) CURVE() GEOMETRIC_REPRESENTATION_ITEM() 
RATIONAL_B_SPLINE_CURVE((1.,0.5,1.,0.5,1.,0.5,1.)) REPRESENTATION_ITEM(
  '') );
#657 = CARTESIAN_POINT('',(33.250296079984,-4.082623004072));
#658 = CARTESIAN_POINT('',(26.178985608782,-61.67382518131));
#659 = CARTESIAN_POINT('',(-20.16080327559,-26.75428958658));
#660 = CARTESIAN_POINT('',(-66.50059215996,8.165246008145));
#661 = CARTESIAN_POINT('',(-13.08949280439,30.836912590657));
#662 = CARTESIAN_POINT('',(40.321606551187,53.508579173169));
#663 = CARTESIAN_POINT('',(33.250296079984,-4.082623004072));
#664 = ( GEOMETRIC_REPRESENTATION_CONTEXT(2) 
PARAMETRIC_REPRESENTATION_CONTEXT() REPRESENTATION_CONTEXT('2D SPACE',''
  ) );
#665 = PCURVE('',#575,#666);
#666 = DEFINITIONAL_REPRESENTATION('',(#667),#671);
#667 = LINE('',#668,#669);
#668 = CARTESIAN_POINT('',(-6.28318530718,-8.));
#669 = VECTOR('',#670,1.);
#670 = DIRECTION('',(1.,-0.));
#671 = ( GEOMETRIC_REPRESENTATION_CONTEXT(2) 
PARAMETRIC_REPRESENTATION_CONTEXT() REPRESENTATION_CONTEXT('2D SPACE',''
  ) );
#672 = ORIENTED_EDGE('',*,*,#673,.T.);
#673 = EDGE_CURVE('',#646,#674,#676,.T.);
#674 = VERTEX_POINT('',#675);
#675 = CARTESIAN_POINT('',(-25.57987567845,21.631457654879,8.));
#676 = SURFACE_CURVE('',#677,(#682,#693),.PCURVE_S1.);
#677 = CIRCLE('',#678,3.2);
#678 = AXIS2_PLACEMENT_3D('',#679,#680,#681);
#679 = CARTESIAN_POINT('',(-22.5,22.5,8.));
#680 = DIRECTION('',(0.,0.,-1.));
#681 = DIRECTION('',(0.27141948285,0.962461149517,0.));
#682 = PCURVE('',#124,#683);
#683 = DEFINITIONAL_REPRESENTATION('',(#684),#692);
#684 = ( BOUNDED_CURVE() B_SPLINE_CURVE(2,(#685,#686,#687,#688,#689,#690
,#691),.UNSPECIFIED.,.T.,.F.) B_SPLINE_CURVE_WITH_KNOTS((1,2,2,2,2,1),(
    -2.094395102393,0.,2.094395102393,4.188790204786,6.28318530718,
8.377580409573),.UNSPECIFIED.) CURVE() GEOMETRIC_REPRESENTATION_ITEM() 
RATIONAL_B_SPLINE_CURVE((1.,0.5,1.,0.5,1.,0.5,1.)) REPRESENTATION_ITEM(
  '') );
#685 = CARTESIAN_POINT('',(-18.35281739642,28.025418705409));
#686 = CARTESIAN_POINT('',(-13.24141410392,25.882160349218));
#687 = CARTESIAN_POINT('',(-17.6532319335,22.527184427018));
#688 = CARTESIAN_POINT('',(-22.06504976309,19.172208504818));
#689 = CARTESIAN_POINT('',(-22.76463522601,24.670442783209));
#690 = CARTESIAN_POINT('',(-23.46422068892,30.1686770616));
#691 = CARTESIAN_POINT('',(-18.35281739642,28.025418705409));
#692 = ( GEOMETRIC_REPRESENTATION_CONTEXT(2) 
PARAMETRIC_REPRESENTATION_CONTEXT() REPRESENTATION_CONTEXT('2D SPACE',''
  ) );
#693 = PCURVE('',#694,#699);
#694 = CYLINDRICAL_SURFACE('',#695,3.2);
#695 = AXIS2_PLACEMENT_3D('',#696,#697,#698);
#696 = CARTESIAN_POINT('',(-22.5,22.5,7.));
#697 = DIRECTION('',(-0.,-0.,-1.));
#698 = DIRECTION('',(1.,0.,0.));
#699 = DEFINITIONAL_REPRESENTATION('',(#700),#704);
#700 = LINE('',#701,#702);
#701 = CARTESIAN_POINT('',(-7.579114061643,-1.));
#702 = VECTOR('',#703,1.);
#703 = DIRECTION('',(1.,-0.));
#704 = ( GEOMETRIC_REPRESENTATION_CONTEXT(2) 
PARAMETRIC_REPRESENTATION_CONTEXT() REPRESENTATION_CONTEXT('2D SPACE',''
  ) );
#705 = ORIENTED_EDGE('',*,*,#706,.F.);
#706 = EDGE_CURVE('',#707,#674,#709,.T.);
#707 = VERTEX_POINT('',#708);
#708 = CARTESIAN_POINT('',(-26.75428958658,20.160803275594,8.));
#709 = SURFACE_CURVE('',#710,(#715,#726),.PCURVE_S1.);
#710 = CIRCLE('',#711,33.5);
#711 = AXIS2_PLACEMENT_3D('',#712,#713,#714);
#712 = CARTESIAN_POINT('',(1.75139182436E-13,1.53630861786E-15,8.));
#713 = DIRECTION('',(0.,0.,-1.));
#714 = DIRECTION('',(1.,0.,0.));
#715 = PCURVE('',#124,#716);
#716 = DEFINITIONAL_REPRESENTATION('',(#717),#725);
#717 = ( BOUNDED_CURVE() B_SPLINE_CURVE(2,(#718,#719,#720,#721,#722,#723
,#724),.UNSPECIFIED.,.T.,.F.) B_SPLINE_CURVE_WITH_KNOTS((1,2,2,2,2,1),(
    -2.094395102393,0.,2.094395102393,4.188790204786,6.28318530718,
8.377580409573),.UNSPECIFIED.) CURVE() GEOMETRIC_REPRESENTATION_ITEM() 
RATIONAL_B_SPLINE_CURVE((1.,0.5,1.,0.5,1.,0.5,1.)) REPRESENTATION_ITEM(
  '') );
#718 = CARTESIAN_POINT('',(33.250296079984,-4.082623004072));
#719 = CARTESIAN_POINT('',(26.178985608782,-61.67382518131));
#720 = CARTESIAN_POINT('',(-20.16080327559,-26.75428958658));
#721 = CARTESIAN_POINT('',(-66.50059215996,8.165246008145));
#722 = CARTESIAN_POINT('',(-13.08949280439,30.836912590657));
#723 = CARTESIAN_POINT('',(40.321606551187,53.508579173169));
#724 = CARTESIAN_POINT('',(33.250296079984,-4.082623004072));
#725 = ( GEOMETRIC_REPRESENTATION_CONTEXT(2) 
PARAMETRIC_REPRESENTATION_CONTEXT() REPRESENTATION_CONTEXT('2D SPACE',''
  ) );
#726 = PCURVE('',#727,#732);
#727 = CYLINDRICAL_SURFACE('',#728,33.5);
#728 = AXIS2_PLACEMENT_3D('',#729,#730,#731);
#729 = CARTESIAN_POINT('',(1.75139182436E-13,1.53630861786E-15,0.));
#730 = DIRECTION('',(-0.,-0.,-1.));
#731 = DIRECTION('',(1.,0.,0.));
#732 = DEFINITIONAL_REPRESENTATION('',(#733),#737);
#733 = LINE('',#734,#735);
#734 = CARTESIAN_POINT('',(-6.28318530718,-8.));
#735 = VECTOR('',#736,1.);
#736 = DIRECTION('',(1.,-0.));
#737 = ( GEOMETRIC_REPRESENTATION_CONTEXT(2) 
PARAMETRIC_REPRESENTATION_CONTEXT() REPRESENTATION_CONTEXT('2D SPACE',''
  ) );
#738 = ORIENTED_EDGE('',*,*,#739,.T.);
#739 = EDGE_CURVE('',#707,#83,#740,.T.);
#740 = SURFACE_CURVE('',#741,(#745,#751),.PCURVE_S1.);
#741 = LINE('',#742,#743);
#742 = CARTESIAN_POINT('',(-44.32427080762,33.400733784939,8.));
#743 = VECTOR('',#744,1.);
#744 = DIRECTION('',(-0.798635510047,0.601815023152,0.));
#745 = PCURVE('',#124,#746);
#746 = DEFINITIONAL_REPRESENTATION('',(#747),#750);
#747 = B_SPLINE_CURVE_WITH_KNOTS('',1,(#748,#749),.UNSPECIFIED.,.F.,.F.,
  (2,2),(-22.,-18.5),.PIECEWISE_BEZIER_KNOTS.);
#748 = CARTESIAN_POINT('',(-24.09788331134,23.271055410376));
#749 = CARTESIAN_POINT('',(-26.61557261253,25.702359706983));
#750 = ( GEOMETRIC_REPRESENTATION_CONTEXT(2) 
PARAMETRIC_REPRESENTATION_CONTEXT() REPRESENTATION_CONTEXT('2D SPACE',''
  ) );
#751 = PCURVE('',#97,#752);
#752 = DEFINITIONAL_REPRESENTATION('',(#753),#756);
#753 = B_SPLINE_CURVE_WITH_KNOTS('',1,(#754,#755),.UNSPECIFIED.,.F.,.F.,
  (2,2),(-22.,-18.5),.PIECEWISE_BEZIER_KNOTS.);
#754 = CARTESIAN_POINT('',(77.5,-9.));
#755 = CARTESIAN_POINT('',(74.,-9.));
#756 = ( GEOMETRIC_REPRESENTATION_CONTEXT(2) 
PARAMETRIC_REPRESENTATION_CONTEXT() REPRESENTATION_CONTEXT('2D SPACE',''
  ) );
#757 = ORIENTED_EDGE('',*,*,#108,.T.);
#758 = ORIENTED_EDGE('',*,*,#759,.T.);
#759 = EDGE_CURVE('',#109,#760,#762,.T.);
#760 = VERTEX_POINT('',#761);
#761 = CARTESIAN_POINT('',(-27.7108053415,16.981203353268,8.));
#762 = SURFACE_CURVE('',#763,(#767,#773),.PCURVE_S1.);
#763 = LINE('',#764,#765);
#764 = CARTESIAN_POINT('',(-1.643775078954E-15,1.007306663908E-15,8.));
#765 = VECTOR('',#766,1.);
#766 = DIRECTION('',(0.852640164354,-0.522498564716,0.));
#767 = PCURVE('',#124,#768);
#768 = DEFINITIONAL_REPRESENTATION('',(#769),#772);
#769 = B_SPLINE_CURVE_WITH_KNOTS('',1,(#770,#771),.UNSPECIFIED.,.F.,.F.,
  (2,2),(-38.,-32.5),.PIECEWISE_BEZIER_KNOTS.);
#770 = CARTESIAN_POINT('',(-29.73910996039,23.65555619223));
#771 = CARTESIAN_POINT('',(-25.4347650977,20.231725690723));
#772 = ( GEOMETRIC_REPRESENTATION_CONTEXT(2) 
PARAMETRIC_REPRESENTATION_CONTEXT() REPRESENTATION_CONTEXT('2D SPACE',''
  ) );
#773 = PCURVE('',#151,#774);
#774 = DEFINITIONAL_REPRESENTATION('',(#775),#778);
#775 = B_SPLINE_CURVE_WITH_KNOTS('',1,(#776,#777),.UNSPECIFIED.,.F.,.F.,
  (2,2),(-38.,-32.5),.PIECEWISE_BEZIER_KNOTS.);
#776 = CARTESIAN_POINT('',(38.,-10.));
#777 = CARTESIAN_POINT('',(32.5,-10.));
#778 = ( GEOMETRIC_REPRESENTATION_CONTEXT(2) 
PARAMETRIC_REPRESENTATION_CONTEXT() REPRESENTATION_CONTEXT('2D SPACE',''
  ) );
#779 = ORIENTED_EDGE('',*,*,#780,.F.);
#780 = EDGE_CURVE('',#781,#760,#783,.T.);
#781 = VERTEX_POINT('',#782);
#782 = CARTESIAN_POINT('',(-31.60202241292,7.586974325317,8.));
#783 = SURFACE_CURVE('',#784,(#789,#800),.PCURVE_S1.);
#784 = CIRCLE('',#785,32.5);
#785 = AXIS2_PLACEMENT_3D('',#786,#787,#788);
#786 = CARTESIAN_POINT('',(1.817493524102E-13,1.495879443705E-15,8.));
#787 = DIRECTION('',(0.,0.,-1.));
#788 = DIRECTION('',(1.,0.,0.));
#789 = PCURVE('',#124,#790);
#790 = DEFINITIONAL_REPRESENTATION('',(#791),#799);
#791 = ( BOUNDED_CURVE() B_SPLINE_CURVE(2,(#792,#793,#794,#795,#796,#797
,#798),.UNSPECIFIED.,.T.,.F.) B_SPLINE_CURVE_WITH_KNOTS((1,2,2,2,2,1),(
    -2.094395102393,0.,2.094395102393,4.188790204786,6.28318530718,
8.377580409573),.UNSPECIFIED.) CURVE() GEOMETRIC_REPRESENTATION_ITEM() 
RATIONAL_B_SPLINE_CURVE((1.,0.5,1.,0.5,1.,0.5,1.)) REPRESENTATION_ITEM(
  '') );
#792 = CARTESIAN_POINT('',(32.257749928343,-3.960753660667));
#793 = CARTESIAN_POINT('',(25.397523351803,-59.8328154744));
#794 = CARTESIAN_POINT('',(-19.55898825244,-25.95565407653));
#795 = CARTESIAN_POINT('',(-64.51549985668,7.921507321335));
#796 = CARTESIAN_POINT('',(-12.6987616759,29.916407737204));
#797 = CARTESIAN_POINT('',(39.117976504883,51.911308153074));
#798 = CARTESIAN_POINT('',(32.257749928343,-3.960753660667));
#799 = ( GEOMETRIC_REPRESENTATION_CONTEXT(2) 
PARAMETRIC_REPRESENTATION_CONTEXT() REPRESENTATION_CONTEXT('2D SPACE',''
  ) );
#800 = PCURVE('',#801,#806);
#801 = CYLINDRICAL_SURFACE('',#802,32.5);
#802 = AXIS2_PLACEMENT_3D('',#803,#804,#805);
#803 = CARTESIAN_POINT('',(1.817493524102E-13,1.495879443705E-15,-1.));
#804 = DIRECTION('',(-0.,-0.,-1.));
#805 = DIRECTION('',(1.,0.,0.));
#806 = DEFINITIONAL_REPRESENTATION('',(#807),#811);
#807 = LINE('',#808,#809);
#808 = CARTESIAN_POINT('',(-6.28318530718,-9.));
#809 = VECTOR('',#810,1.);
#810 = DIRECTION('',(1.,-0.));
#811 = ( GEOMETRIC_REPRESENTATION_CONTEXT(2) 
PARAMETRIC_REPRESENTATION_CONTEXT() REPRESENTATION_CONTEXT('2D SPACE',''
  ) );
#812 = ORIENTED_EDGE('',*,*,#813,.T.);
#813 = EDGE_CURVE('',#781,#814,#816,.T.);
#814 = VERTEX_POINT('',#815);
#815 = CARTESIAN_POINT('',(-35.97768705471,8.637478462669,8.));
#816 = SURFACE_CURVE('',#817,(#821,#827),.PCURVE_S1.);
#817 = LINE('',#818,#819);
#818 = CARTESIAN_POINT('',(-55.42508546266,13.306385739787,8.));
#819 = VECTOR('',#820,1.);
#820 = DIRECTION('',(-0.972369920398,0.233445363856,0.));
#821 = PCURVE('',#124,#822);
#822 = DEFINITIONAL_REPRESENTATION('',(#823),#826);
#823 = B_SPLINE_CURVE_WITH_KNOTS('',1,(#824,#825),.UNSPECIFIED.,.F.,.F.,
  (2,2),(-24.5,-19.),.PIECEWISE_BEZIER_KNOTS.);
#824 = CARTESIAN_POINT('',(-30.44184615057,11.381739890933));
#825 = CARTESIAN_POINT('',(-35.59354319143,13.30788048786));
#826 = ( GEOMETRIC_REPRESENTATION_CONTEXT(2) 
PARAMETRIC_REPRESENTATION_CONTEXT() REPRESENTATION_CONTEXT('2D SPACE',''
  ) );
#827 = PCURVE('',#828,#833);
#828 = PLANE('',#829);
#829 = AXIS2_PLACEMENT_3D('',#830,#831,#832);
#830 = CARTESIAN_POINT('',(-110.8501709253,26.612771479573,-2.));
#831 = DIRECTION('',(0.233445363856,0.972369920398,-0.));
#832 = DIRECTION('',(0.972369920398,-0.233445363856,0.));
#833 = DEFINITIONAL_REPRESENTATION('',(#834),#837);
#834 = B_SPLINE_CURVE_WITH_KNOTS('',1,(#835,#836),.UNSPECIFIED.,.F.,.F.,
  (2,2),(-24.5,-19.),.PIECEWISE_BEZIER_KNOTS.);
#835 = CARTESIAN_POINT('',(81.5,-10.));
#836 = CARTESIAN_POINT('',(76.,-10.));
#837 = ( GEOMETRIC_REPRESENTATION_CONTEXT(2) 
PARAMETRIC_REPRESENTATION_CONTEXT() REPRESENTATION_CONTEXT('2D SPACE',''
  ) );
#838 = ORIENTED_EDGE('',*,*,#839,.T.);
#839 = EDGE_CURVE('',#814,#840,#842,.T.);
#840 = VERTEX_POINT('',#841);
#841 = CARTESIAN_POINT('',(-35.97768705471,-8.637478462668,8.));
#842 = SURFACE_CURVE('',#843,(#848,#855),.PCURVE_S1.);
#843 = CIRCLE('',#844,37.);
#844 = AXIS2_PLACEMENT_3D('',#845,#846,#847);
#845 = CARTESIAN_POINT('',(0.,0.,8.));
#846 = DIRECTION('',(0.,-0.,1.));
#847 = DIRECTION('',(0.992546151641,0.121869343405,0.));
#848 = PCURVE('',#124,#849);
#849 = DEFINITIONAL_REPRESENTATION('',(#850),#854);
#850 = CIRCLE('',#851,37.);
#851 = AXIS2_PLACEMENT_2D('',#852,#853);
#852 = CARTESIAN_POINT('',(2.365301850879E-15,-3.22020598281E-15));
#853 = DIRECTION('',(1.,0.));
#854 = ( GEOMETRIC_REPRESENTATION_CONTEXT(2) 
PARAMETRIC_REPRESENTATION_CONTEXT() REPRESENTATION_CONTEXT('2D SPACE',''
  ) );
#855 = PCURVE('',#856,#861);
#856 = CYLINDRICAL_SURFACE('',#857,37.);
#857 = AXIS2_PLACEMENT_3D('',#858,#859,#860);
#858 = CARTESIAN_POINT('',(0.,0.,0.));
#859 = DIRECTION('',(0.,-0.,-1.));
#860 = DIRECTION('',(0.992546151641,0.121869343405,0.));
#861 = DEFINITIONAL_REPRESENTATION('',(#862),#865);
#862 = B_SPLINE_CURVE_WITH_KNOTS('',1,(#863,#864),.UNSPECIFIED.,.F.,.F.,
  (2,2),(2.373647782712,3.665191429188),.PIECEWISE_BEZIER_KNOTS.);
#863 = CARTESIAN_POINT('',(-2.373647782712,-8.));
#864 = CARTESIAN_POINT('',(-3.665191429188,-8.));
#865 = ( GEOMETRIC_REPRESENTATION_CONTEXT(2) 
PARAMETRIC_REPRESENTATION_CONTEXT() REPRESENTATION_CONTEXT('2D SPACE',''
  ) );
#866 = ORIENTED_EDGE('',*,*,#867,.T.);
#867 = EDGE_CURVE('',#840,#868,#870,.T.);
#868 = VERTEX_POINT('',#869);
#869 = CARTESIAN_POINT('',(-31.60202241292,-7.586974325317,8.));
#870 = SURFACE_CURVE('',#871,(#875,#881),.PCURVE_S1.);
#871 = LINE('',#872,#873);
#872 = CARTESIAN_POINT('',(-9.653492554345E-16,-2.317598513236E-16,8.));
#873 = VECTOR('',#874,1.);
#874 = DIRECTION('',(0.972369920398,0.233445363856,-0.));
#875 = PCURVE('',#124,#876);
#876 = DEFINITIONAL_REPRESENTATION('',(#877),#880);
#877 = B_SPLINE_CURVE_WITH_KNOTS('',1,(#878,#879),.UNSPECIFIED.,.F.,.F.,
  (2,2),(-37.23938010986,-32.5),.PIECEWISE_BEZIER_KNOTS.);
#878 = CARTESIAN_POINT('',(-37.,-4.215617507161));
#879 = CARTESIAN_POINT('',(-32.29108530948,-3.679104447457));
#880 = ( GEOMETRIC_REPRESENTATION_CONTEXT(2) 
PARAMETRIC_REPRESENTATION_CONTEXT() REPRESENTATION_CONTEXT('2D SPACE',''
  ) );
#881 = PCURVE('',#882,#887);
#882 = PLANE('',#883);
#883 = AXIS2_PLACEMENT_3D('',#884,#885,#886);
#884 = CARTESIAN_POINT('',(0.,0.,-2.));
#885 = DIRECTION('',(0.233445363856,-0.972369920398,0.));
#886 = DIRECTION('',(-0.972369920398,-0.233445363856,0.));
#887 = DEFINITIONAL_REPRESENTATION('',(#888),#891);
#888 = B_SPLINE_CURVE_WITH_KNOTS('',1,(#889,#890),.UNSPECIFIED.,.F.,.F.,
  (2,2),(-37.23938010986,-32.5),.PIECEWISE_BEZIER_KNOTS.);
#889 = CARTESIAN_POINT('',(37.239380109861,-10.));
#890 = CARTESIAN_POINT('',(32.5,-10.));
#891 = ( GEOMETRIC_REPRESENTATION_CONTEXT(2) 
PARAMETRIC_REPRESENTATION_CONTEXT() REPRESENTATION_CONTEXT('2D SPACE',''
  ) );
#892 = ORIENTED_EDGE('',*,*,#893,.F.);
#893 = EDGE_CURVE('',#894,#868,#896,.T.);
#894 = VERTEX_POINT('',#895);
#895 = CARTESIAN_POINT('',(-27.7108053415,-16.98120335326,8.));
#896 = SURFACE_CURVE('',#897,(#902,#913),.PCURVE_S1.);
#897 = CIRCLE('',#898,32.5);
#898 = AXIS2_PLACEMENT_3D('',#899,#900,#901);
#899 = CARTESIAN_POINT('',(1.817493524102E-13,1.495879443705E-15,8.));
#900 = DIRECTION('',(0.,0.,-1.));
#901 = DIRECTION('',(1.,0.,0.));
#902 = PCURVE('',#124,#903);
#903 = DEFINITIONAL_REPRESENTATION('',(#904),#912);
#904 = ( BOUNDED_CURVE() B_SPLINE_CURVE(2,(#905,#906,#907,#908,#909,#910
,#911),.UNSPECIFIED.,.T.,.F.) B_SPLINE_CURVE_WITH_KNOTS((1,2,2,2,2,1),(
    -2.094395102393,0.,2.094395102393,4.188790204786,6.28318530718,
8.377580409573),.UNSPECIFIED.) CURVE() GEOMETRIC_REPRESENTATION_ITEM() 
RATIONAL_B_SPLINE_CURVE((1.,0.5,1.,0.5,1.,0.5,1.)) REPRESENTATION_ITEM(
  '') );
#905 = CARTESIAN_POINT('',(32.257749928343,-3.960753660667));
#906 = CARTESIAN_POINT('',(25.397523351803,-59.8328154744));
#907 = CARTESIAN_POINT('',(-19.55898825244,-25.95565407653));
#908 = CARTESIAN_POINT('',(-64.51549985668,7.921507321335));
#909 = CARTESIAN_POINT('',(-12.6987616759,29.916407737204));
#910 = CARTESIAN_POINT('',(39.117976504883,51.911308153074));
#911 = CARTESIAN_POINT('',(32.257749928343,-3.960753660667));
#912 = ( GEOMETRIC_REPRESENTATION_CONTEXT(2) 
PARAMETRIC_REPRESENTATION_CONTEXT() REPRESENTATION_CONTEXT('2D SPACE',''
  ) );
#913 = PCURVE('',#914,#919);
#914 = CYLINDRICAL_SURFACE('',#915,32.5);
#915 = AXIS2_PLACEMENT_3D('',#916,#917,#918);
#916 = CARTESIAN_POINT('',(1.817493524102E-13,1.495879443705E-15,-1.));
#917 = DIRECTION('',(-0.,-0.,-1.));
#918 = DIRECTION('',(1.,0.,0.));
#919 = DEFINITIONAL_REPRESENTATION('',(#920),#924);
#920 = LINE('',#921,#922);
#921 = CARTESIAN_POINT('',(-6.28318530718,-9.));
#922 = VECTOR('',#923,1.);
#923 = DIRECTION('',(1.,-0.));
#924 = ( GEOMETRIC_REPRESENTATION_CONTEXT(2) 
PARAMETRIC_REPRESENTATION_CONTEXT() REPRESENTATION_CONTEXT('2D SPACE',''
  ) );
#925 = ORIENTED_EDGE('',*,*,#926,.T.);
#926 = EDGE_CURVE('',#894,#927,#929,.T.);
#927 = VERTEX_POINT('',#928);
#928 = CARTESIAN_POINT('',(-31.5476860811,-19.33244689449,8.));
#929 = SURFACE_CURVE('',#930,(#934,#940),.PCURVE_S1.);
#930 = LINE('',#931,#932);
#931 = CARTESIAN_POINT('',(-48.60048936818,-29.7824181888,8.));
#932 = VECTOR('',#933,1.);
#933 = DIRECTION('',(-0.852640164354,-0.522498564716,0.));
#934 = PCURVE('',#124,#935);
#935 = DEFINITIONAL_REPRESENTATION('',(#936),#939);
#936 = B_SPLINE_CURVE_WITH_KNOTS('',1,(#937,#938),.UNSPECIFIED.,.F.,.F.,
  (2,2),(-24.5,-19.),.PIECEWISE_BEZIER_KNOTS.);
#937 = CARTESIAN_POINT('',(-29.57374130348,-13.47753038632));
#938 = CARTESIAN_POINT('',(-34.5785282933,-15.75834322093));
#939 = ( GEOMETRIC_REPRESENTATION_CONTEXT(2) 
PARAMETRIC_REPRESENTATION_CONTEXT() REPRESENTATION_CONTEXT('2D SPACE',''
  ) );
#940 = PCURVE('',#941,#946);
#941 = PLANE('',#942);
#942 = AXIS2_PLACEMENT_3D('',#943,#944,#945);
#943 = CARTESIAN_POINT('',(-97.20097873636,-59.56483637761,-2.));
#944 = DIRECTION('',(-0.522498564716,0.852640164354,0.));
#945 = DIRECTION('',(0.852640164354,0.522498564716,0.));
#946 = DEFINITIONAL_REPRESENTATION('',(#947),#950);
#947 = B_SPLINE_CURVE_WITH_KNOTS('',1,(#948,#949),.UNSPECIFIED.,.F.,.F.,
  (2,2),(-24.5,-19.),.PIECEWISE_BEZIER_KNOTS.);
#948 = CARTESIAN_POINT('',(81.5,-10.));
#949 = CARTESIAN_POINT('',(76.,-10.));
#950 = ( GEOMETRIC_REPRESENTATION_CONTEXT(2) 
PARAMETRIC_REPRESENTATION_CONTEXT() REPRESENTATION_CONTEXT('2D SPACE',''
  ) );
#951 = ORIENTED_EDGE('',*,*,#952,.T.);
#952 = EDGE_CURVE('',#927,#953,#955,.T.);
#953 = VERTEX_POINT('',#954);
#954 = CARTESIAN_POINT('',(-29.54951387175,-22.26715585662,8.));
#955 = SURFACE_CURVE('',#956,(#961,#968),.PCURVE_S1.);
#956 = CIRCLE('',#957,37.);
#957 = AXIS2_PLACEMENT_3D('',#958,#959,#960);
#958 = CARTESIAN_POINT('',(0.,0.,8.));
#959 = DIRECTION('',(0.,-0.,1.));
#960 = DIRECTION('',(0.992546151641,0.121869343405,0.));
#961 = PCURVE('',#124,#962);
#962 = DEFINITIONAL_REPRESENTATION('',(#963),#967);
#963 = CIRCLE('',#964,37.);
#964 = AXIS2_PLACEMENT_2D('',#965,#966);
#965 = CARTESIAN_POINT('',(2.365301850879E-15,-3.22020598281E-15));
#966 = DIRECTION('',(1.,0.));
#967 = ( GEOMETRIC_REPRESENTATION_CONTEXT(2) 
PARAMETRIC_REPRESENTATION_CONTEXT() REPRESENTATION_CONTEXT('2D SPACE',''
  ) );
#968 = PCURVE('',#969,#974);
#969 = CYLINDRICAL_SURFACE('',#970,37.);
#970 = AXIS2_PLACEMENT_3D('',#971,#972,#973);
#971 = CARTESIAN_POINT('',(0.,0.,0.));
#972 = DIRECTION('',(0.,-0.,-1.));
#973 = DIRECTION('',(0.992546151641,0.121869343405,0.));
#974 = DEFINITIONAL_REPRESENTATION('',(#975),#978);
#975 = B_SPLINE_CURVE_WITH_KNOTS('',1,(#976,#977),.UNSPECIFIED.,.F.,.F.,
  (2,2),(2.373647782712,3.665191429188),.PIECEWISE_BEZIER_KNOTS.);
#976 = CARTESIAN_POINT('',(-2.373647782712,-8.));
#977 = CARTESIAN_POINT('',(-3.665191429188,-8.));
#978 = ( GEOMETRIC_REPRESENTATION_CONTEXT(2) 
PARAMETRIC_REPRESENTATION_CONTEXT() REPRESENTATION_CONTEXT('2D SPACE',''
  ) );
#979 = ORIENTED_EDGE('',*,*,#980,.T.);
#980 = EDGE_CURVE('',#953,#981,#983,.T.);
#981 = VERTEX_POINT('',#982);
#982 = CARTESIAN_POINT('',(-26.75428958658,-20.16080327559,8.));
#983 = SURFACE_CURVE('',#984,(#988,#994),.PCURVE_S1.);
#984 = LINE('',#985,#986);
#985 = CARTESIAN_POINT('',(-1.750243658583E-16,-1.318903197592E-16,8.));
#986 = VECTOR('',#987,1.);
#987 = DIRECTION('',(0.798635510047,0.601815023152,-0.));
#988 = PCURVE('',#124,#989);
#989 = DEFINITIONAL_REPRESENTATION('',(#990),#993);
#990 = B_SPLINE_CURVE_WITH_KNOTS('',1,(#991,#992),.UNSPECIFIED.,.F.,.F.,
  (2,2),(-37.,-33.5),.PIECEWISE_BEZIER_KNOTS.);
#991 = CARTESIAN_POINT('',(-32.04293994002,-18.5));
#992 = CARTESIAN_POINT('',(-29.01185102677,-16.75));
#993 = ( GEOMETRIC_REPRESENTATION_CONTEXT(2) 
PARAMETRIC_REPRESENTATION_CONTEXT() REPRESENTATION_CONTEXT('2D SPACE',''
  ) );
#994 = PCURVE('',#995,#1000);
#995 = PLANE('',#996);
#996 = AXIS2_PLACEMENT_3D('',#997,#998,#999);
#997 = CARTESIAN_POINT('',(0.,0.,-1.));
#998 = DIRECTION('',(0.601815023152,-0.798635510047,0.));
#999 = DIRECTION('',(-0.798635510047,-0.601815023152,0.));
#1000 = DEFINITIONAL_REPRESENTATION('',(#1001),#1004);
#1001 = B_SPLINE_CURVE_WITH_KNOTS('',1,(#1002,#1003),.UNSPECIFIED.,.F.,
  .F.,(2,2),(-37.,-33.5),.PIECEWISE_BEZIER_KNOTS.);
#1002 = CARTESIAN_POINT('',(37.,-9.));
#1003 = CARTESIAN_POINT('',(33.5,-9.));
#1004 = ( GEOMETRIC_REPRESENTATION_CONTEXT(2) 
PARAMETRIC_REPRESENTATION_CONTEXT() REPRESENTATION_CONTEXT('2D SPACE',''
  ) );
#1005 = ORIENTED_EDGE('',*,*,#1006,.F.);
#1006 = EDGE_CURVE('',#1007,#981,#1009,.T.);
#1007 = VERTEX_POINT('',#1008);
#1008 = CARTESIAN_POINT('',(-25.57987567845,-21.63145765487,8.));
#1009 = SURFACE_CURVE('',#1010,(#1015,#1026),.PCURVE_S1.);
#1010 = CIRCLE('',#1011,33.5);
#1011 = AXIS2_PLACEMENT_3D('',#1012,#1013,#1014);
#1012 = CARTESIAN_POINT('',(1.75139182436E-13,1.53630861786E-15,8.));
#1013 = DIRECTION('',(0.,0.,-1.));
#1014 = DIRECTION('',(1.,0.,0.));
#1015 = PCURVE('',#124,#1016);
#1016 = DEFINITIONAL_REPRESENTATION('',(#1017),#1025);
#1017 = ( BOUNDED_CURVE() B_SPLINE_CURVE(2,(#1018,#1019,#1020,#1021,
#1022,#1023,#1024),.UNSPECIFIED.,.T.,.F.) B_SPLINE_CURVE_WITH_KNOTS((1,2
    ,2,2,2,1),(-2.094395102393,0.,2.094395102393,4.188790204786,
6.28318530718,8.377580409573),.UNSPECIFIED.) CURVE() 
GEOMETRIC_REPRESENTATION_ITEM() RATIONAL_B_SPLINE_CURVE((1.,0.5,1.,0.5,
1.,0.5,1.)) REPRESENTATION_ITEM('') );
#1018 = CARTESIAN_POINT('',(33.250296079984,-4.082623004072));
#1019 = CARTESIAN_POINT('',(26.178985608782,-61.67382518131));
#1020 = CARTESIAN_POINT('',(-20.16080327559,-26.75428958658));
#1021 = CARTESIAN_POINT('',(-66.50059215996,8.165246008145));
#1022 = CARTESIAN_POINT('',(-13.08949280439,30.836912590657));
#1023 = CARTESIAN_POINT('',(40.321606551187,53.508579173169));
#1024 = CARTESIAN_POINT('',(33.250296079984,-4.082623004072));
#1025 = ( GEOMETRIC_REPRESENTATION_CONTEXT(2) 
PARAMETRIC_REPRESENTATION_CONTEXT() REPRESENTATION_CONTEXT('2D SPACE',''
  ) );
#1026 = PCURVE('',#1027,#1032);
#1027 = CYLINDRICAL_SURFACE('',#1028,33.5);
#1028 = AXIS2_PLACEMENT_3D('',#1029,#1030,#1031);
#1029 = CARTESIAN_POINT('',(1.75139182436E-13,1.53630861786E-15,0.));
#1030 = DIRECTION('',(-0.,-0.,-1.));
#1031 = DIRECTION('',(1.,0.,0.));
#1032 = DEFINITIONAL_REPRESENTATION('',(#1033),#1037);
#1033 = LINE('',#1034,#1035);
#1034 = CARTESIAN_POINT('',(-6.28318530718,-8.));
#1035 = VECTOR('',#1036,1.);
#1036 = DIRECTION('',(1.,-0.));
#1037 = ( GEOMETRIC_REPRESENTATION_CONTEXT(2) 
PARAMETRIC_REPRESENTATION_CONTEXT() REPRESENTATION_CONTEXT('2D SPACE',''
  ) );
#1038 = ORIENTED_EDGE('',*,*,#1039,.T.);
#1039 = EDGE_CURVE('',#1007,#1040,#1042,.T.);
#1040 = VERTEX_POINT('',#1041);
#1041 = CARTESIAN_POINT('',(-21.63145765487,-25.57987567845,8.));
#1042 = SURFACE_CURVE('',#1043,(#1048,#1059),.PCURVE_S1.);
#1043 = CIRCLE('',#1044,3.2);
#1044 = AXIS2_PLACEMENT_3D('',#1045,#1046,#1047);
#1045 = CARTESIAN_POINT('',(-22.5,-22.5,8.));
#1046 = DIRECTION('',(0.,0.,-1.));
#1047 = DIRECTION('',(-0.962461149517,0.27141948285,0.));
#1048 = PCURVE('',#124,#1049);
#1049 = DEFINITIONAL_REPRESENTATION('',(#1050),#1058);
#1050 = ( BOUNDED_CURVE() B_SPLINE_CURVE(2,(#1051,#1052,#1053,#1054,
#1055,#1056,#1057),.UNSPECIFIED.,.T.,.F.) B_SPLINE_CURVE_WITH_KNOTS((1,2
    ,2,2,2,1),(-2.094395102393,0.,2.094395102393,4.188790204786,
6.28318530718,8.377580409573),.UNSPECIFIED.) CURVE() 
GEOMETRIC_REPRESENTATION_ITEM() RATIONAL_B_SPLINE_CURVE((1.,0.5,1.,0.5,
1.,0.5,1.)) REPRESENTATION_ITEM('') );
#1051 = CARTESIAN_POINT('',(-28.0254187054,-18.35281739642));
#1052 = CARTESIAN_POINT('',(-25.88216034921,-13.24141410392));
#1053 = CARTESIAN_POINT('',(-22.52718442701,-17.6532319335));
#1054 = CARTESIAN_POINT('',(-19.17220850481,-22.06504976309));
#1055 = CARTESIAN_POINT('',(-24.6704427832,-22.76463522601));
#1056 = CARTESIAN_POINT('',(-30.1686770616,-23.46422068892));
#1057 = CARTESIAN_POINT('',(-28.0254187054,-18.35281739642));
#1058 = ( GEOMETRIC_REPRESENTATION_CONTEXT(2) 
PARAMETRIC_REPRESENTATION_CONTEXT() REPRESENTATION_CONTEXT('2D SPACE',''
  ) );
#1059 = PCURVE('',#1060,#1065);
#1060 = CYLINDRICAL_SURFACE('',#1061,3.2);
#1061 = AXIS2_PLACEMENT_3D('',#1062,#1063,#1064);
#1062 = CARTESIAN_POINT('',(-22.5,-22.5,7.));
#1063 = DIRECTION('',(-0.,-0.,-1.));
#1064 = DIRECTION('',(1.,0.,0.));
#1065 = DEFINITIONAL_REPRESENTATION('',(#1066),#1070);
#1066 = LINE('',#1067,#1068);
#1067 = CARTESIAN_POINT('',(-9.149910388438,-1.));
#1068 = VECTOR('',#1069,1.);
#1069 = DIRECTION('',(1.,-0.));
#1070 = ( GEOMETRIC_REPRESENTATION_CONTEXT(2) 
PARAMETRIC_REPRESENTATION_CONTEXT() REPRESENTATION_CONTEXT('2D SPACE',''
  ) );
#1071 = ORIENTED_EDGE('',*,*,#1072,.F.);
#1072 = EDGE_CURVE('',#1073,#1040,#1075,.T.);
#1073 = VERTEX_POINT('',#1074);
#1074 = CARTESIAN_POINT('',(-20.16080327559,-26.75428958658,8.));
#1075 = SURFACE_CURVE('',#1076,(#1081,#1092),.PCURVE_S1.);
#1076 = CIRCLE('',#1077,33.5);
#1077 = AXIS2_PLACEMENT_3D('',#1078,#1079,#1080);
#1078 = CARTESIAN_POINT('',(1.75139182436E-13,1.53630861786E-15,8.));
#1079 = DIRECTION('',(0.,0.,-1.));
#1080 = DIRECTION('',(1.,0.,0.));
#1081 = PCURVE('',#124,#1082);
#1082 = DEFINITIONAL_REPRESENTATION('',(#1083),#1091);
#1083 = ( BOUNDED_CURVE() B_SPLINE_CURVE(2,(#1084,#1085,#1086,#1087,
#1088,#1089,#1090),.UNSPECIFIED.,.T.,.F.) B_SPLINE_CURVE_WITH_KNOTS((1,2
    ,2,2,2,1),(-2.094395102393,0.,2.094395102393,4.188790204786,
6.28318530718,8.377580409573),.UNSPECIFIED.) CURVE() 
GEOMETRIC_REPRESENTATION_ITEM() RATIONAL_B_SPLINE_CURVE((1.,0.5,1.,0.5,
1.,0.5,1.)) REPRESENTATION_ITEM('') );
#1084 = CARTESIAN_POINT('',(33.250296079984,-4.082623004072));
#1085 = CARTESIAN_POINT('',(26.178985608782,-61.67382518131));
#1086 = CARTESIAN_POINT('',(-20.16080327559,-26.75428958658));
#1087 = CARTESIAN_POINT('',(-66.50059215996,8.165246008145));
#1088 = CARTESIAN_POINT('',(-13.08949280439,30.836912590657));
#1089 = CARTESIAN_POINT('',(40.321606551187,53.508579173169));
#1090 = CARTESIAN_POINT('',(33.250296079984,-4.082623004072));
#1091 = ( GEOMETRIC_REPRESENTATION_CONTEXT(2) 
PARAMETRIC_REPRESENTATION_CONTEXT() REPRESENTATION_CONTEXT('2D SPACE',''
  ) );
#1092 = PCURVE('',#1093,#1098);
#1093 = CYLINDRICAL_SURFACE('',#1094,33.5);
#1094 = AXIS2_PLACEMENT_3D('',#1095,#1096,#1097);
#1095 = CARTESIAN_POINT('',(1.75139182436E-13,1.53630861786E-15,0.));
#1096 = DIRECTION('',(-0.,-0.,-1.));
#1097 = DIRECTION('',(1.,0.,0.));
#1098 = DEFINITIONAL_REPRESENTATION('',(#1099),#1103);
#1099 = LINE('',#1100,#1101);
#1100 = CARTESIAN_POINT('',(-6.28318530718,-8.));
#1101 = VECTOR('',#1102,1.);
#1102 = DIRECTION('',(1.,-0.));
#1103 = ( GEOMETRIC_REPRESENTATION_CONTEXT(2) 
PARAMETRIC_REPRESENTATION_CONTEXT() REPRESENTATION_CONTEXT('2D SPACE',''
  ) );
#1104 = ORIENTED_EDGE('',*,*,#1105,.T.);
#1105 = EDGE_CURVE('',#1073,#1106,#1108,.T.);
#1106 = VERTEX_POINT('',#1107);
#1107 = CARTESIAN_POINT('',(-22.26715585662,-29.54951387175,8.));
#1108 = SURFACE_CURVE('',#1109,(#1113,#1119),.PCURVE_S1.);
#1109 = LINE('',#1110,#1111);
#1110 = CARTESIAN_POINT('',(-33.40073378493,-44.32427080762,8.));
#1111 = VECTOR('',#1112,1.);
#1112 = DIRECTION('',(-0.601815023152,-0.798635510047,0.));
#1113 = PCURVE('',#124,#1114);
#1114 = DEFINITIONAL_REPRESENTATION('',(#1115),#1118);
#1115 = B_SPLINE_CURVE_WITH_KNOTS('',1,(#1116,#1117),.UNSPECIFIED.,.F.,
  .F.,(2,2),(-22.,-18.5),.PIECEWISE_BEZIER_KNOTS.);
#1116 = CARTESIAN_POINT('',(-23.27105541037,-24.09788331134));
#1117 = CARTESIAN_POINT('',(-25.70235970698,-26.61557261253));
#1118 = ( GEOMETRIC_REPRESENTATION_CONTEXT(2) 
PARAMETRIC_REPRESENTATION_CONTEXT() REPRESENTATION_CONTEXT('2D SPACE',''
  ) );
#1119 = PCURVE('',#1120,#1125);
#1120 = PLANE('',#1121);
#1121 = AXIS2_PLACEMENT_3D('',#1122,#1123,#1124);
#1122 = CARTESIAN_POINT('',(-66.80146756987,-88.64854161524,-1.));
#1123 = DIRECTION('',(-0.798635510047,0.601815023152,0.));
#1124 = DIRECTION('',(0.601815023152,0.798635510047,0.));
#1125 = DEFINITIONAL_REPRESENTATION('',(#1126),#1129);
#1126 = B_SPLINE_CURVE_WITH_KNOTS('',1,(#1127,#1128),.UNSPECIFIED.,.F.,
  .F.,(2,2),(-22.,-18.5),.PIECEWISE_BEZIER_KNOTS.);
#1127 = CARTESIAN_POINT('',(77.5,-9.));
#1128 = CARTESIAN_POINT('',(74.,-9.));
#1129 = ( GEOMETRIC_REPRESENTATION_CONTEXT(2) 
PARAMETRIC_REPRESENTATION_CONTEXT() REPRESENTATION_CONTEXT('2D SPACE',''
  ) );
#1130 = ORIENTED_EDGE('',*,*,#1131,.T.);
#1131 = EDGE_CURVE('',#1106,#1132,#1134,.T.);
#1132 = VERTEX_POINT('',#1133);
#1133 = CARTESIAN_POINT('',(22.267155856625,-29.54951387175,8.));
#1134 = SURFACE_CURVE('',#1135,(#1140,#1147),.PCURVE_S1.);
#1135 = CIRCLE('',#1136,37.);
#1136 = AXIS2_PLACEMENT_3D('',#1137,#1138,#1139);
#1137 = CARTESIAN_POINT('',(0.,0.,8.));
#1138 = DIRECTION('',(0.,-0.,1.));
#1139 = DIRECTION('',(0.992546151641,0.121869343405,0.));
#1140 = PCURVE('',#124,#1141);
#1141 = DEFINITIONAL_REPRESENTATION('',(#1142),#1146);
#1142 = CIRCLE('',#1143,37.);
#1143 = AXIS2_PLACEMENT_2D('',#1144,#1145);
#1144 = CARTESIAN_POINT('',(2.365301850879E-15,-3.22020598281E-15));
#1145 = DIRECTION('',(1.,0.));
#1146 = ( GEOMETRIC_REPRESENTATION_CONTEXT(2) 
PARAMETRIC_REPRESENTATION_CONTEXT() REPRESENTATION_CONTEXT('2D SPACE',''
  ) );
#1147 = PCURVE('',#969,#1148);
#1148 = DEFINITIONAL_REPRESENTATION('',(#1149),#1152);
#1149 = B_SPLINE_CURVE_WITH_KNOTS('',1,(#1150,#1151),.UNSPECIFIED.,.F.,
  .F.,(2,2),(3.944444109507,5.235987755983),.PIECEWISE_BEZIER_KNOTS.);
#1150 = CARTESIAN_POINT('',(-3.944444109507,-8.));
#1151 = CARTESIAN_POINT('',(-5.235987755983,-8.));
#1152 = ( GEOMETRIC_REPRESENTATION_CONTEXT(2) 
PARAMETRIC_REPRESENTATION_CONTEXT() REPRESENTATION_CONTEXT('2D SPACE',''
  ) );
#1153 = ORIENTED_EDGE('',*,*,#1154,.T.);
#1154 = EDGE_CURVE('',#1132,#1155,#1157,.T.);
#1155 = VERTEX_POINT('',#1156);
#1156 = CARTESIAN_POINT('',(20.160803275594,-26.75428958658,8.));
#1157 = SURFACE_CURVE('',#1158,(#1162,#1168),.PCURVE_S1.);
#1158 = LINE('',#1159,#1160);
#1159 = CARTESIAN_POINT('',(-1.195033453299E-15,1.585862955863E-15,8.));
#1160 = VECTOR('',#1161,1.);
#1161 = DIRECTION('',(-0.601815023152,0.798635510047,0.));
#1162 = PCURVE('',#124,#1163);
#1163 = DEFINITIONAL_REPRESENTATION('',(#1164),#1167);
#1164 = B_SPLINE_CURVE_WITH_KNOTS('',1,(#1165,#1166),.UNSPECIFIED.,.F.,
  .F.,(2,2),(-37.,-33.5),.PIECEWISE_BEZIER_KNOTS.);
#1165 = CARTESIAN_POINT('',(18.5,-32.04293994002));
#1166 = CARTESIAN_POINT('',(16.75,-29.01185102677));
#1167 = ( GEOMETRIC_REPRESENTATION_CONTEXT(2) 
PARAMETRIC_REPRESENTATION_CONTEXT() REPRESENTATION_CONTEXT('2D SPACE',''
  ) );
#1168 = PCURVE('',#1169,#1174);
#1169 = PLANE('',#1170);
#1170 = AXIS2_PLACEMENT_3D('',#1171,#1172,#1173);
#1171 = CARTESIAN_POINT('',(0.,0.,-1.));
#1172 = DIRECTION('',(0.798635510047,0.601815023152,-0.));
#1173 = DIRECTION('',(0.601815023152,-0.798635510047,0.));
#1174 = DEFINITIONAL_REPRESENTATION('',(#1175),#1178);
#1175 = B_SPLINE_CURVE_WITH_KNOTS('',1,(#1176,#1177),.UNSPECIFIED.,.F.,
  .F.,(2,2),(-37.,-33.5),.PIECEWISE_BEZIER_KNOTS.);
#1176 = CARTESIAN_POINT('',(37.,-9.));
#1177 = CARTESIAN_POINT('',(33.5,-9.));
#1178 = ( GEOMETRIC_REPRESENTATION_CONTEXT(2) 
PARAMETRIC_REPRESENTATION_CONTEXT() REPRESENTATION_CONTEXT('2D SPACE',''
  ) );
#1179 = ORIENTED_EDGE('',*,*,#1180,.F.);
#1180 = EDGE_CURVE('',#1181,#1155,#1183,.T.);
#1181 = VERTEX_POINT('',#1182);
#1182 = CARTESIAN_POINT('',(21.631457654879,-25.57987567845,8.));
#1183 = SURFACE_CURVE('',#1184,(#1189,#1200),.PCURVE_S1.);
#1184 = CIRCLE('',#1185,33.5);
#1185 = AXIS2_PLACEMENT_3D('',#1186,#1187,#1188);
#1186 = CARTESIAN_POINT('',(1.75139182436E-13,1.53630861786E-15,8.));
#1187 = DIRECTION('',(0.,0.,-1.));
#1188 = DIRECTION('',(1.,0.,0.));
#1189 = PCURVE('',#124,#1190);
#1190 = DEFINITIONAL_REPRESENTATION('',(#1191),#1199);
#1191 = ( BOUNDED_CURVE() B_SPLINE_CURVE(2,(#1192,#1193,#1194,#1195,
#1196,#1197,#1198),.UNSPECIFIED.,.T.,.F.) B_SPLINE_CURVE_WITH_KNOTS((1,2
    ,2,2,2,1),(-2.094395102393,0.,2.094395102393,4.188790204786,
6.28318530718,8.377580409573),.UNSPECIFIED.) CURVE() 
GEOMETRIC_REPRESENTATION_ITEM() RATIONAL_B_SPLINE_CURVE((1.,0.5,1.,0.5,
1.,0.5,1.)) REPRESENTATION_ITEM('') );
#1192 = CARTESIAN_POINT('',(33.250296079984,-4.082623004072));
#1193 = CARTESIAN_POINT('',(26.178985608782,-61.67382518131));
#1194 = CARTESIAN_POINT('',(-20.16080327559,-26.75428958658));
#1195 = CARTESIAN_POINT('',(-66.50059215996,8.165246008145));
#1196 = CARTESIAN_POINT('',(-13.08949280439,30.836912590657));
#1197 = CARTESIAN_POINT('',(40.321606551187,53.508579173169));
#1198 = CARTESIAN_POINT('',(33.250296079984,-4.082623004072));
#1199 = ( GEOMETRIC_REPRESENTATION_CONTEXT(2) 
PARAMETRIC_REPRESENTATION_CONTEXT() REPRESENTATION_CONTEXT('2D SPACE',''
  ) );
#1200 = PCURVE('',#1201,#1206);
#1201 = CYLINDRICAL_SURFACE('',#1202,33.5);
#1202 = AXIS2_PLACEMENT_3D('',#1203,#1204,#1205);
#1203 = CARTESIAN_POINT('',(1.75139182436E-13,1.53630861786E-15,0.));
#1204 = DIRECTION('',(-0.,-0.,-1.));
#1205 = DIRECTION('',(1.,0.,0.));
#1206 = DEFINITIONAL_REPRESENTATION('',(#1207),#1211);
#1207 = LINE('',#1208,#1209);
#1208 = CARTESIAN_POINT('',(-6.28318530718,-8.));
#1209 = VECTOR('',#1210,1.);
#1210 = DIRECTION('',(1.,-0.));
#1211 = ( GEOMETRIC_REPRESENTATION_CONTEXT(2) 
PARAMETRIC_REPRESENTATION_CONTEXT() REPRESENTATION_CONTEXT('2D SPACE',''
  ) );
#1212 = ORIENTED_EDGE('',*,*,#1213,.T.);
#1213 = EDGE_CURVE('',#1181,#1214,#1216,.T.);
#1214 = VERTEX_POINT('',#1215);
#1215 = CARTESIAN_POINT('',(25.579875678454,-21.63145765487,8.));
#1216 = SURFACE_CURVE('',#1217,(#1222,#1233),.PCURVE_S1.);
#1217 = CIRCLE('',#1218,3.2);
#1218 = AXIS2_PLACEMENT_3D('',#1219,#1220,#1221);
#1219 = CARTESIAN_POINT('',(22.5,-22.5,8.));
#1220 = DIRECTION('',(0.,0.,-1.));
#1221 = DIRECTION('',(1.,0.,0.));
#1222 = PCURVE('',#124,#1223);
#1223 = DEFINITIONAL_REPRESENTATION('',(#1224),#1232);
#1224 = ( BOUNDED_CURVE() B_SPLINE_CURVE(2,(#1225,#1226,#1227,#1228,
#1229,#1230,#1231),.UNSPECIFIED.,.T.,.F.) B_SPLINE_CURVE_WITH_KNOTS((1,2
    ,2,2,2,1),(-2.094395102393,0.,2.094395102393,4.188790204786,
6.28318530718,8.377580409573),.UNSPECIFIED.) CURVE() 
GEOMETRIC_REPRESENTATION_ITEM() RATIONAL_B_SPLINE_CURVE((1.,0.5,1.,0.5,
1.,0.5,1.)) REPRESENTATION_ITEM('') );
#1225 = CARTESIAN_POINT('',(22.766375870566,-25.46433053744));
#1226 = CARTESIAN_POINT('',(22.090907407645,-30.96557970064));
#1227 = CARTESIAN_POINT('',(17.664420111227,-27.62998227069));
#1228 = CARTESIAN_POINT('',(13.237932814809,-24.29438484075));
#1229 = CARTESIAN_POINT('',(18.339888574148,-22.12873310749));
#1230 = CARTESIAN_POINT('',(23.441844333487,-19.96308137424));
#1231 = CARTESIAN_POINT('',(22.766375870566,-25.46433053744));
#1232 = ( GEOMETRIC_REPRESENTATION_CONTEXT(2) 
PARAMETRIC_REPRESENTATION_CONTEXT() REPRESENTATION_CONTEXT('2D SPACE',''
  ) );
#1233 = PCURVE('',#1234,#1239);
#1234 = CYLINDRICAL_SURFACE('',#1235,3.2);
#1235 = AXIS2_PLACEMENT_3D('',#1236,#1237,#1238);
#1236 = CARTESIAN_POINT('',(22.5,-22.5,7.));
#1237 = DIRECTION('',(-0.,-0.,-1.));
#1238 = DIRECTION('',(1.,0.,0.));
#1239 = DEFINITIONAL_REPRESENTATION('',(#1240),#1244);
#1240 = LINE('',#1241,#1242);
#1241 = CARTESIAN_POINT('',(-6.28318530718,-1.));
#1242 = VECTOR('',#1243,1.);
#1243 = DIRECTION('',(1.,-0.));
#1244 = ( GEOMETRIC_REPRESENTATION_CONTEXT(2) 
PARAMETRIC_REPRESENTATION_CONTEXT() REPRESENTATION_CONTEXT('2D SPACE',''
  ) );
#1245 = ORIENTED_EDGE('',*,*,#1246,.F.);
#1246 = EDGE_CURVE('',#1247,#1214,#1249,.T.);
#1247 = VERTEX_POINT('',#1248);
#1248 = CARTESIAN_POINT('',(26.754289586584,-20.16080327559,8.));
#1249 = SURFACE_CURVE('',#1250,(#1255,#1266),.PCURVE_S1.);
#1250 = CIRCLE('',#1251,33.5);
#1251 = AXIS2_PLACEMENT_3D('',#1252,#1253,#1254);
#1252 = CARTESIAN_POINT('',(1.75139182436E-13,1.53630861786E-15,8.));
#1253 = DIRECTION('',(0.,0.,-1.));
#1254 = DIRECTION('',(1.,0.,0.));
#1255 = PCURVE('',#124,#1256);
#1256 = DEFINITIONAL_REPRESENTATION('',(#1257),#1265);
#1257 = ( BOUNDED_CURVE() B_SPLINE_CURVE(2,(#1258,#1259,#1260,#1261,
#1262,#1263,#1264),.UNSPECIFIED.,.T.,.F.) B_SPLINE_CURVE_WITH_KNOTS((1,2
    ,2,2,2,1),(-2.094395102393,0.,2.094395102393,4.188790204786,
6.28318530718,8.377580409573),.UNSPECIFIED.) CURVE() 
GEOMETRIC_REPRESENTATION_ITEM() RATIONAL_B_SPLINE_CURVE((1.,0.5,1.,0.5,
1.,0.5,1.)) REPRESENTATION_ITEM('') );
#1258 = CARTESIAN_POINT('',(33.250296079984,-4.082623004072));
#1259 = CARTESIAN_POINT('',(26.178985608782,-61.67382518131));
#1260 = CARTESIAN_POINT('',(-20.16080327559,-26.75428958658));
#1261 = CARTESIAN_POINT('',(-66.50059215996,8.165246008145));
#1262 = CARTESIAN_POINT('',(-13.08949280439,30.836912590657));
#1263 = CARTESIAN_POINT('',(40.321606551187,53.508579173169));
#1264 = CARTESIAN_POINT('',(33.250296079984,-4.082623004072));
#1265 = ( GEOMETRIC_REPRESENTATION_CONTEXT(2) 
PARAMETRIC_REPRESENTATION_CONTEXT() REPRESENTATION_CONTEXT('2D SPACE',''
  ) );
#1266 = PCURVE('',#1267,#1272);
#1267 = CYLINDRICAL_SURFACE('',#1268,33.5);
#1268 = AXIS2_PLACEMENT_3D('',#1269,#1270,#1271);
#1269 = CARTESIAN_POINT('',(1.75139182436E-13,1.53630861786E-15,0.));
#1270 = DIRECTION('',(-0.,-0.,-1.));
#1271 = DIRECTION('',(1.,0.,0.));
#1272 = DEFINITIONAL_REPRESENTATION('',(#1273),#1277);
#1273 = LINE('',#1274,#1275);
#1274 = CARTESIAN_POINT('',(-6.28318530718,-8.));
#1275 = VECTOR('',#1276,1.);
#1276 = DIRECTION('',(1.,-0.));
#1277 = ( GEOMETRIC_REPRESENTATION_CONTEXT(2) 
PARAMETRIC_REPRESENTATION_CONTEXT() REPRESENTATION_CONTEXT('2D SPACE',''
  ) );
#1278 = ORIENTED_EDGE('',*,*,#1279,.T.);
#1279 = EDGE_CURVE('',#1247,#1280,#1282,.T.);
#1280 = VERTEX_POINT('',#1281);
#1281 = CARTESIAN_POINT('',(29.54951387175,-22.26715585662,8.));
#1282 = SURFACE_CURVE('',#1283,(#1287,#1293),.PCURVE_S1.);
#1283 = LINE('',#1284,#1285);
#1284 = CARTESIAN_POINT('',(44.324270807625,-33.40073378493,8.));
#1285 = VECTOR('',#1286,1.);
#1286 = DIRECTION('',(0.798635510047,-0.601815023152,0.));
#1287 = PCURVE('',#124,#1288);
#1288 = DEFINITIONAL_REPRESENTATION('',(#1289),#1292);
#1289 = B_SPLINE_CURVE_WITH_KNOTS('',1,(#1290,#1291),.UNSPECIFIED.,.F.,
  .F.,(2,2),(-22.,-18.5),.PIECEWISE_BEZIER_KNOTS.);
#1290 = CARTESIAN_POINT('',(24.097883311345,-23.27105541037));
#1291 = CARTESIAN_POINT('',(26.61557261253,-25.70235970698));
#1292 = ( GEOMETRIC_REPRESENTATION_CONTEXT(2) 
PARAMETRIC_REPRESENTATION_CONTEXT() REPRESENTATION_CONTEXT('2D SPACE',''
  ) );
#1293 = PCURVE('',#1294,#1299);
#1294 = PLANE('',#1295);
#1295 = AXIS2_PLACEMENT_3D('',#1296,#1297,#1298);
#1296 = CARTESIAN_POINT('',(88.648541615249,-66.80146756987,-1.));
#1297 = DIRECTION('',(-0.601815023152,-0.798635510047,0.));
#1298 = DIRECTION('',(-0.798635510047,0.601815023152,0.));
#1299 = DEFINITIONAL_REPRESENTATION('',(#1300),#1303);
#1300 = B_SPLINE_CURVE_WITH_KNOTS('',1,(#1301,#1302),.UNSPECIFIED.,.F.,
  .F.,(2,2),(-22.,-18.5),.PIECEWISE_BEZIER_KNOTS.);
#1301 = CARTESIAN_POINT('',(77.5,-9.));
#1302 = CARTESIAN_POINT('',(74.,-9.));
#1303 = ( GEOMETRIC_REPRESENTATION_CONTEXT(2) 
PARAMETRIC_REPRESENTATION_CONTEXT() REPRESENTATION_CONTEXT('2D SPACE',''
  ) );
#1304 = ORIENTED_EDGE('',*,*,#1305,.F.);
#1305 = EDGE_CURVE('',#1306,#1280,#1308,.T.);
#1306 = VERTEX_POINT('',#1307);
#1307 = CARTESIAN_POINT('',(31.547686081101,-19.33244689449,8.));
#1308 = SURFACE_CURVE('',#1309,(#1314,#1325),.PCURVE_S1.);
#1309 = CIRCLE('',#1310,37.);
#1310 = AXIS2_PLACEMENT_3D('',#1311,#1312,#1313);
#1311 = CARTESIAN_POINT('',(0.,0.,8.));
#1312 = DIRECTION('',(0.,0.,-1.));
#1313 = DIRECTION('',(0.972369920398,0.233445363856,0.));
#1314 = PCURVE('',#124,#1315);
#1315 = DEFINITIONAL_REPRESENTATION('',(#1316),#1324);
#1316 = ( BOUNDED_CURVE() B_SPLINE_CURVE(2,(#1317,#1318,#1319,#1320,
#1321,#1322,#1323),.UNSPECIFIED.,.T.,.F.) B_SPLINE_CURVE_WITH_KNOTS((1,2
    ,2,2,2,1),(-2.094395102393,0.,2.094395102393,4.188790204786,
6.28318530718,8.377580409573),.UNSPECIFIED.) CURVE() 
GEOMETRIC_REPRESENTATION_ITEM() RATIONAL_B_SPLINE_CURVE((1.,0.5,1.,0.5,
1.,0.5,1.)) REPRESENTATION_ITEM('') );
#1317 = CARTESIAN_POINT('',(36.762158660034,4.188518909413));
#1318 = CARTESIAN_POINT('',(44.016886219599,-59.48540768567));
#1319 = CARTESIAN_POINT('',(-14.75371555023,-33.93122275225));
#1320 = CARTESIAN_POINT('',(-73.52431732006,-8.377037818825));
#1321 = CARTESIAN_POINT('',(-22.0084431098,29.742703842837));
#1322 = CARTESIAN_POINT('',(29.507431100468,67.862445504499));
#1323 = CARTESIAN_POINT('',(36.762158660034,4.188518909413));
#1324 = ( GEOMETRIC_REPRESENTATION_CONTEXT(2) 
PARAMETRIC_REPRESENTATION_CONTEXT() REPRESENTATION_CONTEXT('2D SPACE',''
  ) );
#1325 = PCURVE('',#969,#1326);
#1326 = DEFINITIONAL_REPRESENTATION('',(#1327),#1331);
#1327 = LINE('',#1328,#1329);
#1328 = CARTESIAN_POINT('',(-6.396631708559,-8.));
#1329 = VECTOR('',#1330,1.);
#1330 = DIRECTION('',(1.,-0.));
#1331 = ( GEOMETRIC_REPRESENTATION_CONTEXT(2) 
PARAMETRIC_REPRESENTATION_CONTEXT() REPRESENTATION_CONTEXT('2D SPACE',''
  ) );
#1332 = ORIENTED_EDGE('',*,*,#1333,.T.);
#1333 = EDGE_CURVE('',#1306,#1334,#1336,.T.);
#1334 = VERTEX_POINT('',#1335);
#1335 = CARTESIAN_POINT('',(27.710805341508,-16.98120335326,8.));
#1336 = SURFACE_CURVE('',#1337,(#1341,#1347),.PCURVE_S1.);
#1337 = LINE('',#1338,#1339);
#1338 = CARTESIAN_POINT('',(-1.643775078954E-15,1.007306663908E-15,8.));
#1339 = VECTOR('',#1340,1.);
#1340 = DIRECTION('',(-0.852640164354,0.522498564716,0.));
#1341 = PCURVE('',#124,#1342);
#1342 = DEFINITIONAL_REPRESENTATION('',(#1343),#1346);
#1343 = B_SPLINE_CURVE_WITH_KNOTS('',1,(#1344,#1345),.UNSPECIFIED.,.F.,
  .F.,(2,2),(-38.,-32.5),.PIECEWISE_BEZIER_KNOTS.);
#1344 = CARTESIAN_POINT('',(29.739109960392,-23.65555619223));
#1345 = CARTESIAN_POINT('',(25.434765097704,-20.23172569072));
#1346 = ( GEOMETRIC_REPRESENTATION_CONTEXT(2) 
PARAMETRIC_REPRESENTATION_CONTEXT() REPRESENTATION_CONTEXT('2D SPACE',''
  ) );
#1347 = PCURVE('',#1348,#1353);
#1348 = PLANE('',#1349);
#1349 = AXIS2_PLACEMENT_3D('',#1350,#1351,#1352);
#1350 = CARTESIAN_POINT('',(0.,0.,-2.));
#1351 = DIRECTION('',(0.522498564716,0.852640164354,-0.));
#1352 = DIRECTION('',(0.852640164354,-0.522498564716,0.));
#1353 = DEFINITIONAL_REPRESENTATION('',(#1354),#1357);
#1354 = B_SPLINE_CURVE_WITH_KNOTS('',1,(#1355,#1356),.UNSPECIFIED.,.F.,
  .F.,(2,2),(-38.,-32.5),.PIECEWISE_BEZIER_KNOTS.);
#1355 = CARTESIAN_POINT('',(38.,-10.));
#1356 = CARTESIAN_POINT('',(32.5,-10.));
#1357 = ( GEOMETRIC_REPRESENTATION_CONTEXT(2) 
PARAMETRIC_REPRESENTATION_CONTEXT() REPRESENTATION_CONTEXT('2D SPACE',''
  ) );
#1358 = ORIENTED_EDGE('',*,*,#1359,.F.);
#1359 = EDGE_CURVE('',#1360,#1334,#1362,.T.);
#1360 = VERTEX_POINT('',#1361);
#1361 = CARTESIAN_POINT('',(31.602022412925,-7.586974325317,8.));
#1362 = SURFACE_CURVE('',#1363,(#1368,#1379),.PCURVE_S1.);
#1363 = CIRCLE('',#1364,32.5);
#1364 = AXIS2_PLACEMENT_3D('',#1365,#1366,#1367);
#1365 = CARTESIAN_POINT('',(1.817493524102E-13,1.495879443705E-15,8.));
#1366 = DIRECTION('',(0.,0.,-1.));
#1367 = DIRECTION('',(1.,0.,0.));
#1368 = PCURVE('',#124,#1369);
#1369 = DEFINITIONAL_REPRESENTATION('',(#1370),#1378);
#1370 = ( BOUNDED_CURVE() B_SPLINE_CURVE(2,(#1371,#1372,#1373,#1374,
#1375,#1376,#1377),.UNSPECIFIED.,.T.,.F.) B_SPLINE_CURVE_WITH_KNOTS((1,2
    ,2,2,2,1),(-2.094395102393,0.,2.094395102393,4.188790204786,
6.28318530718,8.377580409573),.UNSPECIFIED.) CURVE() 
GEOMETRIC_REPRESENTATION_ITEM() RATIONAL_B_SPLINE_CURVE((1.,0.5,1.,0.5,
1.,0.5,1.)) REPRESENTATION_ITEM('') );
#1371 = CARTESIAN_POINT('',(32.257749928343,-3.960753660667));
#1372 = CARTESIAN_POINT('',(25.397523351803,-59.8328154744));
#1373 = CARTESIAN_POINT('',(-19.55898825244,-25.95565407653));
#1374 = CARTESIAN_POINT('',(-64.51549985668,7.921507321335));
#1375 = CARTESIAN_POINT('',(-12.6987616759,29.916407737204));
#1376 = CARTESIAN_POINT('',(39.117976504883,51.911308153074));
#1377 = CARTESIAN_POINT('',(32.257749928343,-3.960753660667));
#1378 = ( GEOMETRIC_REPRESENTATION_CONTEXT(2) 
PARAMETRIC_REPRESENTATION_CONTEXT() REPRESENTATION_CONTEXT('2D SPACE',''
  ) );
#1379 = PCURVE('',#1380,#1385);
#1380 = CYLINDRICAL_SURFACE('',#1381,32.5);
#1381 = AXIS2_PLACEMENT_3D('',#1382,#1383,#1384);
#1382 = CARTESIAN_POINT('',(1.817493524102E-13,1.495879443705E-15,-1.));
#1383 = DIRECTION('',(-0.,-0.,-1.));
#1384 = DIRECTION('',(1.,0.,0.));
#1385 = DEFINITIONAL_REPRESENTATION('',(#1386),#1390);
#1386 = LINE('',#1387,#1388);
#1387 = CARTESIAN_POINT('',(-6.28318530718,-9.));
#1388 = VECTOR('',#1389,1.);
#1389 = DIRECTION('',(1.,-0.));
#1390 = ( GEOMETRIC_REPRESENTATION_CONTEXT(2) 
PARAMETRIC_REPRESENTATION_CONTEXT() REPRESENTATION_CONTEXT('2D SPACE',''
  ) );
#1391 = ORIENTED_EDGE('',*,*,#1392,.T.);
#1392 = EDGE_CURVE('',#1360,#1393,#1395,.T.);
#1393 = VERTEX_POINT('',#1394);
#1394 = CARTESIAN_POINT('',(35.977687054714,-8.637478462668,8.));
#1395 = SURFACE_CURVE('',#1396,(#1400,#1406),.PCURVE_S1.);
#1396 = LINE('',#1397,#1398);
#1397 = CARTESIAN_POINT('',(55.425085462668,-13.30638573978,8.));
#1398 = VECTOR('',#1399,1.);
#1399 = DIRECTION('',(0.972369920398,-0.233445363856,0.));
#1400 = PCURVE('',#124,#1401);
#1401 = DEFINITIONAL_REPRESENTATION('',(#1402),#1405);
#1402 = B_SPLINE_CURVE_WITH_KNOTS('',1,(#1403,#1404),.UNSPECIFIED.,.F.,
  .F.,(2,2),(-24.5,-19.),.PIECEWISE_BEZIER_KNOTS.);
#1403 = CARTESIAN_POINT('',(30.441846150573,-11.38173989093));
#1404 = CARTESIAN_POINT('',(35.593543191439,-13.30788048786));
#1405 = ( GEOMETRIC_REPRESENTATION_CONTEXT(2) 
PARAMETRIC_REPRESENTATION_CONTEXT() REPRESENTATION_CONTEXT('2D SPACE',''
  ) );
#1406 = PCURVE('',#1407,#1412);
#1407 = PLANE('',#1408);
#1408 = AXIS2_PLACEMENT_3D('',#1409,#1410,#1411);
#1409 = CARTESIAN_POINT('',(110.85017092533,-26.61277147957,-2.));
#1410 = DIRECTION('',(-0.233445363856,-0.972369920398,0.));
#1411 = DIRECTION('',(-0.972369920398,0.233445363856,0.));
#1412 = DEFINITIONAL_REPRESENTATION('',(#1413),#1416);
#1413 = B_SPLINE_CURVE_WITH_KNOTS('',1,(#1414,#1415),.UNSPECIFIED.,.F.,
  .F.,(2,2),(-24.5,-19.),.PIECEWISE_BEZIER_KNOTS.);
#1414 = CARTESIAN_POINT('',(81.5,-10.));
#1415 = CARTESIAN_POINT('',(76.,-10.));
#1416 = ( GEOMETRIC_REPRESENTATION_CONTEXT(2) 
PARAMETRIC_REPRESENTATION_CONTEXT() REPRESENTATION_CONTEXT('2D SPACE',''
  ) );
#1417 = ORIENTED_EDGE('',*,*,#1418,.F.);
#1418 = EDGE_CURVE('',#1419,#1393,#1421,.T.);
#1419 = VERTEX_POINT('',#1420);
#1420 = CARTESIAN_POINT('',(35.977687054714,8.637478462669,8.));
#1421 = SURFACE_CURVE('',#1422,(#1427,#1438),.PCURVE_S1.);
#1422 = CIRCLE('',#1423,37.);
#1423 = AXIS2_PLACEMENT_3D('',#1424,#1425,#1426);
#1424 = CARTESIAN_POINT('',(0.,0.,8.));
#1425 = DIRECTION('',(0.,0.,-1.));
#1426 = DIRECTION('',(0.972369920398,0.233445363856,0.));
#1427 = PCURVE('',#124,#1428);
#1428 = DEFINITIONAL_REPRESENTATION('',(#1429),#1437);
#1429 = ( BOUNDED_CURVE() B_SPLINE_CURVE(2,(#1430,#1431,#1432,#1433,
#1434,#1435,#1436),.UNSPECIFIED.,.T.,.F.) B_SPLINE_CURVE_WITH_KNOTS((1,2
    ,2,2,2,1),(-2.094395102393,0.,2.094395102393,4.188790204786,
6.28318530718,8.377580409573),.UNSPECIFIED.) CURVE() 
GEOMETRIC_REPRESENTATION_ITEM() RATIONAL_B_SPLINE_CURVE((1.,0.5,1.,0.5,
1.,0.5,1.)) REPRESENTATION_ITEM('') );
#1430 = CARTESIAN_POINT('',(36.762158660034,4.188518909413));
#1431 = CARTESIAN_POINT('',(44.016886219599,-59.48540768567));
#1432 = CARTESIAN_POINT('',(-14.75371555023,-33.93122275225));
#1433 = CARTESIAN_POINT('',(-73.52431732006,-8.377037818825));
#1434 = CARTESIAN_POINT('',(-22.0084431098,29.742703842837));
#1435 = CARTESIAN_POINT('',(29.507431100468,67.862445504499));
#1436 = CARTESIAN_POINT('',(36.762158660034,4.188518909413));
#1437 = ( GEOMETRIC_REPRESENTATION_CONTEXT(2) 
PARAMETRIC_REPRESENTATION_CONTEXT() REPRESENTATION_CONTEXT('2D SPACE',''
  ) );
#1438 = PCURVE('',#1439,#1444);
#1439 = CYLINDRICAL_SURFACE('',#1440,37.);
#1440 = AXIS2_PLACEMENT_3D('',#1441,#1442,#1443);
#1441 = CARTESIAN_POINT('',(0.,0.,0.));
#1442 = DIRECTION('',(0.,-0.,-1.));
#1443 = DIRECTION('',(0.992546151641,0.121869343405,0.));
#1444 = DEFINITIONAL_REPRESENTATION('',(#1445),#1449);
#1445 = LINE('',#1446,#1447);
#1446 = CARTESIAN_POINT('',(-6.396631708559,-8.));
#1447 = VECTOR('',#1448,1.);
#1448 = DIRECTION('',(1.,-0.));
#1449 = ( GEOMETRIC_REPRESENTATION_CONTEXT(2) 
PARAMETRIC_REPRESENTATION_CONTEXT() REPRESENTATION_CONTEXT('2D SPACE',''
  ) );
#1450 = ORIENTED_EDGE('',*,*,#1451,.T.);
#1451 = EDGE_CURVE('',#1419,#1452,#1454,.T.);
#1452 = VERTEX_POINT('',#1453);
#1453 = CARTESIAN_POINT('',(31.602022412925,7.586974325317,8.));
#1454 = SURFACE_CURVE('',#1455,(#1459,#1465),.PCURVE_S1.);
#1455 = LINE('',#1456,#1457);
#1456 = CARTESIAN_POINT('',(-9.653492554345E-16,-2.317598513236E-16,8.)
  );
#1457 = VECTOR('',#1458,1.);
#1458 = DIRECTION('',(-0.972369920398,-0.233445363856,0.));
#1459 = PCURVE('',#124,#1460);
#1460 = DEFINITIONAL_REPRESENTATION('',(#1461),#1464);
#1461 = B_SPLINE_CURVE_WITH_KNOTS('',1,(#1462,#1463),.UNSPECIFIED.,.F.,
  .F.,(2,2),(-37.23938010986,-32.5),.PIECEWISE_BEZIER_KNOTS.);
#1462 = CARTESIAN_POINT('',(37.,4.215617507161));
#1463 = CARTESIAN_POINT('',(32.291085309489,3.679104447457));
#1464 = ( GEOMETRIC_REPRESENTATION_CONTEXT(2) 
PARAMETRIC_REPRESENTATION_CONTEXT() REPRESENTATION_CONTEXT('2D SPACE',''
  ) );
#1465 = PCURVE('',#1466,#1471);
#1466 = PLANE('',#1467);
#1467 = AXIS2_PLACEMENT_3D('',#1468,#1469,#1470);
#1468 = CARTESIAN_POINT('',(0.,0.,-2.));
#1469 = DIRECTION('',(-0.233445363856,0.972369920398,0.));
#1470 = DIRECTION('',(0.972369920398,0.233445363856,0.));
#1471 = DEFINITIONAL_REPRESENTATION('',(#1472),#1475);
#1472 = B_SPLINE_CURVE_WITH_KNOTS('',1,(#1473,#1474),.UNSPECIFIED.,.F.,
  .F.,(2,2),(-37.23938010986,-32.5),.PIECEWISE_BEZIER_KNOTS.);
#1473 = CARTESIAN_POINT('',(37.239380109861,-10.));
#1474 = CARTESIAN_POINT('',(32.5,-10.));
#1475 = ( GEOMETRIC_REPRESENTATION_CONTEXT(2) 
PARAMETRIC_REPRESENTATION_CONTEXT() REPRESENTATION_CONTEXT('2D SPACE',''
  ) );
#1476 = ORIENTED_EDGE('',*,*,#1477,.F.);
#1477 = EDGE_CURVE('',#1478,#1452,#1480,.T.);
#1478 = VERTEX_POINT('',#1479);
#1479 = CARTESIAN_POINT('',(27.710805341508,16.981203353268,8.));
#1480 = SURFACE_CURVE('',#1481,(#1486,#1497),.PCURVE_S1.);
#1481 = CIRCLE('',#1482,32.5);
#1482 = AXIS2_PLACEMENT_3D('',#1483,#1484,#1485);
#1483 = CARTESIAN_POINT('',(1.817493524102E-13,1.495879443705E-15,8.));
#1484 = DIRECTION('',(0.,0.,-1.));
#1485 = DIRECTION('',(1.,0.,0.));
#1486 = PCURVE('',#124,#1487);
#1487 = DEFINITIONAL_REPRESENTATION('',(#1488),#1496);
#1488 = ( BOUNDED_CURVE() B_SPLINE_CURVE(2,(#1489,#1490,#1491,#1492,
#1493,#1494,#1495),.UNSPECIFIED.,.T.,.F.) B_SPLINE_CURVE_WITH_KNOTS((1,2
    ,2,2,2,1),(-2.094395102393,0.,2.094395102393,4.188790204786,
6.28318530718,8.377580409573),.UNSPECIFIED.) CURVE() 
GEOMETRIC_REPRESENTATION_ITEM() RATIONAL_B_SPLINE_CURVE((1.,0.5,1.,0.5,
1.,0.5,1.)) REPRESENTATION_ITEM('') );
#1489 = CARTESIAN_POINT('',(32.257749928343,-3.960753660667));
#1490 = CARTESIAN_POINT('',(25.397523351803,-59.8328154744));
#1491 = CARTESIAN_POINT('',(-19.55898825244,-25.95565407653));
#1492 = CARTESIAN_POINT('',(-64.51549985668,7.921507321335));
#1493 = CARTESIAN_POINT('',(-12.6987616759,29.916407737204));
#1494 = CARTESIAN_POINT('',(39.117976504883,51.911308153074));
#1495 = CARTESIAN_POINT('',(32.257749928343,-3.960753660667));
#1496 = ( GEOMETRIC_REPRESENTATION_CONTEXT(2) 
PARAMETRIC_REPRESENTATION_CONTEXT() REPRESENTATION_CONTEXT('2D SPACE',''
  ) );
#1497 = PCURVE('',#1498,#1503);
#1498 = CYLINDRICAL_SURFACE('',#1499,32.5);
#1499 = AXIS2_PLACEMENT_3D('',#1500,#1501,#1502);
#1500 = CARTESIAN_POINT('',(1.817493524102E-13,1.495879443705E-15,-1.));
#1501 = DIRECTION('',(-0.,-0.,-1.));
#1502 = DIRECTION('',(1.,0.,0.));
#1503 = DEFINITIONAL_REPRESENTATION('',(#1504),#1508);
#1504 = LINE('',#1505,#1506);
#1505 = CARTESIAN_POINT('',(-6.28318530718,-9.));
#1506 = VECTOR('',#1507,1.);
#1507 = DIRECTION('',(1.,-0.));
#1508 = ( GEOMETRIC_REPRESENTATION_CONTEXT(2) 
PARAMETRIC_REPRESENTATION_CONTEXT() REPRESENTATION_CONTEXT('2D SPACE',''
  ) );
#1509 = ORIENTED_EDGE('',*,*,#1510,.T.);
#1510 = EDGE_CURVE('',#1478,#192,#1511,.T.);
#1511 = SURFACE_CURVE('',#1512,(#1516,#1522),.PCURVE_S1.);
#1512 = LINE('',#1513,#1514);
#1513 = CARTESIAN_POINT('',(48.600489368183,29.782418188809,8.));
#1514 = VECTOR('',#1515,1.);
#1515 = DIRECTION('',(0.852640164354,0.522498564716,-0.));
#1516 = PCURVE('',#124,#1517);
#1517 = DEFINITIONAL_REPRESENTATION('',(#1518),#1521);
#1518 = B_SPLINE_CURVE_WITH_KNOTS('',1,(#1519,#1520),.UNSPECIFIED.,.F.,
  .F.,(2,2),(-24.5,-19.),.PIECEWISE_BEZIER_KNOTS.);
#1519 = CARTESIAN_POINT('',(29.573741303488,13.477530386328));
#1520 = CARTESIAN_POINT('',(34.578528293309,15.758343220937));
#1521 = ( GEOMETRIC_REPRESENTATION_CONTEXT(2) 
PARAMETRIC_REPRESENTATION_CONTEXT() REPRESENTATION_CONTEXT('2D SPACE',''
  ) );
#1522 = PCURVE('',#206,#1523);
#1523 = DEFINITIONAL_REPRESENTATION('',(#1524),#1527);
#1524 = B_SPLINE_CURVE_WITH_KNOTS('',1,(#1525,#1526),.UNSPECIFIED.,.F.,
  .F.,(2,2),(-24.5,-19.),.PIECEWISE_BEZIER_KNOTS.);
#1525 = CARTESIAN_POINT('',(81.5,-10.));
#1526 = CARTESIAN_POINT('',(76.,-10.));
#1527 = ( GEOMETRIC_REPRESENTATION_CONTEXT(2) 
PARAMETRIC_REPRESENTATION_CONTEXT() REPRESENTATION_CONTEXT('2D SPACE',''
  ) );
#1528 = ORIENTED_EDGE('',*,*,#217,.T.);
#1529 = ORIENTED_EDGE('',*,*,#1530,.T.);
#1530 = EDGE_CURVE('',#218,#1531,#1533,.T.);
#1531 = VERTEX_POINT('',#1532);
#1532 = CARTESIAN_POINT('',(26.754289586584,20.160803275594,8.));
#1533 = SURFACE_CURVE('',#1534,(#1538,#1544),.PCURVE_S1.);
#1534 = LINE('',#1535,#1536);
#1535 = CARTESIAN_POINT('',(-1.750243658583E-16,-1.318903197592E-16,8.)
  );
#1536 = VECTOR('',#1537,1.);
#1537 = DIRECTION('',(-0.798635510047,-0.601815023152,0.));
#1538 = PCURVE('',#124,#1539);
#1539 = DEFINITIONAL_REPRESENTATION('',(#1540),#1543);
#1540 = B_SPLINE_CURVE_WITH_KNOTS('',1,(#1541,#1542),.UNSPECIFIED.,.F.,
  .F.,(2,2),(-37.,-33.5),.PIECEWISE_BEZIER_KNOTS.);
#1541 = CARTESIAN_POINT('',(32.042939940024,18.5));
#1542 = CARTESIAN_POINT('',(29.011851026779,16.75));
#1543 = ( GEOMETRIC_REPRESENTATION_CONTEXT(2) 
PARAMETRIC_REPRESENTATION_CONTEXT() REPRESENTATION_CONTEXT('2D SPACE',''
  ) );
#1544 = PCURVE('',#255,#1545);
#1545 = DEFINITIONAL_REPRESENTATION('',(#1546),#1549);
#1546 = B_SPLINE_CURVE_WITH_KNOTS('',1,(#1547,#1548),.UNSPECIFIED.,.F.,
  .F.,(2,2),(-37.,-33.5),.PIECEWISE_BEZIER_KNOTS.);
#1547 = CARTESIAN_POINT('',(37.,-9.));
#1548 = CARTESIAN_POINT('',(33.5,-9.));
#1549 = ( GEOMETRIC_REPRESENTATION_CONTEXT(2) 
PARAMETRIC_REPRESENTATION_CONTEXT() REPRESENTATION_CONTEXT('2D SPACE',''
  ) );
#1550 = ORIENTED_EDGE('',*,*,#1551,.F.);
#1551 = EDGE_CURVE('',#1552,#1531,#1554,.T.);
#1552 = VERTEX_POINT('',#1553);
#1553 = CARTESIAN_POINT('',(25.579875678454,21.631457654879,8.));
#1554 = SURFACE_CURVE('',#1555,(#1560,#1571),.PCURVE_S1.);
#1555 = CIRCLE('',#1556,33.5);
#1556 = AXIS2_PLACEMENT_3D('',#1557,#1558,#1559);
#1557 = CARTESIAN_POINT('',(1.75139182436E-13,1.53630861786E-15,8.));
#1558 = DIRECTION('',(0.,0.,-1.));
#1559 = DIRECTION('',(1.,0.,0.));
#1560 = PCURVE('',#124,#1561);
#1561 = DEFINITIONAL_REPRESENTATION('',(#1562),#1570);
#1562 = ( BOUNDED_CURVE() B_SPLINE_CURVE(2,(#1563,#1564,#1565,#1566,
#1567,#1568,#1569),.UNSPECIFIED.,.T.,.F.) B_SPLINE_CURVE_WITH_KNOTS((1,2
    ,2,2,2,1),(-2.094395102393,0.,2.094395102393,4.188790204786,
6.28318530718,8.377580409573),.UNSPECIFIED.) CURVE() 
GEOMETRIC_REPRESENTATION_ITEM() RATIONAL_B_SPLINE_CURVE((1.,0.5,1.,0.5,
1.,0.5,1.)) REPRESENTATION_ITEM('') );
#1563 = CARTESIAN_POINT('',(33.250296079984,-4.082623004072));
#1564 = CARTESIAN_POINT('',(26.178985608782,-61.67382518131));
#1565 = CARTESIAN_POINT('',(-20.16080327559,-26.75428958658));
#1566 = CARTESIAN_POINT('',(-66.50059215996,8.165246008145));
#1567 = CARTESIAN_POINT('',(-13.08949280439,30.836912590657));
#1568 = CARTESIAN_POINT('',(40.321606551187,53.508579173169));
#1569 = CARTESIAN_POINT('',(33.250296079984,-4.082623004072));
#1570 = ( GEOMETRIC_REPRESENTATION_CONTEXT(2) 
PARAMETRIC_REPRESENTATION_CONTEXT() REPRESENTATION_CONTEXT('2D SPACE',''
  ) );
#1571 = PCURVE('',#1572,#1577);
#1572 = CYLINDRICAL_SURFACE('',#1573,33.5);
#1573 = AXIS2_PLACEMENT_3D('',#1574,#1575,#1576);
#1574 = CARTESIAN_POINT('',(1.75139182436E-13,1.53630861786E-15,0.));
#1575 = DIRECTION('',(-0.,-0.,-1.));
#1576 = DIRECTION('',(1.,0.,0.));
#1577 = DEFINITIONAL_REPRESENTATION('',(#1578),#1582);
#1578 = LINE('',#1579,#1580);
#1579 = CARTESIAN_POINT('',(-6.28318530718,-8.));
#1580 = VECTOR('',#1581,1.);
#1581 = DIRECTION('',(1.,-0.));
#1582 = ( GEOMETRIC_REPRESENTATION_CONTEXT(2) 
PARAMETRIC_REPRESENTATION_CONTEXT() REPRESENTATION_CONTEXT('2D SPACE',''
  ) );
#1583 = ORIENTED_EDGE('',*,*,#1584,.T.);
#1584 = EDGE_CURVE('',#1552,#592,#1585,.T.);
#1585 = SURFACE_CURVE('',#1586,(#1591,#1602),.PCURVE_S1.);
#1586 = CIRCLE('',#1587,3.2);
#1587 = AXIS2_PLACEMENT_3D('',#1588,#1589,#1590);
#1588 = CARTESIAN_POINT('',(22.5,22.5,8.));
#1589 = DIRECTION('',(0.,0.,-1.));
#1590 = DIRECTION('',(1.,0.,0.));
#1591 = PCURVE('',#124,#1592);
#1592 = DEFINITIONAL_REPRESENTATION('',(#1593),#1601);
#1593 = ( BOUNDED_CURVE() B_SPLINE_CURVE(2,(#1594,#1595,#1596,#1597,
#1598,#1599,#1600),.UNSPECIFIED.,.T.,.F.) B_SPLINE_CURVE_WITH_KNOTS((1,2
    ,2,2,2,1),(-2.094395102393,0.,2.094395102393,4.188790204786,
6.28318530718,8.377580409573),.UNSPECIFIED.) CURVE() 
GEOMETRIC_REPRESENTATION_ITEM() RATIONAL_B_SPLINE_CURVE((1.,0.5,1.,0.5,
1.,0.5,1.)) REPRESENTATION_ITEM('') );
#1594 = CARTESIAN_POINT('',(28.250496323798,19.200246286417));
#1595 = CARTESIAN_POINT('',(27.575027860877,13.698997123218));
#1596 = CARTESIAN_POINT('',(23.148540564459,17.034594553163));
#1597 = CARTESIAN_POINT('',(18.722053268041,20.370191983107));
#1598 = CARTESIAN_POINT('',(23.82400902738,22.535843716362));
#1599 = CARTESIAN_POINT('',(28.925964786719,24.701495449617));
#1600 = CARTESIAN_POINT('',(28.250496323798,19.200246286417));
#1601 = ( GEOMETRIC_REPRESENTATION_CONTEXT(2) 
PARAMETRIC_REPRESENTATION_CONTEXT() REPRESENTATION_CONTEXT('2D SPACE',''
  ) );
#1602 = PCURVE('',#1603,#1608);
#1603 = CYLINDRICAL_SURFACE('',#1604,3.2);
#1604 = AXIS2_PLACEMENT_3D('',#1605,#1606,#1607);
#1605 = CARTESIAN_POINT('',(22.5,22.5,7.));
#1606 = DIRECTION('',(-0.,-0.,-1.));
#1607 = DIRECTION('',(1.,0.,0.));
#1608 = DEFINITIONAL_REPRESENTATION('',(#1609),#1613);
#1609 = LINE('',#1610,#1611);
#1610 = CARTESIAN_POINT('',(-6.28318530718,-1.));
#1611 = VECTOR('',#1612,1.);
#1612 = DIRECTION('',(1.,-0.));
#1613 = ( GEOMETRIC_REPRESENTATION_CONTEXT(2) 
PARAMETRIC_REPRESENTATION_CONTEXT() REPRESENTATION_CONTEXT('2D SPACE',''
  ) );
#1614 = FACE_BOUND('',#1615,.T.);
#1615 = EDGE_LOOP('',(#1616));
#1616 = ORIENTED_EDGE('',*,*,#1617,.F.);
#1617 = EDGE_CURVE('',#1618,#1618,#1620,.T.);
#1618 = VERTEX_POINT('',#1619);
#1619 = CARTESIAN_POINT('',(27.791292245957,3.412341615344,8.));
#1620 = SURFACE_CURVE('',#1621,(#1626,#1633),.PCURVE_S1.);
#1621 = CIRCLE('',#1622,28.);
#1622 = AXIS2_PLACEMENT_3D('',#1623,#1624,#1625);
#1623 = CARTESIAN_POINT('',(1.736464926059E-13,2.286895437438E-14,8.));
#1624 = DIRECTION('',(0.,-0.,1.));
#1625 = DIRECTION('',(0.992546151641,0.121869343405,0.));
#1626 = PCURVE('',#124,#1627);
#1627 = DEFINITIONAL_REPRESENTATION('',(#1628),#1632);
#1628 = CIRCLE('',#1629,28.);
#1629 = AXIS2_PLACEMENT_2D('',#1630,#1631);
#1630 = CARTESIAN_POINT('',(1.775044842869E-13,-1.68389736495E-15));
#1631 = DIRECTION('',(1.,0.));
#1632 = ( GEOMETRIC_REPRESENTATION_CONTEXT(2) 
PARAMETRIC_REPRESENTATION_CONTEXT() REPRESENTATION_CONTEXT('2D SPACE',''
  ) );
#1633 = PCURVE('',#1634,#1639);
#1634 = CYLINDRICAL_SURFACE('',#1635,28.);
#1635 = AXIS2_PLACEMENT_3D('',#1636,#1637,#1638);
#1636 = CARTESIAN_POINT('',(1.736464926059E-13,2.286895437438E-14,0.));
#1637 = DIRECTION('',(0.,-0.,-1.));
#1638 = DIRECTION('',(0.992546151641,0.121869343405,0.));
#1639 = DEFINITIONAL_REPRESENTATION('',(#1640),#1644);
#1640 = LINE('',#1641,#1642);
#1641 = CARTESIAN_POINT('',(-0.,-8.));
#1642 = VECTOR('',#1643,1.);
#1643 = DIRECTION('',(-1.,0.));
#1644 = ( GEOMETRIC_REPRESENTATION_CONTEXT(2) 
PARAMETRIC_REPRESENTATION_CONTEXT() REPRESENTATION_CONTEXT('2D SPACE',''
  ) );
#1645 = ADVANCED_FACE('',(#1646),#309,.F.);
#1646 = FACE_BOUND('',#1647,.F.);
#1647 = EDGE_LOOP('',(#1648,#1649,#1671,#1690));
#1648 = ORIENTED_EDGE('',*,*,#294,.F.);
#1649 = ORIENTED_EDGE('',*,*,#1650,.F.);
#1650 = EDGE_CURVE('',#1651,#267,#1653,.T.);
#1651 = VERTEX_POINT('',#1652);
#1652 = CARTESIAN_POINT('',(20.160803275594,26.754289586584,30.));
#1653 = SURFACE_CURVE('',#1654,(#1658,#1664),.PCURVE_S1.);
#1654 = LINE('',#1655,#1656);
#1655 = CARTESIAN_POINT('',(33.400733784939,44.324270807625,30.));
#1656 = VECTOR('',#1657,1.);
#1657 = DIRECTION('',(0.601815023152,0.798635510047,-0.));
#1658 = PCURVE('',#309,#1659);
#1659 = DEFINITIONAL_REPRESENTATION('',(#1660),#1663);
#1660 = B_SPLINE_CURVE_WITH_KNOTS('',1,(#1661,#1662),.UNSPECIFIED.,.F.,
  .F.,(2,2),(-55.5,-9.17098064822),.PIECEWISE_BEZIER_KNOTS.);
#1661 = CARTESIAN_POINT('',(111.,-31.));
#1662 = CARTESIAN_POINT('',(64.67098064822,-31.));
#1663 = ( GEOMETRIC_REPRESENTATION_CONTEXT(2) 
PARAMETRIC_REPRESENTATION_CONTEXT() REPRESENTATION_CONTEXT('2D SPACE',''
  ) );
#1664 = PCURVE('',#282,#1665);
#1665 = DEFINITIONAL_REPRESENTATION('',(#1666),#1670);
#1666 = LINE('',#1667,#1668);
#1667 = CARTESIAN_POINT('',(33.400733784939,44.324270807625));
#1668 = VECTOR('',#1669,1.);
#1669 = DIRECTION('',(0.601815023152,0.798635510047));
#1670 = ( GEOMETRIC_REPRESENTATION_CONTEXT(2) 
PARAMETRIC_REPRESENTATION_CONTEXT() REPRESENTATION_CONTEXT('2D SPACE',''
  ) );
#1671 = ORIENTED_EDGE('',*,*,#1672,.T.);
#1672 = EDGE_CURVE('',#1651,#590,#1673,.T.);
#1673 = SURFACE_CURVE('',#1674,(#1678,#1684),.PCURVE_S1.);
#1674 = LINE('',#1675,#1676);
#1675 = CARTESIAN_POINT('',(20.160803275594,26.754289586584,0.));
#1676 = VECTOR('',#1677,1.);
#1677 = DIRECTION('',(-0.,-0.,-1.));
#1678 = PCURVE('',#309,#1679);
#1679 = DEFINITIONAL_REPRESENTATION('',(#1680),#1683);
#1680 = B_SPLINE_CURVE_WITH_KNOTS('',1,(#1681,#1682),.UNSPECIFIED.,.F.,
  .F.,(2,2),(-30.0000006,6.E-07),.PIECEWISE_BEZIER_KNOTS.);
#1681 = CARTESIAN_POINT('',(77.5,-31.0000006));
#1682 = CARTESIAN_POINT('',(77.5,-0.9999994));
#1683 = ( GEOMETRIC_REPRESENTATION_CONTEXT(2) 
PARAMETRIC_REPRESENTATION_CONTEXT() REPRESENTATION_CONTEXT('2D SPACE',''
  ) );
#1684 = PCURVE('',#612,#1685);
#1685 = DEFINITIONAL_REPRESENTATION('',(#1686),#1689);
#1686 = B_SPLINE_CURVE_WITH_KNOTS('',1,(#1687,#1688),.UNSPECIFIED.,.F.,
  .F.,(2,2),(-30.0000006,6.E-07),.PIECEWISE_BEZIER_KNOTS.);
#1687 = CARTESIAN_POINT('',(-0.925024503557,-30.0000006));
#1688 = CARTESIAN_POINT('',(-0.925024503557,6.E-07));
#1689 = ( GEOMETRIC_REPRESENTATION_CONTEXT(2) 
PARAMETRIC_REPRESENTATION_CONTEXT() REPRESENTATION_CONTEXT('2D SPACE',''
  ) );
#1690 = ORIENTED_EDGE('',*,*,#624,.T.);
#1691 = ADVANCED_FACE('',(#1692,#1788),#282,.T.);
#1692 = FACE_BOUND('',#1693,.T.);
#1693 = EDGE_LOOP('',(#1694,#1716,#1717,#1718,#1742,#1766));
#1694 = ORIENTED_EDGE('',*,*,#1695,.F.);
#1695 = EDGE_CURVE('',#241,#1696,#1698,.T.);
#1696 = VERTEX_POINT('',#1697);
#1697 = CARTESIAN_POINT('',(26.754289586584,20.160803275594,30.));
#1698 = SURFACE_CURVE('',#1699,(#1703,#1710),.PCURVE_S1.);
#1699 = LINE('',#1700,#1701);
#1700 = CARTESIAN_POINT('',(1.954831638548E-17,1.473071298497E-17,30.));
#1701 = VECTOR('',#1702,1.);
#1702 = DIRECTION('',(-0.798635510047,-0.601815023152,0.));
#1703 = PCURVE('',#282,#1704);
#1704 = DEFINITIONAL_REPRESENTATION('',(#1705),#1709);
#1705 = LINE('',#1706,#1707);
#1706 = CARTESIAN_POINT('',(2.384850167264E-15,-3.205475269825E-15));
#1707 = VECTOR('',#1708,1.);
#1708 = DIRECTION('',(-0.798635510047,-0.601815023152));
#1709 = ( GEOMETRIC_REPRESENTATION_CONTEXT(2) 
PARAMETRIC_REPRESENTATION_CONTEXT() REPRESENTATION_CONTEXT('2D SPACE',''
  ) );
#1710 = PCURVE('',#255,#1711);
#1711 = DEFINITIONAL_REPRESENTATION('',(#1712),#1715);
#1712 = B_SPLINE_CURVE_WITH_KNOTS('',1,(#1713,#1714),.UNSPECIFIED.,.F.,
  .F.,(2,2),(-46.32901935178,2.447714400318E-17),
  .PIECEWISE_BEZIER_KNOTS.);
#1713 = CARTESIAN_POINT('',(46.32901935178,-31.));
#1714 = CARTESIAN_POINT('',(0.,-31.));
#1715 = ( GEOMETRIC_REPRESENTATION_CONTEXT(2) 
PARAMETRIC_REPRESENTATION_CONTEXT() REPRESENTATION_CONTEXT('2D SPACE',''
  ) );
#1716 = ORIENTED_EDGE('',*,*,#266,.T.);
#1717 = ORIENTED_EDGE('',*,*,#1650,.F.);
#1718 = ORIENTED_EDGE('',*,*,#1719,.F.);
#1719 = EDGE_CURVE('',#1720,#1651,#1722,.T.);
#1720 = VERTEX_POINT('',#1721);
#1721 = CARTESIAN_POINT('',(21.631457654879,25.579875678454,30.));
#1722 = SURFACE_CURVE('',#1723,(#1728,#1735),.PCURVE_S1.);
#1723 = CIRCLE('',#1724,33.5);
#1724 = AXIS2_PLACEMENT_3D('',#1725,#1726,#1727);
#1725 = CARTESIAN_POINT('',(1.75139182436E-13,1.53630861786E-15,30.));
#1726 = DIRECTION('',(0.,0.,1.));
#1727 = DIRECTION('',(1.,0.,0.));
#1728 = PCURVE('',#282,#1729);
#1729 = DEFINITIONAL_REPRESENTATION('',(#1730),#1734);
#1730 = CIRCLE('',#1731,33.5);
#1731 = AXIS2_PLACEMENT_2D('',#1732,#1733);
#1732 = CARTESIAN_POINT('',(1.775044842869E-13,-1.68389736495E-15));
#1733 = DIRECTION('',(1.,0.));
#1734 = ( GEOMETRIC_REPRESENTATION_CONTEXT(2) 
PARAMETRIC_REPRESENTATION_CONTEXT() REPRESENTATION_CONTEXT('2D SPACE',''
  ) );
#1735 = PCURVE('',#612,#1736);
#1736 = DEFINITIONAL_REPRESENTATION('',(#1737),#1741);
#1737 = LINE('',#1738,#1739);
#1738 = CARTESIAN_POINT('',(-0.,-30.));
#1739 = VECTOR('',#1740,1.);
#1740 = DIRECTION('',(-1.,0.));
#1741 = ( GEOMETRIC_REPRESENTATION_CONTEXT(2) 
PARAMETRIC_REPRESENTATION_CONTEXT() REPRESENTATION_CONTEXT('2D SPACE',''
  ) );
#1742 = ORIENTED_EDGE('',*,*,#1743,.T.);
#1743 = EDGE_CURVE('',#1720,#1744,#1746,.T.);
#1744 = VERTEX_POINT('',#1745);
#1745 = CARTESIAN_POINT('',(25.579875678454,21.631457654879,30.));
#1746 = SURFACE_CURVE('',#1747,(#1752,#1759),.PCURVE_S1.);
#1747 = CIRCLE('',#1748,3.2);
#1748 = AXIS2_PLACEMENT_3D('',#1749,#1750,#1751);
#1749 = CARTESIAN_POINT('',(22.5,22.5,30.));
#1750 = DIRECTION('',(0.,0.,1.));
#1751 = DIRECTION('',(1.,0.,0.));
#1752 = PCURVE('',#282,#1753);
#1753 = DEFINITIONAL_REPRESENTATION('',(#1754),#1758);
#1754 = CIRCLE('',#1755,3.2);
#1755 = AXIS2_PLACEMENT_2D('',#1756,#1757);
#1756 = CARTESIAN_POINT('',(22.5,22.5));
#1757 = DIRECTION('',(1.,0.));
#1758 = ( GEOMETRIC_REPRESENTATION_CONTEXT(2) 
PARAMETRIC_REPRESENTATION_CONTEXT() REPRESENTATION_CONTEXT('2D SPACE',''
  ) );
#1759 = PCURVE('',#1603,#1760);
#1760 = DEFINITIONAL_REPRESENTATION('',(#1761),#1765);
#1761 = LINE('',#1762,#1763);
#1762 = CARTESIAN_POINT('',(-0.,-23.));
#1763 = VECTOR('',#1764,1.);
#1764 = DIRECTION('',(-1.,0.));
#1765 = ( GEOMETRIC_REPRESENTATION_CONTEXT(2) 
PARAMETRIC_REPRESENTATION_CONTEXT() REPRESENTATION_CONTEXT('2D SPACE',''
  ) );
#1766 = ORIENTED_EDGE('',*,*,#1767,.F.);
#1767 = EDGE_CURVE('',#1696,#1744,#1768,.T.);
#1768 = SURFACE_CURVE('',#1769,(#1774,#1781),.PCURVE_S1.);
#1769 = CIRCLE('',#1770,33.5);
#1770 = AXIS2_PLACEMENT_3D('',#1771,#1772,#1773);
#1771 = CARTESIAN_POINT('',(1.75139182436E-13,1.53630861786E-15,30.));
#1772 = DIRECTION('',(0.,0.,1.));
#1773 = DIRECTION('',(1.,0.,0.));
#1774 = PCURVE('',#282,#1775);
#1775 = DEFINITIONAL_REPRESENTATION('',(#1776),#1780);
#1776 = CIRCLE('',#1777,33.5);
#1777 = AXIS2_PLACEMENT_2D('',#1778,#1779);
#1778 = CARTESIAN_POINT('',(1.775044842869E-13,-1.68389736495E-15));
#1779 = DIRECTION('',(1.,0.));
#1780 = ( GEOMETRIC_REPRESENTATION_CONTEXT(2) 
PARAMETRIC_REPRESENTATION_CONTEXT() REPRESENTATION_CONTEXT('2D SPACE',''
  ) );
#1781 = PCURVE('',#1572,#1782);
#1782 = DEFINITIONAL_REPRESENTATION('',(#1783),#1787);
#1783 = LINE('',#1784,#1785);
#1784 = CARTESIAN_POINT('',(-0.,-30.));
#1785 = VECTOR('',#1786,1.);
#1786 = DIRECTION('',(-1.,0.));
#1787 = ( GEOMETRIC_REPRESENTATION_CONTEXT(2) 
PARAMETRIC_REPRESENTATION_CONTEXT() REPRESENTATION_CONTEXT('2D SPACE',''
  ) );
#1788 = FACE_BOUND('',#1789,.T.);
#1789 = EDGE_LOOP('',(#1790));
#1790 = ORIENTED_EDGE('',*,*,#1791,.T.);
#1791 = EDGE_CURVE('',#1792,#1792,#1794,.T.);
#1792 = VERTEX_POINT('',#1793);
#1793 = CARTESIAN_POINT('',(24.2,22.5,30.));
#1794 = SURFACE_CURVE('',#1795,(#1800,#1811),.PCURVE_S1.);
#1795 = CIRCLE('',#1796,1.7);
#1796 = AXIS2_PLACEMENT_3D('',#1797,#1798,#1799);
#1797 = CARTESIAN_POINT('',(22.5,22.5,30.));
#1798 = DIRECTION('',(0.,0.,-1.));
#1799 = DIRECTION('',(1.,0.,0.));
#1800 = PCURVE('',#282,#1801);
#1801 = DEFINITIONAL_REPRESENTATION('',(#1802),#1810);
#1802 = ( BOUNDED_CURVE() B_SPLINE_CURVE(2,(#1803,#1804,#1805,#1806,
#1807,#1808,#1809),.UNSPECIFIED.,.T.,.F.) B_SPLINE_CURVE_WITH_KNOTS((1,2
    ,2,2,2,1),(-2.094395102393,0.,2.094395102393,4.188790204786,
6.28318530718,8.377580409573),.UNSPECIFIED.) CURVE() 
GEOMETRIC_REPRESENTATION_ITEM() RATIONAL_B_SPLINE_CURVE((1.,0.5,1.,0.5,
1.,0.5,1.)) REPRESENTATION_ITEM('') );
#1803 = CARTESIAN_POINT('',(24.2,22.5));
#1804 = CARTESIAN_POINT('',(24.2,19.555513627133));
#1805 = CARTESIAN_POINT('',(21.65,21.027756813566));
#1806 = CARTESIAN_POINT('',(19.1,22.5));
#1807 = CARTESIAN_POINT('',(21.65,23.972243186434));
#1808 = CARTESIAN_POINT('',(24.2,25.444486372867));
#1809 = CARTESIAN_POINT('',(24.2,22.5));
#1810 = ( GEOMETRIC_REPRESENTATION_CONTEXT(2) 
PARAMETRIC_REPRESENTATION_CONTEXT() REPRESENTATION_CONTEXT('2D SPACE',''
  ) );
#1811 = PCURVE('',#1812,#1817);
#1812 = CYLINDRICAL_SURFACE('',#1813,1.7);
#1813 = AXIS2_PLACEMENT_3D('',#1814,#1815,#1816);
#1814 = CARTESIAN_POINT('',(22.5,22.5,-1.));
#1815 = DIRECTION('',(-0.,-0.,-1.));
#1816 = DIRECTION('',(1.,0.,0.));
#1817 = DEFINITIONAL_REPRESENTATION('',(#1818),#1822);
#1818 = LINE('',#1819,#1820);
#1819 = CARTESIAN_POINT('',(-6.28318530718,-31.));
#1820 = VECTOR('',#1821,1.);
#1821 = DIRECTION('',(1.,-0.));
#1822 = ( GEOMETRIC_REPRESENTATION_CONTEXT(2) 
PARAMETRIC_REPRESENTATION_CONTEXT() REPRESENTATION_CONTEXT('2D SPACE',''
  ) );
#1823 = ADVANCED_FACE('',(#1824),#255,.F.);
#1824 = FACE_BOUND('',#1825,.F.);
#1825 = EDGE_LOOP('',(#1826,#1827,#1828,#1829));
#1826 = ORIENTED_EDGE('',*,*,#1695,.F.);
#1827 = ORIENTED_EDGE('',*,*,#240,.T.);
#1828 = ORIENTED_EDGE('',*,*,#1530,.T.);
#1829 = ORIENTED_EDGE('',*,*,#1830,.F.);
#1830 = EDGE_CURVE('',#1696,#1531,#1831,.T.);
#1831 = SURFACE_CURVE('',#1832,(#1836,#1842),.PCURVE_S1.);
#1832 = LINE('',#1833,#1834);
#1833 = CARTESIAN_POINT('',(26.754289586584,20.160803275594,0.));
#1834 = VECTOR('',#1835,1.);
#1835 = DIRECTION('',(-0.,-0.,-1.));
#1836 = PCURVE('',#255,#1837);
#1837 = DEFINITIONAL_REPRESENTATION('',(#1838),#1841);
#1838 = B_SPLINE_CURVE_WITH_KNOTS('',1,(#1839,#1840),.UNSPECIFIED.,.F.,
  .F.,(2,2),(-30.0000006,6.E-07),.PIECEWISE_BEZIER_KNOTS.);
#1839 = CARTESIAN_POINT('',(33.5,-31.0000006));
#1840 = CARTESIAN_POINT('',(33.5,-0.9999994));
#1841 = ( GEOMETRIC_REPRESENTATION_CONTEXT(2) 
PARAMETRIC_REPRESENTATION_CONTEXT() REPRESENTATION_CONTEXT('2D SPACE',''
  ) );
#1842 = PCURVE('',#1572,#1843);
#1843 = DEFINITIONAL_REPRESENTATION('',(#1844),#1847);
#1844 = B_SPLINE_CURVE_WITH_KNOTS('',1,(#1845,#1846),.UNSPECIFIED.,.F.,
  .F.,(2,2),(-30.0000006,6.E-07),.PIECEWISE_BEZIER_KNOTS.);
#1845 = CARTESIAN_POINT('',(-0.645771823238,-30.0000006));
#1846 = CARTESIAN_POINT('',(-0.645771823238,6.E-07));
#1847 = ( GEOMETRIC_REPRESENTATION_CONTEXT(2) 
PARAMETRIC_REPRESENTATION_CONTEXT() REPRESENTATION_CONTEXT('2D SPACE',''
  ) );
#1848 = ADVANCED_FACE('',(#1849),#206,.T.);
#1849 = FACE_BOUND('',#1850,.T.);
#1850 = EDGE_LOOP('',(#1851,#1852,#1873,#1892));
#1851 = ORIENTED_EDGE('',*,*,#1510,.F.);
#1852 = ORIENTED_EDGE('',*,*,#1853,.T.);
#1853 = EDGE_CURVE('',#1478,#1854,#1856,.T.);
#1854 = VERTEX_POINT('',#1855);
#1855 = CARTESIAN_POINT('',(27.710805341508,16.981203353268,0.));
#1856 = SURFACE_CURVE('',#1857,(#1861,#1867),.PCURVE_S1.);
#1857 = LINE('',#1858,#1859);
#1858 = CARTESIAN_POINT('',(27.710805341508,16.981203353268,-1.));
#1859 = VECTOR('',#1860,1.);
#1860 = DIRECTION('',(-0.,-0.,-1.));
#1861 = PCURVE('',#206,#1862);
#1862 = DEFINITIONAL_REPRESENTATION('',(#1863),#1866);
#1863 = B_SPLINE_CURVE_WITH_KNOTS('',1,(#1864,#1865),.UNSPECIFIED.,.F.,
  .F.,(2,2),(-10.0000006,5.999999999062E-07),.PIECEWISE_BEZIER_KNOTS.);
#1864 = CARTESIAN_POINT('',(81.5,-11.0000006));
#1865 = CARTESIAN_POINT('',(81.5,-0.9999994));
#1866 = ( GEOMETRIC_REPRESENTATION_CONTEXT(2) 
PARAMETRIC_REPRESENTATION_CONTEXT() REPRESENTATION_CONTEXT('2D SPACE',''
  ) );
#1867 = PCURVE('',#1498,#1868);
#1868 = DEFINITIONAL_REPRESENTATION('',(#1869),#1872);
#1869 = B_SPLINE_CURVE_WITH_KNOTS('',1,(#1870,#1871),.UNSPECIFIED.,.F.,
  .F.,(2,2),(-10.0000006,5.999999999062E-07),.PIECEWISE_BEZIER_KNOTS.);
#1870 = CARTESIAN_POINT('',(-0.549778714378,-10.0000006));
#1871 = CARTESIAN_POINT('',(-0.549778714378,5.999999999062E-07));
#1872 = ( GEOMETRIC_REPRESENTATION_CONTEXT(2) 
PARAMETRIC_REPRESENTATION_CONTEXT() REPRESENTATION_CONTEXT('2D SPACE',''
  ) );
#1873 = ORIENTED_EDGE('',*,*,#1874,.T.);
#1874 = EDGE_CURVE('',#1854,#163,#1875,.T.);
#1875 = SURFACE_CURVE('',#1876,(#1880,#1886),.PCURVE_S1.);
#1876 = LINE('',#1877,#1878);
#1877 = CARTESIAN_POINT('',(48.600489368183,29.782418188809,0.));
#1878 = VECTOR('',#1879,1.);
#1879 = DIRECTION('',(0.852640164354,0.522498564716,-0.));
#1880 = PCURVE('',#206,#1881);
#1881 = DEFINITIONAL_REPRESENTATION('',(#1882),#1885);
#1882 = B_SPLINE_CURVE_WITH_KNOTS('',1,(#1883,#1884),.UNSPECIFIED.,.F.,
  .F.,(2,2),(-24.5,-19.),.PIECEWISE_BEZIER_KNOTS.);
#1883 = CARTESIAN_POINT('',(81.5,-2.));
#1884 = CARTESIAN_POINT('',(76.,-2.));
#1885 = ( GEOMETRIC_REPRESENTATION_CONTEXT(2) 
PARAMETRIC_REPRESENTATION_CONTEXT() REPRESENTATION_CONTEXT('2D SPACE',''
  ) );
#1886 = PCURVE('',#179,#1887);
#1887 = DEFINITIONAL_REPRESENTATION('',(#1888),#1891);
#1888 = B_SPLINE_CURVE_WITH_KNOTS('',1,(#1889,#1890),.UNSPECIFIED.,.F.,
  .F.,(2,2),(-24.5,-19.),.PIECEWISE_BEZIER_KNOTS.);
#1889 = CARTESIAN_POINT('',(29.573741303488,13.477530386328));
#1890 = CARTESIAN_POINT('',(34.578528293309,15.758343220937));
#1891 = ( GEOMETRIC_REPRESENTATION_CONTEXT(2) 
PARAMETRIC_REPRESENTATION_CONTEXT() REPRESENTATION_CONTEXT('2D SPACE',''
  ) );
#1892 = ORIENTED_EDGE('',*,*,#191,.F.);
#1893 = ADVANCED_FACE('',(#1894,#2227,#2385,#2543,#2701,#2727),#179,.F.
  );
#1894 = FACE_BOUND('',#1895,.F.);
#1895 = EDGE_LOOP('',(#1896,#1924,#1925,#1926,#1947,#1975,#1996,#2020,
    #2041,#2069,#2090,#2114,#2135,#2163,#2184,#2208));
#1896 = ORIENTED_EDGE('',*,*,#1897,.F.);
#1897 = EDGE_CURVE('',#1854,#1898,#1900,.T.);
#1898 = VERTEX_POINT('',#1899);
#1899 = CARTESIAN_POINT('',(31.602022412925,7.586974325317,0.));
#1900 = SURFACE_CURVE('',#1901,(#1906,#1917),.PCURVE_S1.);
#1901 = CIRCLE('',#1902,32.5);
#1902 = AXIS2_PLACEMENT_3D('',#1903,#1904,#1905);
#1903 = CARTESIAN_POINT('',(1.817493524102E-13,1.495879443705E-15,0.));
#1904 = DIRECTION('',(0.,0.,-1.));
#1905 = DIRECTION('',(1.,0.,0.));
#1906 = PCURVE('',#179,#1907);
#1907 = DEFINITIONAL_REPRESENTATION('',(#1908),#1916);
#1908 = ( BOUNDED_CURVE() B_SPLINE_CURVE(2,(#1909,#1910,#1911,#1912,
#1913,#1914,#1915),.UNSPECIFIED.,.T.,.F.) B_SPLINE_CURVE_WITH_KNOTS((1,2
    ,2,2,2,1),(-2.094395102393,0.,2.094395102393,4.188790204786,
6.28318530718,8.377580409573),.UNSPECIFIED.) CURVE() 
GEOMETRIC_REPRESENTATION_ITEM() RATIONAL_B_SPLINE_CURVE((1.,0.5,1.,0.5,
1.,0.5,1.)) REPRESENTATION_ITEM('') );
#1909 = CARTESIAN_POINT('',(32.257749928343,-3.960753660667));
#1910 = CARTESIAN_POINT('',(25.397523351803,-59.8328154744));
#1911 = CARTESIAN_POINT('',(-19.55898825244,-25.95565407653));
#1912 = CARTESIAN_POINT('',(-64.51549985668,7.921507321335));
#1913 = CARTESIAN_POINT('',(-12.6987616759,29.916407737204));
#1914 = CARTESIAN_POINT('',(39.117976504883,51.911308153074));
#1915 = CARTESIAN_POINT('',(32.257749928343,-3.960753660667));
#1916 = ( GEOMETRIC_REPRESENTATION_CONTEXT(2) 
PARAMETRIC_REPRESENTATION_CONTEXT() REPRESENTATION_CONTEXT('2D SPACE',''
  ) );
#1917 = PCURVE('',#1498,#1918);
#1918 = DEFINITIONAL_REPRESENTATION('',(#1919),#1923);
#1919 = LINE('',#1920,#1921);
#1920 = CARTESIAN_POINT('',(-6.28318530718,-1.));
#1921 = VECTOR('',#1922,1.);
#1922 = DIRECTION('',(1.,-0.));
#1923 = ( GEOMETRIC_REPRESENTATION_CONTEXT(2) 
PARAMETRIC_REPRESENTATION_CONTEXT() REPRESENTATION_CONTEXT('2D SPACE',''
  ) );
#1924 = ORIENTED_EDGE('',*,*,#1874,.T.);
#1925 = ORIENTED_EDGE('',*,*,#162,.T.);
#1926 = ORIENTED_EDGE('',*,*,#1927,.T.);
#1927 = EDGE_CURVE('',#137,#1928,#1930,.T.);
#1928 = VERTEX_POINT('',#1929);
#1929 = CARTESIAN_POINT('',(-27.7108053415,16.981203353268,0.));
#1930 = SURFACE_CURVE('',#1931,(#1935,#1941),.PCURVE_S1.);
#1931 = LINE('',#1932,#1933);
#1932 = CARTESIAN_POINT('',(-1.643775078954E-15,1.007306663908E-15,0.));
#1933 = VECTOR('',#1934,1.);
#1934 = DIRECTION('',(0.852640164354,-0.522498564716,0.));
#1935 = PCURVE('',#179,#1936);
#1936 = DEFINITIONAL_REPRESENTATION('',(#1937),#1940);
#1937 = B_SPLINE_CURVE_WITH_KNOTS('',1,(#1938,#1939),.UNSPECIFIED.,.F.,
  .F.,(2,2),(-38.,-32.5),.PIECEWISE_BEZIER_KNOTS.);
#1938 = CARTESIAN_POINT('',(-29.73910996039,23.65555619223));
#1939 = CARTESIAN_POINT('',(-25.4347650977,20.231725690723));
#1940 = ( GEOMETRIC_REPRESENTATION_CONTEXT(2) 
PARAMETRIC_REPRESENTATION_CONTEXT() REPRESENTATION_CONTEXT('2D SPACE',''
  ) );
#1941 = PCURVE('',#151,#1942);
#1942 = DEFINITIONAL_REPRESENTATION('',(#1943),#1946);
#1943 = B_SPLINE_CURVE_WITH_KNOTS('',1,(#1944,#1945),.UNSPECIFIED.,.F.,
  .F.,(2,2),(-38.,-32.5),.PIECEWISE_BEZIER_KNOTS.);
#1944 = CARTESIAN_POINT('',(38.,-2.));
#1945 = CARTESIAN_POINT('',(32.5,-2.));
#1946 = ( GEOMETRIC_REPRESENTATION_CONTEXT(2) 
PARAMETRIC_REPRESENTATION_CONTEXT() REPRESENTATION_CONTEXT('2D SPACE',''
  ) );
#1947 = ORIENTED_EDGE('',*,*,#1948,.F.);
#1948 = EDGE_CURVE('',#1949,#1928,#1951,.T.);
#1949 = VERTEX_POINT('',#1950);
#1950 = CARTESIAN_POINT('',(-31.60202241292,7.586974325317,0.));
#1951 = SURFACE_CURVE('',#1952,(#1957,#1968),.PCURVE_S1.);
#1952 = CIRCLE('',#1953,32.5);
#1953 = AXIS2_PLACEMENT_3D('',#1954,#1955,#1956);
#1954 = CARTESIAN_POINT('',(1.817493524102E-13,1.495879443705E-15,0.));
#1955 = DIRECTION('',(0.,0.,-1.));
#1956 = DIRECTION('',(1.,0.,0.));
#1957 = PCURVE('',#179,#1958);
#1958 = DEFINITIONAL_REPRESENTATION('',(#1959),#1967);
#1959 = ( BOUNDED_CURVE() B_SPLINE_CURVE(2,(#1960,#1961,#1962,#1963,
#1964,#1965,#1966),.UNSPECIFIED.,.T.,.F.) B_SPLINE_CURVE_WITH_KNOTS((1,2
    ,2,2,2,1),(-2.094395102393,0.,2.094395102393,4.188790204786,
6.28318530718,8.377580409573),.UNSPECIFIED.) CURVE() 
GEOMETRIC_REPRESENTATION_ITEM() RATIONAL_B_SPLINE_CURVE((1.,0.5,1.,0.5,
1.,0.5,1.)) REPRESENTATION_ITEM('') );
#1960 = CARTESIAN_POINT('',(32.257749928343,-3.960753660667));
#1961 = CARTESIAN_POINT('',(25.397523351803,-59.8328154744));
#1962 = CARTESIAN_POINT('',(-19.55898825244,-25.95565407653));
#1963 = CARTESIAN_POINT('',(-64.51549985668,7.921507321335));
#1964 = CARTESIAN_POINT('',(-12.6987616759,29.916407737204));
#1965 = CARTESIAN_POINT('',(39.117976504883,51.911308153074));
#1966 = CARTESIAN_POINT('',(32.257749928343,-3.960753660667));
#1967 = ( GEOMETRIC_REPRESENTATION_CONTEXT(2) 
PARAMETRIC_REPRESENTATION_CONTEXT() REPRESENTATION_CONTEXT('2D SPACE',''
  ) );
#1968 = PCURVE('',#801,#1969);
#1969 = DEFINITIONAL_REPRESENTATION('',(#1970),#1974);
#1970 = LINE('',#1971,#1972);
#1971 = CARTESIAN_POINT('',(-6.28318530718,-1.));
#1972 = VECTOR('',#1973,1.);
#1973 = DIRECTION('',(1.,-0.));
#1974 = ( GEOMETRIC_REPRESENTATION_CONTEXT(2) 
PARAMETRIC_REPRESENTATION_CONTEXT() REPRESENTATION_CONTEXT('2D SPACE',''
  ) );
#1975 = ORIENTED_EDGE('',*,*,#1976,.T.);
#1976 = EDGE_CURVE('',#1949,#1977,#1979,.T.);
#1977 = VERTEX_POINT('',#1978);
#1978 = CARTESIAN_POINT('',(-35.97768705471,8.637478462669,0.));
#1979 = SURFACE_CURVE('',#1980,(#1984,#1990),.PCURVE_S1.);
#1980 = LINE('',#1981,#1982);
#1981 = CARTESIAN_POINT('',(-55.42508546266,13.306385739787,
    2.22044604925E-16));
#1982 = VECTOR('',#1983,1.);
#1983 = DIRECTION('',(-0.972369920398,0.233445363856,0.));
#1984 = PCURVE('',#179,#1985);
#1985 = DEFINITIONAL_REPRESENTATION('',(#1986),#1989);
#1986 = B_SPLINE_CURVE_WITH_KNOTS('',1,(#1987,#1988),.UNSPECIFIED.,.F.,
  .F.,(2,2),(-24.5,-19.),.PIECEWISE_BEZIER_KNOTS.);
#1987 = CARTESIAN_POINT('',(-30.44184615057,11.381739890933));
#1988 = CARTESIAN_POINT('',(-35.59354319143,13.30788048786));
#1989 = ( GEOMETRIC_REPRESENTATION_CONTEXT(2) 
PARAMETRIC_REPRESENTATION_CONTEXT() REPRESENTATION_CONTEXT('2D SPACE',''
  ) );
#1990 = PCURVE('',#828,#1991);
#1991 = DEFINITIONAL_REPRESENTATION('',(#1992),#1995);
#1992 = B_SPLINE_CURVE_WITH_KNOTS('',1,(#1993,#1994),.UNSPECIFIED.,.F.,
  .F.,(2,2),(-24.5,-19.),.PIECEWISE_BEZIER_KNOTS.);
#1993 = CARTESIAN_POINT('',(81.5,-2.));
#1994 = CARTESIAN_POINT('',(76.,-2.));
#1995 = ( GEOMETRIC_REPRESENTATION_CONTEXT(2) 
PARAMETRIC_REPRESENTATION_CONTEXT() REPRESENTATION_CONTEXT('2D SPACE',''
  ) );
#1996 = ORIENTED_EDGE('',*,*,#1997,.T.);
#1997 = EDGE_CURVE('',#1977,#1998,#2000,.T.);
#1998 = VERTEX_POINT('',#1999);
#1999 = CARTESIAN_POINT('',(-35.97768705471,-8.637478462668,0.));
#2000 = SURFACE_CURVE('',#2001,(#2006,#2013),.PCURVE_S1.);
#2001 = CIRCLE('',#2002,37.);
#2002 = AXIS2_PLACEMENT_3D('',#2003,#2004,#2005);
#2003 = CARTESIAN_POINT('',(0.,0.,0.));
#2004 = DIRECTION('',(0.,-0.,1.));
#2005 = DIRECTION('',(0.852640164354,0.522498564716,0.));
#2006 = PCURVE('',#179,#2007);
#2007 = DEFINITIONAL_REPRESENTATION('',(#2008),#2012);
#2008 = CIRCLE('',#2009,37.);
#2009 = AXIS2_PLACEMENT_2D('',#2010,#2011);
#2010 = CARTESIAN_POINT('',(2.365301850879E-15,-3.22020598281E-15));
#2011 = DIRECTION('',(0.909961270877,0.414693242656));
#2012 = ( GEOMETRIC_REPRESENTATION_CONTEXT(2) 
PARAMETRIC_REPRESENTATION_CONTEXT() REPRESENTATION_CONTEXT('2D SPACE',''
  ) );
#2013 = PCURVE('',#856,#2014);
#2014 = DEFINITIONAL_REPRESENTATION('',(#2015),#2019);
#2015 = LINE('',#2016,#2017);
#2016 = CARTESIAN_POINT('',(-0.427605666739,0.));
#2017 = VECTOR('',#2018,1.);
#2018 = DIRECTION('',(-1.,0.));
#2019 = ( GEOMETRIC_REPRESENTATION_CONTEXT(2) 
PARAMETRIC_REPRESENTATION_CONTEXT() REPRESENTATION_CONTEXT('2D SPACE',''
  ) );
#2020 = ORIENTED_EDGE('',*,*,#2021,.T.);
#2021 = EDGE_CURVE('',#1998,#2022,#2024,.T.);
#2022 = VERTEX_POINT('',#2023);
#2023 = CARTESIAN_POINT('',(-31.60202241292,-7.586974325317,0.));
#2024 = SURFACE_CURVE('',#2025,(#2029,#2035),.PCURVE_S1.);
#2025 = LINE('',#2026,#2027);
#2026 = CARTESIAN_POINT('',(-9.653492554345E-16,-2.317598513236E-16,0.)
  );
#2027 = VECTOR('',#2028,1.);
#2028 = DIRECTION('',(0.972369920398,0.233445363856,-0.));
#2029 = PCURVE('',#179,#2030);
#2030 = DEFINITIONAL_REPRESENTATION('',(#2031),#2034);
#2031 = B_SPLINE_CURVE_WITH_KNOTS('',1,(#2032,#2033),.UNSPECIFIED.,.F.,
  .F.,(2,2),(-37.23938010986,-32.5),.PIECEWISE_BEZIER_KNOTS.);
#2032 = CARTESIAN_POINT('',(-37.,-4.215617507161));
#2033 = CARTESIAN_POINT('',(-32.29108530948,-3.679104447457));
#2034 = ( GEOMETRIC_REPRESENTATION_CONTEXT(2) 
PARAMETRIC_REPRESENTATION_CONTEXT() REPRESENTATION_CONTEXT('2D SPACE',''
  ) );
#2035 = PCURVE('',#882,#2036);
#2036 = DEFINITIONAL_REPRESENTATION('',(#2037),#2040);
#2037 = B_SPLINE_CURVE_WITH_KNOTS('',1,(#2038,#2039),.UNSPECIFIED.,.F.,
  .F.,(2,2),(-37.23938010986,-32.5),.PIECEWISE_BEZIER_KNOTS.);
#2038 = CARTESIAN_POINT('',(37.239380109861,-2.));
#2039 = CARTESIAN_POINT('',(32.5,-2.));
#2040 = ( GEOMETRIC_REPRESENTATION_CONTEXT(2) 
PARAMETRIC_REPRESENTATION_CONTEXT() REPRESENTATION_CONTEXT('2D SPACE',''
  ) );
#2041 = ORIENTED_EDGE('',*,*,#2042,.F.);
#2042 = EDGE_CURVE('',#2043,#2022,#2045,.T.);
#2043 = VERTEX_POINT('',#2044);
#2044 = CARTESIAN_POINT('',(-27.7108053415,-16.98120335326,0.));
#2045 = SURFACE_CURVE('',#2046,(#2051,#2062),.PCURVE_S1.);
#2046 = CIRCLE('',#2047,32.5);
#2047 = AXIS2_PLACEMENT_3D('',#2048,#2049,#2050);
#2048 = CARTESIAN_POINT('',(1.817493524102E-13,1.495879443705E-15,0.));
#2049 = DIRECTION('',(0.,0.,-1.));
#2050 = DIRECTION('',(1.,0.,0.));
#2051 = PCURVE('',#179,#2052);
#2052 = DEFINITIONAL_REPRESENTATION('',(#2053),#2061);
#2053 = ( BOUNDED_CURVE() B_SPLINE_CURVE(2,(#2054,#2055,#2056,#2057,
#2058,#2059,#2060),.UNSPECIFIED.,.T.,.F.) B_SPLINE_CURVE_WITH_KNOTS((1,2
    ,2,2,2,1),(-2.094395102393,0.,2.094395102393,4.188790204786,
6.28318530718,8.377580409573),.UNSPECIFIED.) CURVE() 
GEOMETRIC_REPRESENTATION_ITEM() RATIONAL_B_SPLINE_CURVE((1.,0.5,1.,0.5,
1.,0.5,1.)) REPRESENTATION_ITEM('') );
#2054 = CARTESIAN_POINT('',(32.257749928343,-3.960753660667));
#2055 = CARTESIAN_POINT('',(25.397523351803,-59.8328154744));
#2056 = CARTESIAN_POINT('',(-19.55898825244,-25.95565407653));
#2057 = CARTESIAN_POINT('',(-64.51549985668,7.921507321335));
#2058 = CARTESIAN_POINT('',(-12.6987616759,29.916407737204));
#2059 = CARTESIAN_POINT('',(39.117976504883,51.911308153074));
#2060 = CARTESIAN_POINT('',(32.257749928343,-3.960753660667));
#2061 = ( GEOMETRIC_REPRESENTATION_CONTEXT(2) 
PARAMETRIC_REPRESENTATION_CONTEXT() REPRESENTATION_CONTEXT('2D SPACE',''
  ) );
#2062 = PCURVE('',#914,#2063);
#2063 = DEFINITIONAL_REPRESENTATION('',(#2064),#2068);
#2064 = LINE('',#2065,#2066);
#2065 = CARTESIAN_POINT('',(-6.28318530718,-1.));
#2066 = VECTOR('',#2067,1.);
#2067 = DIRECTION('',(1.,-0.));
#2068 = ( GEOMETRIC_REPRESENTATION_CONTEXT(2) 
PARAMETRIC_REPRESENTATION_CONTEXT() REPRESENTATION_CONTEXT('2D SPACE',''
  ) );
#2069 = ORIENTED_EDGE('',*,*,#2070,.T.);
#2070 = EDGE_CURVE('',#2043,#2071,#2073,.T.);
#2071 = VERTEX_POINT('',#2072);
#2072 = CARTESIAN_POINT('',(-31.5476860811,-19.33244689449,0.));
#2073 = SURFACE_CURVE('',#2074,(#2078,#2084),.PCURVE_S1.);
#2074 = LINE('',#2075,#2076);
#2075 = CARTESIAN_POINT('',(-48.60048936818,-29.7824181888,
    2.22044604925E-16));
#2076 = VECTOR('',#2077,1.);
#2077 = DIRECTION('',(-0.852640164354,-0.522498564716,0.));
#2078 = PCURVE('',#179,#2079);
#2079 = DEFINITIONAL_REPRESENTATION('',(#2080),#2083);
#2080 = B_SPLINE_CURVE_WITH_KNOTS('',1,(#2081,#2082),.UNSPECIFIED.,.F.,
  .F.,(2,2),(-24.5,-19.),.PIECEWISE_BEZIER_KNOTS.);
#2081 = CARTESIAN_POINT('',(-29.57374130348,-13.47753038632));
#2082 = CARTESIAN_POINT('',(-34.5785282933,-15.75834322093));
#2083 = ( GEOMETRIC_REPRESENTATION_CONTEXT(2) 
PARAMETRIC_REPRESENTATION_CONTEXT() REPRESENTATION_CONTEXT('2D SPACE',''
  ) );
#2084 = PCURVE('',#941,#2085);
#2085 = DEFINITIONAL_REPRESENTATION('',(#2086),#2089);
#2086 = B_SPLINE_CURVE_WITH_KNOTS('',1,(#2087,#2088),.UNSPECIFIED.,.F.,
  .F.,(2,2),(-24.5,-19.),.PIECEWISE_BEZIER_KNOTS.);
#2087 = CARTESIAN_POINT('',(81.5,-2.));
#2088 = CARTESIAN_POINT('',(76.,-2.));
#2089 = ( GEOMETRIC_REPRESENTATION_CONTEXT(2) 
PARAMETRIC_REPRESENTATION_CONTEXT() REPRESENTATION_CONTEXT('2D SPACE',''
  ) );
#2090 = ORIENTED_EDGE('',*,*,#2091,.T.);
#2091 = EDGE_CURVE('',#2071,#2092,#2094,.T.);
#2092 = VERTEX_POINT('',#2093);
#2093 = CARTESIAN_POINT('',(31.547686081101,-19.33244689449,0.));
#2094 = SURFACE_CURVE('',#2095,(#2100,#2107),.PCURVE_S1.);
#2095 = CIRCLE('',#2096,37.);
#2096 = AXIS2_PLACEMENT_3D('',#2097,#2098,#2099);
#2097 = CARTESIAN_POINT('',(0.,0.,0.));
#2098 = DIRECTION('',(0.,-0.,1.));
#2099 = DIRECTION('',(0.852640164354,0.522498564716,0.));
#2100 = PCURVE('',#179,#2101);
#2101 = DEFINITIONAL_REPRESENTATION('',(#2102),#2106);
#2102 = CIRCLE('',#2103,37.);
#2103 = AXIS2_PLACEMENT_2D('',#2104,#2105);
#2104 = CARTESIAN_POINT('',(2.365301850879E-15,-3.22020598281E-15));
#2105 = DIRECTION('',(0.909961270877,0.414693242656));
#2106 = ( GEOMETRIC_REPRESENTATION_CONTEXT(2) 
PARAMETRIC_REPRESENTATION_CONTEXT() REPRESENTATION_CONTEXT('2D SPACE',''
  ) );
#2107 = PCURVE('',#969,#2108);
#2108 = DEFINITIONAL_REPRESENTATION('',(#2109),#2113);
#2109 = LINE('',#2110,#2111);
#2110 = CARTESIAN_POINT('',(-0.427605666739,0.));
#2111 = VECTOR('',#2112,1.);
#2112 = DIRECTION('',(-1.,0.));
#2113 = ( GEOMETRIC_REPRESENTATION_CONTEXT(2) 
PARAMETRIC_REPRESENTATION_CONTEXT() REPRESENTATION_CONTEXT('2D SPACE',''
  ) );
#2114 = ORIENTED_EDGE('',*,*,#2115,.T.);
#2115 = EDGE_CURVE('',#2092,#2116,#2118,.T.);
#2116 = VERTEX_POINT('',#2117);
#2117 = CARTESIAN_POINT('',(27.710805341508,-16.98120335326,0.));
#2118 = SURFACE_CURVE('',#2119,(#2123,#2129),.PCURVE_S1.);
#2119 = LINE('',#2120,#2121);
#2120 = CARTESIAN_POINT('',(-1.643775078954E-15,1.007306663908E-15,
    2.22044604925E-16));
#2121 = VECTOR('',#2122,1.);
#2122 = DIRECTION('',(-0.852640164354,0.522498564716,0.));
#2123 = PCURVE('',#179,#2124);
#2124 = DEFINITIONAL_REPRESENTATION('',(#2125),#2128);
#2125 = B_SPLINE_CURVE_WITH_KNOTS('',1,(#2126,#2127),.UNSPECIFIED.,.F.,
  .F.,(2,2),(-38.,-32.5),.PIECEWISE_BEZIER_KNOTS.);
#2126 = CARTESIAN_POINT('',(29.739109960392,-23.65555619223));
#2127 = CARTESIAN_POINT('',(25.434765097704,-20.23172569072));
#2128 = ( GEOMETRIC_REPRESENTATION_CONTEXT(2) 
PARAMETRIC_REPRESENTATION_CONTEXT() REPRESENTATION_CONTEXT('2D SPACE',''
  ) );
#2129 = PCURVE('',#1348,#2130);
#2130 = DEFINITIONAL_REPRESENTATION('',(#2131),#2134);
#2131 = B_SPLINE_CURVE_WITH_KNOTS('',1,(#2132,#2133),.UNSPECIFIED.,.F.,
  .F.,(2,2),(-38.,-32.5),.PIECEWISE_BEZIER_KNOTS.);
#2132 = CARTESIAN_POINT('',(38.,-2.));
#2133 = CARTESIAN_POINT('',(32.5,-2.));
#2134 = ( GEOMETRIC_REPRESENTATION_CONTEXT(2) 
PARAMETRIC_REPRESENTATION_CONTEXT() REPRESENTATION_CONTEXT('2D SPACE',''
  ) );
#2135 = ORIENTED_EDGE('',*,*,#2136,.F.);
#2136 = EDGE_CURVE('',#2137,#2116,#2139,.T.);
#2137 = VERTEX_POINT('',#2138);
#2138 = CARTESIAN_POINT('',(31.602022412925,-7.586974325317,0.));
#2139 = SURFACE_CURVE('',#2140,(#2145,#2156),.PCURVE_S1.);
#2140 = CIRCLE('',#2141,32.5);
#2141 = AXIS2_PLACEMENT_3D('',#2142,#2143,#2144);
#2142 = CARTESIAN_POINT('',(1.817493524102E-13,1.495879443705E-15,0.));
#2143 = DIRECTION('',(0.,0.,-1.));
#2144 = DIRECTION('',(1.,0.,0.));
#2145 = PCURVE('',#179,#2146);
#2146 = DEFINITIONAL_REPRESENTATION('',(#2147),#2155);
#2147 = ( BOUNDED_CURVE() B_SPLINE_CURVE(2,(#2148,#2149,#2150,#2151,
#2152,#2153,#2154),.UNSPECIFIED.,.T.,.F.) B_SPLINE_CURVE_WITH_KNOTS((1,2
    ,2,2,2,1),(-2.094395102393,0.,2.094395102393,4.188790204786,
6.28318530718,8.377580409573),.UNSPECIFIED.) CURVE() 
GEOMETRIC_REPRESENTATION_ITEM() RATIONAL_B_SPLINE_CURVE((1.,0.5,1.,0.5,
1.,0.5,1.)) REPRESENTATION_ITEM('') );
#2148 = CARTESIAN_POINT('',(32.257749928343,-3.960753660667));
#2149 = CARTESIAN_POINT('',(25.397523351803,-59.8328154744));
#2150 = CARTESIAN_POINT('',(-19.55898825244,-25.95565407653));
#2151 = CARTESIAN_POINT('',(-64.51549985668,7.921507321335));
#2152 = CARTESIAN_POINT('',(-12.6987616759,29.916407737204));
#2153 = CARTESIAN_POINT('',(39.117976504883,51.911308153074));
#2154 = CARTESIAN_POINT('',(32.257749928343,-3.960753660667));
#2155 = ( GEOMETRIC_REPRESENTATION_CONTEXT(2) 
PARAMETRIC_REPRESENTATION_CONTEXT() REPRESENTATION_CONTEXT('2D SPACE',''
  ) );
#2156 = PCURVE('',#1380,#2157);
#2157 = DEFINITIONAL_REPRESENTATION('',(#2158),#2162);
#2158 = LINE('',#2159,#2160);
#2159 = CARTESIAN_POINT('',(-6.28318530718,-1.));
#2160 = VECTOR('',#2161,1.);
#2161 = DIRECTION('',(1.,-0.));
#2162 = ( GEOMETRIC_REPRESENTATION_CONTEXT(2) 
PARAMETRIC_REPRESENTATION_CONTEXT() REPRESENTATION_CONTEXT('2D SPACE',''
  ) );
#2163 = ORIENTED_EDGE('',*,*,#2164,.T.);
#2164 = EDGE_CURVE('',#2137,#2165,#2167,.T.);
#2165 = VERTEX_POINT('',#2166);
#2166 = CARTESIAN_POINT('',(35.977687054714,-8.637478462669,0.));
#2167 = SURFACE_CURVE('',#2168,(#2172,#2178),.PCURVE_S1.);
#2168 = LINE('',#2169,#2170);
#2169 = CARTESIAN_POINT('',(55.425085462668,-13.30638573978,0.));
#2170 = VECTOR('',#2171,1.);
#2171 = DIRECTION('',(0.972369920398,-0.233445363856,0.));
#2172 = PCURVE('',#179,#2173);
#2173 = DEFINITIONAL_REPRESENTATION('',(#2174),#2177);
#2174 = B_SPLINE_CURVE_WITH_KNOTS('',1,(#2175,#2176),.UNSPECIFIED.,.F.,
  .F.,(2,2),(-24.5,-19.),.PIECEWISE_BEZIER_KNOTS.);
#2175 = CARTESIAN_POINT('',(30.441846150573,-11.38173989093));
#2176 = CARTESIAN_POINT('',(35.593543191439,-13.30788048786));
#2177 = ( GEOMETRIC_REPRESENTATION_CONTEXT(2) 
PARAMETRIC_REPRESENTATION_CONTEXT() REPRESENTATION_CONTEXT('2D SPACE',''
  ) );
#2178 = PCURVE('',#1407,#2179);
#2179 = DEFINITIONAL_REPRESENTATION('',(#2180),#2183);
#2180 = B_SPLINE_CURVE_WITH_KNOTS('',1,(#2181,#2182),.UNSPECIFIED.,.F.,
  .F.,(2,2),(-24.5,-19.),.PIECEWISE_BEZIER_KNOTS.);
#2181 = CARTESIAN_POINT('',(81.5,-2.));
#2182 = CARTESIAN_POINT('',(76.,-2.));
#2183 = ( GEOMETRIC_REPRESENTATION_CONTEXT(2) 
PARAMETRIC_REPRESENTATION_CONTEXT() REPRESENTATION_CONTEXT('2D SPACE',''
  ) );
#2184 = ORIENTED_EDGE('',*,*,#2185,.T.);
#2185 = EDGE_CURVE('',#2165,#2186,#2188,.T.);
#2186 = VERTEX_POINT('',#2187);
#2187 = CARTESIAN_POINT('',(35.977687054714,8.637478462669,0.));
#2188 = SURFACE_CURVE('',#2189,(#2194,#2201),.PCURVE_S1.);
#2189 = CIRCLE('',#2190,37.);
#2190 = AXIS2_PLACEMENT_3D('',#2191,#2192,#2193);
#2191 = CARTESIAN_POINT('',(0.,0.,0.));
#2192 = DIRECTION('',(0.,-0.,1.));
#2193 = DIRECTION('',(0.852640164354,0.522498564716,0.));
#2194 = PCURVE('',#179,#2195);
#2195 = DEFINITIONAL_REPRESENTATION('',(#2196),#2200);
#2196 = CIRCLE('',#2197,37.);
#2197 = AXIS2_PLACEMENT_2D('',#2198,#2199);
#2198 = CARTESIAN_POINT('',(2.365301850879E-15,-3.22020598281E-15));
#2199 = DIRECTION('',(0.909961270877,0.414693242656));
#2200 = ( GEOMETRIC_REPRESENTATION_CONTEXT(2) 
PARAMETRIC_REPRESENTATION_CONTEXT() REPRESENTATION_CONTEXT('2D SPACE',''
  ) );
#2201 = PCURVE('',#1439,#2202);
#2202 = DEFINITIONAL_REPRESENTATION('',(#2203),#2207);
#2203 = LINE('',#2204,#2205);
#2204 = CARTESIAN_POINT('',(-0.427605666739,0.));
#2205 = VECTOR('',#2206,1.);
#2206 = DIRECTION('',(-1.,0.));
#2207 = ( GEOMETRIC_REPRESENTATION_CONTEXT(2) 
PARAMETRIC_REPRESENTATION_CONTEXT() REPRESENTATION_CONTEXT('2D SPACE',''
  ) );
#2208 = ORIENTED_EDGE('',*,*,#2209,.T.);
#2209 = EDGE_CURVE('',#2186,#1898,#2210,.T.);
#2210 = SURFACE_CURVE('',#2211,(#2215,#2221),.PCURVE_S1.);
#2211 = LINE('',#2212,#2213);
#2212 = CARTESIAN_POINT('',(-9.653492554345E-16,-2.317598513236E-16,0.)
  );
#2213 = VECTOR('',#2214,1.);
#2214 = DIRECTION('',(-0.972369920398,-0.233445363856,0.));
#2215 = PCURVE('',#179,#2216);
#2216 = DEFINITIONAL_REPRESENTATION('',(#2217),#2220);
#2217 = B_SPLINE_CURVE_WITH_KNOTS('',1,(#2218,#2219),.UNSPECIFIED.,.F.,
  .F.,(2,2),(-37.23938010986,-32.5),.PIECEWISE_BEZIER_KNOTS.);
#2218 = CARTESIAN_POINT('',(37.,4.215617507161));
#2219 = CARTESIAN_POINT('',(32.291085309489,3.679104447457));
#2220 = ( GEOMETRIC_REPRESENTATION_CONTEXT(2) 
PARAMETRIC_REPRESENTATION_CONTEXT() REPRESENTATION_CONTEXT('2D SPACE',''
  ) );
#2221 = PCURVE('',#1466,#2222);
#2222 = DEFINITIONAL_REPRESENTATION('',(#2223),#2226);
#2223 = B_SPLINE_CURVE_WITH_KNOTS('',1,(#2224,#2225),.UNSPECIFIED.,.F.,
  .F.,(2,2),(-37.23938010986,-32.5),.PIECEWISE_BEZIER_KNOTS.);
#2224 = CARTESIAN_POINT('',(37.239380109861,-2.));
#2225 = CARTESIAN_POINT('',(32.5,-2.));
#2226 = ( GEOMETRIC_REPRESENTATION_CONTEXT(2) 
PARAMETRIC_REPRESENTATION_CONTEXT() REPRESENTATION_CONTEXT('2D SPACE',''
  ) );
#2227 = FACE_BOUND('',#2228,.F.);
#2228 = EDGE_LOOP('',(#2229,#2257,#2283,#2309,#2335,#2361));
#2229 = ORIENTED_EDGE('',*,*,#2230,.T.);
#2230 = EDGE_CURVE('',#2231,#2233,#2235,.T.);
#2231 = VERTEX_POINT('',#2232);
#2232 = CARTESIAN_POINT('',(-24.14544826719,-19.65,0.));
#2233 = VERTEX_POINT('',#2234);
#2234 = CARTESIAN_POINT('',(-20.85455173281,-19.65,0.));
#2235 = SURFACE_CURVE('',#2236,(#2240,#2246),.PCURVE_S1.);
#2236 = LINE('',#2237,#2238);
#2237 = CARTESIAN_POINT('',(-10.4272758664,-19.65,0.));
#2238 = VECTOR('',#2239,1.);
#2239 = DIRECTION('',(1.,-1.349447499217E-16,0.));
#2240 = PCURVE('',#179,#2241);
#2241 = DEFINITIONAL_REPRESENTATION('',(#2242),#2245);
#2242 = B_SPLINE_CURVE_WITH_KNOTS('',1,(#2243,#2244),.UNSPECIFIED.,.F.,
  .F.,(2,2),(-13.71817240078,-10.4272758664),.PIECEWISE_BEZIER_KNOTS.);
#2243 = CARTESIAN_POINT('',(-26.36020435516,-16.5609419532));
#2244 = CARTESIAN_POINT('',(-23.09383766451,-16.96200135306));
#2245 = ( GEOMETRIC_REPRESENTATION_CONTEXT(2) 
PARAMETRIC_REPRESENTATION_CONTEXT() REPRESENTATION_CONTEXT('2D SPACE',''
  ) );
#2246 = PCURVE('',#2247,#2252);
#2247 = PLANE('',#2248);
#2248 = AXIS2_PLACEMENT_3D('',#2249,#2250,#2251);
#2249 = CARTESIAN_POINT('',(-20.85455173281,-19.65,-1.));
#2250 = DIRECTION('',(-1.349447499217E-16,-1.,0.));
#2251 = DIRECTION('',(-1.,1.349447499217E-16,0.));
#2252 = DEFINITIONAL_REPRESENTATION('',(#2253),#2256);
#2253 = B_SPLINE_CURVE_WITH_KNOTS('',1,(#2254,#2255),.UNSPECIFIED.,.F.,
  .F.,(2,2),(-13.71817240078,-10.4272758664),.PIECEWISE_BEZIER_KNOTS.);
#2254 = CARTESIAN_POINT('',(3.290896534381,-1.));
#2255 = CARTESIAN_POINT('',(0.,-1.));
#2256 = ( GEOMETRIC_REPRESENTATION_CONTEXT(2) 
PARAMETRIC_REPRESENTATION_CONTEXT() REPRESENTATION_CONTEXT('2D SPACE',''
  ) );
#2257 = ORIENTED_EDGE('',*,*,#2258,.T.);
#2258 = EDGE_CURVE('',#2233,#2259,#2261,.T.);
#2259 = VERTEX_POINT('',#2260);
#2260 = CARTESIAN_POINT('',(-19.20910346561,-22.5,0.));
#2261 = SURFACE_CURVE('',#2262,(#2266,#2272),.PCURVE_S1.);
#2262 = LINE('',#2263,#2264);
#2263 = CARTESIAN_POINT('',(-21.6793584287,-18.22139289628,0.));
#2264 = VECTOR('',#2265,1.);
#2265 = DIRECTION('',(0.5,-0.866025403784,0.));
#2266 = PCURVE('',#179,#2267);
#2267 = DEFINITIONAL_REPRESENTATION('',(#2268),#2271);
#2268 = B_SPLINE_CURVE_WITH_KNOTS('',1,(#2269,#2270),.UNSPECIFIED.,.F.,
  .F.,(2,2),(1.649613391789,4.94050992617),.PIECEWISE_BEZIER_KNOTS.);
#2269 = CARTESIAN_POINT('',(-23.09383766451,-16.96200135306));
#2270 = CARTESIAN_POINT('',(-21.80798194789,-19.99128758517));
#2271 = ( GEOMETRIC_REPRESENTATION_CONTEXT(2) 
PARAMETRIC_REPRESENTATION_CONTEXT() REPRESENTATION_CONTEXT('2D SPACE',''
  ) );
#2272 = PCURVE('',#2273,#2278);
#2273 = PLANE('',#2274);
#2274 = AXIS2_PLACEMENT_3D('',#2275,#2276,#2277);
#2275 = CARTESIAN_POINT('',(-19.20910346561,-22.5,-1.));
#2276 = DIRECTION('',(-0.866025403784,-0.5,0.));
#2277 = DIRECTION('',(-0.5,0.866025403784,0.));
#2278 = DEFINITIONAL_REPRESENTATION('',(#2279),#2282);
#2279 = B_SPLINE_CURVE_WITH_KNOTS('',1,(#2280,#2281),.UNSPECIFIED.,.F.,
  .F.,(2,2),(1.649613391789,4.94050992617),.PIECEWISE_BEZIER_KNOTS.);
#2280 = CARTESIAN_POINT('',(3.290896534381,-1.));
#2281 = CARTESIAN_POINT('',(0.,-1.));
#2282 = ( GEOMETRIC_REPRESENTATION_CONTEXT(2) 
PARAMETRIC_REPRESENTATION_CONTEXT() REPRESENTATION_CONTEXT('2D SPACE',''
  ) );
#2283 = ORIENTED_EDGE('',*,*,#2284,.T.);
#2284 = EDGE_CURVE('',#2259,#2285,#2287,.T.);
#2285 = VERTEX_POINT('',#2286);
#2286 = CARTESIAN_POINT('',(-20.85455173281,-25.35,0.));
#2287 = SURFACE_CURVE('',#2288,(#2292,#2298),.PCURVE_S1.);
#2288 = LINE('',#2289,#2290);
#2289 = CARTESIAN_POINT('',(-12.75929676972,-11.32860710371,0.));
#2290 = VECTOR('',#2291,1.);
#2291 = DIRECTION('',(-0.5,-0.866025403784,0.));
#2292 = PCURVE('',#179,#2293);
#2293 = DEFINITIONAL_REPRESENTATION('',(#2294),#2297);
#2294 = B_SPLINE_CURVE_WITH_KNOTS('',1,(#2295,#2296),.UNSPECIFIED.,.F.,
  .F.,(2,2),(12.899613391789,16.19050992617),.PIECEWISE_BEZIER_KNOTS.);
#2295 = CARTESIAN_POINT('',(-21.80798194789,-19.99128758517));
#2296 = CARTESIAN_POINT('',(-23.78849292192,-22.61951441742));
#2297 = ( GEOMETRIC_REPRESENTATION_CONTEXT(2) 
PARAMETRIC_REPRESENTATION_CONTEXT() REPRESENTATION_CONTEXT('2D SPACE',''
  ) );
#2298 = PCURVE('',#2299,#2304);
#2299 = PLANE('',#2300);
#2300 = AXIS2_PLACEMENT_3D('',#2301,#2302,#2303);
#2301 = CARTESIAN_POINT('',(-20.85455173281,-25.35,-1.));
#2302 = DIRECTION('',(-0.866025403784,0.5,0.));
#2303 = DIRECTION('',(0.5,0.866025403784,0.));
#2304 = DEFINITIONAL_REPRESENTATION('',(#2305),#2308);
#2305 = B_SPLINE_CURVE_WITH_KNOTS('',1,(#2306,#2307),.UNSPECIFIED.,.F.,
  .F.,(2,2),(12.899613391789,16.19050992617),.PIECEWISE_BEZIER_KNOTS.);
#2306 = CARTESIAN_POINT('',(3.290896534381,-1.));
#2307 = CARTESIAN_POINT('',(0.,-1.));
#2308 = ( GEOMETRIC_REPRESENTATION_CONTEXT(2) 
PARAMETRIC_REPRESENTATION_CONTEXT() REPRESENTATION_CONTEXT('2D SPACE',''
  ) );
#2309 = ORIENTED_EDGE('',*,*,#2310,.T.);
#2310 = EDGE_CURVE('',#2285,#2311,#2313,.T.);
#2311 = VERTEX_POINT('',#2312);
#2312 = CARTESIAN_POINT('',(-24.14544826719,-25.35,0.));
#2313 = SURFACE_CURVE('',#2314,(#2318,#2324),.PCURVE_S1.);
#2314 = LINE('',#2315,#2316);
#2315 = CARTESIAN_POINT('',(-12.07272413359,-25.35,0.));
#2316 = VECTOR('',#2317,1.);
#2317 = DIRECTION('',(-1.,6.747237496083E-16,0.));
#2318 = PCURVE('',#179,#2319);
#2319 = DEFINITIONAL_REPRESENTATION('',(#2320),#2323);
#2320 = B_SPLINE_CURVE_WITH_KNOTS('',1,(#2321,#2322),.UNSPECIFIED.,.F.,
  .F.,(2,2),(8.781827599214,12.072724133595),.PIECEWISE_BEZIER_KNOTS.);
#2321 = CARTESIAN_POINT('',(-23.78849292192,-22.61951441742));
#2322 = CARTESIAN_POINT('',(-27.05485961257,-22.21845501756));
#2323 = ( GEOMETRIC_REPRESENTATION_CONTEXT(2) 
PARAMETRIC_REPRESENTATION_CONTEXT() REPRESENTATION_CONTEXT('2D SPACE',''
  ) );
#2324 = PCURVE('',#2325,#2330);
#2325 = PLANE('',#2326);
#2326 = AXIS2_PLACEMENT_3D('',#2327,#2328,#2329);
#2327 = CARTESIAN_POINT('',(-24.14544826719,-25.35,-1.));
#2328 = DIRECTION('',(6.747237496083E-16,1.,-0.));
#2329 = DIRECTION('',(1.,-6.747237496083E-16,0.));
#2330 = DEFINITIONAL_REPRESENTATION('',(#2331),#2334);
#2331 = B_SPLINE_CURVE_WITH_KNOTS('',1,(#2332,#2333),.UNSPECIFIED.,.F.,
  .F.,(2,2),(8.781827599214,12.072724133595),.PIECEWISE_BEZIER_KNOTS.);
#2332 = CARTESIAN_POINT('',(3.290896534381,-1.));
#2333 = CARTESIAN_POINT('',(0.,-1.));
#2334 = ( GEOMETRIC_REPRESENTATION_CONTEXT(2) 
PARAMETRIC_REPRESENTATION_CONTEXT() REPRESENTATION_CONTEXT('2D SPACE',''
  ) );
#2335 = ORIENTED_EDGE('',*,*,#2336,.T.);
#2336 = EDGE_CURVE('',#2311,#2337,#2339,.T.);
#2337 = VERTEX_POINT('',#2338);
#2338 = CARTESIAN_POINT('',(-25.79089653438,-22.5,0.));
#2339 = SURFACE_CURVE('',#2340,(#2344,#2350),.PCURVE_S1.);
#2340 = LINE('',#2341,#2342);
#2341 = CARTESIAN_POINT('',(-27.43842736387,-19.64639289628,0.));
#2342 = VECTOR('',#2343,1.);
#2343 = DIRECTION('',(-0.5,0.866025403784,0.));
#2344 = PCURVE('',#179,#2345);
#2345 = DEFINITIONAL_REPRESENTATION('',(#2346),#2349);
#2346 = B_SPLINE_CURVE_WITH_KNOTS('',1,(#2347,#2348),.UNSPECIFIED.,.F.,
  .F.,(2,2),(-6.585958193361,-3.29506165898),.PIECEWISE_BEZIER_KNOTS.);
#2347 = CARTESIAN_POINT('',(-27.05485961257,-22.21845501756));
#2348 = CARTESIAN_POINT('',(-28.34071532919,-19.18916878545));
#2349 = ( GEOMETRIC_REPRESENTATION_CONTEXT(2) 
PARAMETRIC_REPRESENTATION_CONTEXT() REPRESENTATION_CONTEXT('2D SPACE',''
  ) );
#2350 = PCURVE('',#2351,#2356);
#2351 = PLANE('',#2352);
#2352 = AXIS2_PLACEMENT_3D('',#2353,#2354,#2355);
#2353 = CARTESIAN_POINT('',(-25.79089653438,-22.5,-1.));
#2354 = DIRECTION('',(0.866025403784,0.5,-0.));
#2355 = DIRECTION('',(0.5,-0.866025403784,0.));
#2356 = DEFINITIONAL_REPRESENTATION('',(#2357),#2360);
#2357 = B_SPLINE_CURVE_WITH_KNOTS('',1,(#2358,#2359),.UNSPECIFIED.,.F.,
  .F.,(2,2),(-6.585958193361,-3.29506165898),.PIECEWISE_BEZIER_KNOTS.);
#2358 = CARTESIAN_POINT('',(3.290896534381,-1.));
#2359 = CARTESIAN_POINT('',(0.,-1.));
#2360 = ( GEOMETRIC_REPRESENTATION_CONTEXT(2) 
PARAMETRIC_REPRESENTATION_CONTEXT() REPRESENTATION_CONTEXT('2D SPACE',''
  ) );
#2361 = ORIENTED_EDGE('',*,*,#2362,.T.);
#2362 = EDGE_CURVE('',#2337,#2231,#2363,.T.);
#2363 = SURFACE_CURVE('',#2364,(#2368,#2374),.PCURVE_S1.);
#2364 = LINE('',#2365,#2366);
#2365 = CARTESIAN_POINT('',(-16.8729174377,-7.053607103713,0.));
#2366 = VECTOR('',#2367,1.);
#2367 = DIRECTION('',(0.5,0.866025403784,-0.));
#2368 = PCURVE('',#179,#2369);
#2369 = DEFINITIONAL_REPRESENTATION('',(#2370),#2373);
#2370 = B_SPLINE_CURVE_WITH_KNOTS('',1,(#2371,#2372),.UNSPECIFIED.,.F.,
  .F.,(2,2),(-17.83595819336,-14.54506165898),.PIECEWISE_BEZIER_KNOTS.);
#2371 = CARTESIAN_POINT('',(-28.34071532919,-19.18916878545));
#2372 = CARTESIAN_POINT('',(-26.36020435516,-16.5609419532));
#2373 = ( GEOMETRIC_REPRESENTATION_CONTEXT(2) 
PARAMETRIC_REPRESENTATION_CONTEXT() REPRESENTATION_CONTEXT('2D SPACE',''
  ) );
#2374 = PCURVE('',#2375,#2380);
#2375 = PLANE('',#2376);
#2376 = AXIS2_PLACEMENT_3D('',#2377,#2378,#2379);
#2377 = CARTESIAN_POINT('',(-24.14544826719,-19.65,-1.));
#2378 = DIRECTION('',(0.866025403784,-0.5,0.));
#2379 = DIRECTION('',(-0.5,-0.866025403784,0.));
#2380 = DEFINITIONAL_REPRESENTATION('',(#2381),#2384);
#2381 = B_SPLINE_CURVE_WITH_KNOTS('',1,(#2382,#2383),.UNSPECIFIED.,.F.,
  .F.,(2,2),(-17.83595819336,-14.54506165898),.PIECEWISE_BEZIER_KNOTS.);
#2382 = CARTESIAN_POINT('',(3.290896534381,-1.));
#2383 = CARTESIAN_POINT('',(0.,-1.));
#2384 = ( GEOMETRIC_REPRESENTATION_CONTEXT(2) 
PARAMETRIC_REPRESENTATION_CONTEXT() REPRESENTATION_CONTEXT('2D SPACE',''
  ) );
#2385 = FACE_BOUND('',#2386,.F.);
#2386 = EDGE_LOOP('',(#2387,#2415,#2441,#2467,#2493,#2519));
#2387 = ORIENTED_EDGE('',*,*,#2388,.T.);
#2388 = EDGE_CURVE('',#2389,#2391,#2393,.T.);
#2389 = VERTEX_POINT('',#2390);
#2390 = CARTESIAN_POINT('',(20.85455173281,-19.65,0.));
#2391 = VERTEX_POINT('',#2392);
#2392 = CARTESIAN_POINT('',(24.14544826719,-19.65,0.));
#2393 = SURFACE_CURVE('',#2394,(#2398,#2404),.PCURVE_S1.);
#2394 = LINE('',#2395,#2396);
#2395 = CARTESIAN_POINT('',(12.072724133595,-19.65,0.));
#2396 = VECTOR('',#2397,1.);
#2397 = DIRECTION('',(1.,-1.349447499217E-16,0.));
#2398 = PCURVE('',#179,#2399);
#2399 = DEFINITIONAL_REPRESENTATION('',(#2400),#2403);
#2400 = B_SPLINE_CURVE_WITH_KNOTS('',1,(#2401,#2402),.UNSPECIFIED.,.F.,
  .F.,(2,2),(8.781827599214,12.072724133595),.PIECEWISE_BEZIER_KNOTS.);
#2401 = CARTESIAN_POINT('',(18.304372468694,-22.04506240643));
#2402 = CARTESIAN_POINT('',(21.570739159343,-22.44612180629));
#2403 = ( GEOMETRIC_REPRESENTATION_CONTEXT(2) 
PARAMETRIC_REPRESENTATION_CONTEXT() REPRESENTATION_CONTEXT('2D SPACE',''
  ) );
#2404 = PCURVE('',#2405,#2410);
#2405 = PLANE('',#2406);
#2406 = AXIS2_PLACEMENT_3D('',#2407,#2408,#2409);
#2407 = CARTESIAN_POINT('',(24.14544826719,-19.65,-1.));
#2408 = DIRECTION('',(-1.349447499217E-16,-1.,0.));
#2409 = DIRECTION('',(-1.,1.349447499217E-16,0.));
#2410 = DEFINITIONAL_REPRESENTATION('',(#2411),#2414);
#2411 = B_SPLINE_CURVE_WITH_KNOTS('',1,(#2412,#2413),.UNSPECIFIED.,.F.,
  .F.,(2,2),(8.781827599214,12.072724133595),.PIECEWISE_BEZIER_KNOTS.);
#2412 = CARTESIAN_POINT('',(3.290896534381,-1.));
#2413 = CARTESIAN_POINT('',(0.,-1.));
#2414 = ( GEOMETRIC_REPRESENTATION_CONTEXT(2) 
PARAMETRIC_REPRESENTATION_CONTEXT() REPRESENTATION_CONTEXT('2D SPACE',''
  ) );
#2415 = ORIENTED_EDGE('',*,*,#2416,.T.);
#2416 = EDGE_CURVE('',#2391,#2417,#2419,.T.);
#2417 = VERTEX_POINT('',#2418);
#2418 = CARTESIAN_POINT('',(25.790896534381,-22.5,0.));
#2419 = SURFACE_CURVE('',#2420,(#2424,#2430),.PCURVE_S1.);
#2420 = LINE('',#2421,#2422);
#2421 = CARTESIAN_POINT('',(17.695641571296,-8.478607103713,0.));
#2422 = VECTOR('',#2423,1.);
#2423 = DIRECTION('',(0.5,-0.866025403784,0.));
#2424 = PCURVE('',#179,#2425);
#2425 = DEFINITIONAL_REPRESENTATION('',(#2426),#2429);
#2426 = B_SPLINE_CURVE_WITH_KNOTS('',1,(#2427,#2428),.UNSPECIFIED.,.F.,
  .F.,(2,2),(12.899613391789,16.19050992617),.PIECEWISE_BEZIER_KNOTS.);
#2427 = CARTESIAN_POINT('',(21.570739159343,-22.44612180629));
#2428 = CARTESIAN_POINT('',(22.856594875963,-25.4754080384));
#2429 = ( GEOMETRIC_REPRESENTATION_CONTEXT(2) 
PARAMETRIC_REPRESENTATION_CONTEXT() REPRESENTATION_CONTEXT('2D SPACE',''
  ) );
#2430 = PCURVE('',#2431,#2436);
#2431 = PLANE('',#2432);
#2432 = AXIS2_PLACEMENT_3D('',#2433,#2434,#2435);
#2433 = CARTESIAN_POINT('',(25.790896534381,-22.5,-1.));
#2434 = DIRECTION('',(-0.866025403784,-0.5,0.));
#2435 = DIRECTION('',(-0.5,0.866025403784,0.));
#2436 = DEFINITIONAL_REPRESENTATION('',(#2437),#2440);
#2437 = B_SPLINE_CURVE_WITH_KNOTS('',1,(#2438,#2439),.UNSPECIFIED.,.F.,
  .F.,(2,2),(12.899613391789,16.19050992617),.PIECEWISE_BEZIER_KNOTS.);
#2438 = CARTESIAN_POINT('',(3.290896534381,-1.));
#2439 = CARTESIAN_POINT('',(0.,-1.));
#2440 = ( GEOMETRIC_REPRESENTATION_CONTEXT(2) 
PARAMETRIC_REPRESENTATION_CONTEXT() REPRESENTATION_CONTEXT('2D SPACE',''
  ) );
#2441 = ORIENTED_EDGE('',*,*,#2442,.T.);
#2442 = EDGE_CURVE('',#2417,#2443,#2445,.T.);
#2443 = VERTEX_POINT('',#2444);
#2444 = CARTESIAN_POINT('',(24.14544826719,-25.35,0.));
#2445 = SURFACE_CURVE('',#2446,(#2450,#2456),.PCURVE_S1.);
#2446 = LINE('',#2447,#2448);
#2447 = CARTESIAN_POINT('',(26.615703230276,-21.07139289628,0.));
#2448 = VECTOR('',#2449,1.);
#2449 = DIRECTION('',(-0.5,-0.866025403784,0.));
#2450 = PCURVE('',#179,#2451);
#2451 = DEFINITIONAL_REPRESENTATION('',(#2452),#2455);
#2452 = B_SPLINE_CURVE_WITH_KNOTS('',1,(#2453,#2454),.UNSPECIFIED.,.F.,
  .F.,(2,2),(1.649613391789,4.94050992617),.PIECEWISE_BEZIER_KNOTS.);
#2453 = CARTESIAN_POINT('',(22.856594875963,-25.4754080384));
#2454 = CARTESIAN_POINT('',(20.876083901934,-28.10363487065));
#2455 = ( GEOMETRIC_REPRESENTATION_CONTEXT(2) 
PARAMETRIC_REPRESENTATION_CONTEXT() REPRESENTATION_CONTEXT('2D SPACE',''
  ) );
#2456 = PCURVE('',#2457,#2462);
#2457 = PLANE('',#2458);
#2458 = AXIS2_PLACEMENT_3D('',#2459,#2460,#2461);
#2459 = CARTESIAN_POINT('',(24.14544826719,-25.35,-1.));
#2460 = DIRECTION('',(-0.866025403784,0.5,0.));
#2461 = DIRECTION('',(0.5,0.866025403784,0.));
#2462 = DEFINITIONAL_REPRESENTATION('',(#2463),#2466);
#2463 = B_SPLINE_CURVE_WITH_KNOTS('',1,(#2464,#2465),.UNSPECIFIED.,.F.,
  .F.,(2,2),(1.649613391789,4.94050992617),.PIECEWISE_BEZIER_KNOTS.);
#2464 = CARTESIAN_POINT('',(3.290896534381,-1.));
#2465 = CARTESIAN_POINT('',(0.,-1.));
#2466 = ( GEOMETRIC_REPRESENTATION_CONTEXT(2) 
PARAMETRIC_REPRESENTATION_CONTEXT() REPRESENTATION_CONTEXT('2D SPACE',''
  ) );
#2467 = ORIENTED_EDGE('',*,*,#2468,.T.);
#2468 = EDGE_CURVE('',#2443,#2469,#2471,.T.);
#2469 = VERTEX_POINT('',#2470);
#2470 = CARTESIAN_POINT('',(20.85455173281,-25.35,0.));
#2471 = SURFACE_CURVE('',#2472,(#2476,#2482),.PCURVE_S1.);
#2472 = LINE('',#2473,#2474);
#2473 = CARTESIAN_POINT('',(10.427275866405,-25.35,0.));
#2474 = VECTOR('',#2475,1.);
#2475 = DIRECTION('',(-1.,6.747237496083E-16,0.));
#2476 = PCURVE('',#179,#2477);
#2477 = DEFINITIONAL_REPRESENTATION('',(#2478),#2481);
#2478 = B_SPLINE_CURVE_WITH_KNOTS('',1,(#2479,#2480),.UNSPECIFIED.,.F.,
  .F.,(2,2),(-13.71817240078,-10.4272758664),.PIECEWISE_BEZIER_KNOTS.);
#2479 = CARTESIAN_POINT('',(20.876083901934,-28.10363487065));
#2480 = CARTESIAN_POINT('',(17.609717211285,-27.70257547079));
#2481 = ( GEOMETRIC_REPRESENTATION_CONTEXT(2) 
PARAMETRIC_REPRESENTATION_CONTEXT() REPRESENTATION_CONTEXT('2D SPACE',''
  ) );
#2482 = PCURVE('',#2483,#2488);
#2483 = PLANE('',#2484);
#2484 = AXIS2_PLACEMENT_3D('',#2485,#2486,#2487);
#2485 = CARTESIAN_POINT('',(20.85455173281,-25.35,-1.));
#2486 = DIRECTION('',(6.747237496083E-16,1.,-0.));
#2487 = DIRECTION('',(1.,-6.747237496083E-16,0.));
#2488 = DEFINITIONAL_REPRESENTATION('',(#2489),#2492);
#2489 = B_SPLINE_CURVE_WITH_KNOTS('',1,(#2490,#2491),.UNSPECIFIED.,.F.,
  .F.,(2,2),(-13.71817240078,-10.4272758664),.PIECEWISE_BEZIER_KNOTS.);
#2490 = CARTESIAN_POINT('',(3.290896534381,-1.));
#2491 = CARTESIAN_POINT('',(0.,-1.));
#2492 = ( GEOMETRIC_REPRESENTATION_CONTEXT(2) 
PARAMETRIC_REPRESENTATION_CONTEXT() REPRESENTATION_CONTEXT('2D SPACE',''
  ) );
#2493 = ORIENTED_EDGE('',*,*,#2494,.T.);
#2494 = EDGE_CURVE('',#2469,#2495,#2497,.T.);
#2495 = VERTEX_POINT('',#2496);
#2496 = CARTESIAN_POINT('',(19.209103465619,-22.5,0.));
#2497 = SURFACE_CURVE('',#2498,(#2502,#2508),.PCURVE_S1.);
#2498 = LINE('',#2499,#2500);
#2499 = CARTESIAN_POINT('',(11.936572636129,-9.903607103713,0.));
#2500 = VECTOR('',#2501,1.);
#2501 = DIRECTION('',(-0.5,0.866025403784,0.));
#2502 = PCURVE('',#179,#2503);
#2503 = DEFINITIONAL_REPRESENTATION('',(#2504),#2507);
#2504 = B_SPLINE_CURVE_WITH_KNOTS('',1,(#2505,#2506),.UNSPECIFIED.,.F.,
  .F.,(2,2),(-17.83595819336,-14.54506165898),.PIECEWISE_BEZIER_KNOTS.);
#2505 = CARTESIAN_POINT('',(17.609717211285,-27.70257547079));
#2506 = CARTESIAN_POINT('',(16.323861494664,-24.67328923868));
#2507 = ( GEOMETRIC_REPRESENTATION_CONTEXT(2) 
PARAMETRIC_REPRESENTATION_CONTEXT() REPRESENTATION_CONTEXT('2D SPACE',''
  ) );
#2508 = PCURVE('',#2509,#2514);
#2509 = PLANE('',#2510);
#2510 = AXIS2_PLACEMENT_3D('',#2511,#2512,#2513);
#2511 = CARTESIAN_POINT('',(19.209103465619,-22.5,-1.));
#2512 = DIRECTION('',(0.866025403784,0.5,-0.));
#2513 = DIRECTION('',(0.5,-0.866025403784,0.));
#2514 = DEFINITIONAL_REPRESENTATION('',(#2515),#2518);
#2515 = B_SPLINE_CURVE_WITH_KNOTS('',1,(#2516,#2517),.UNSPECIFIED.,.F.,
  .F.,(2,2),(-17.83595819336,-14.54506165898),.PIECEWISE_BEZIER_KNOTS.);
#2516 = CARTESIAN_POINT('',(3.290896534381,-1.));
#2517 = CARTESIAN_POINT('',(0.,-1.));
#2518 = ( GEOMETRIC_REPRESENTATION_CONTEXT(2) 
PARAMETRIC_REPRESENTATION_CONTEXT() REPRESENTATION_CONTEXT('2D SPACE',''
  ) );
#2519 = ORIENTED_EDGE('',*,*,#2520,.T.);
#2520 = EDGE_CURVE('',#2495,#2389,#2521,.T.);
#2521 = SURFACE_CURVE('',#2522,(#2526,#2532),.PCURVE_S1.);
#2522 = LINE('',#2523,#2524);
#2523 = CARTESIAN_POINT('',(22.502082562299,-16.79639289628,0.));
#2524 = VECTOR('',#2525,1.);
#2525 = DIRECTION('',(0.5,0.866025403784,-0.));
#2526 = PCURVE('',#179,#2527);
#2527 = DEFINITIONAL_REPRESENTATION('',(#2528),#2531);
#2528 = B_SPLINE_CURVE_WITH_KNOTS('',1,(#2529,#2530),.UNSPECIFIED.,.F.,
  .F.,(2,2),(-6.585958193361,-3.29506165898),.PIECEWISE_BEZIER_KNOTS.);
#2529 = CARTESIAN_POINT('',(16.323861494664,-24.67328923868));
#2530 = CARTESIAN_POINT('',(18.304372468694,-22.04506240643));
#2531 = ( GEOMETRIC_REPRESENTATION_CONTEXT(2) 
PARAMETRIC_REPRESENTATION_CONTEXT() REPRESENTATION_CONTEXT('2D SPACE',''
  ) );
#2532 = PCURVE('',#2533,#2538);
#2533 = PLANE('',#2534);
#2534 = AXIS2_PLACEMENT_3D('',#2535,#2536,#2537);
#2535 = CARTESIAN_POINT('',(20.85455173281,-19.65,-1.));
#2536 = DIRECTION('',(0.866025403784,-0.5,0.));
#2537 = DIRECTION('',(-0.5,-0.866025403784,0.));
#2538 = DEFINITIONAL_REPRESENTATION('',(#2539),#2542);
#2539 = B_SPLINE_CURVE_WITH_KNOTS('',1,(#2540,#2541),.UNSPECIFIED.,.F.,
  .F.,(2,2),(-6.585958193361,-3.29506165898),.PIECEWISE_BEZIER_KNOTS.);
#2540 = CARTESIAN_POINT('',(3.290896534381,-1.));
#2541 = CARTESIAN_POINT('',(0.,-1.));
#2542 = ( GEOMETRIC_REPRESENTATION_CONTEXT(2) 
PARAMETRIC_REPRESENTATION_CONTEXT() REPRESENTATION_CONTEXT('2D SPACE',''
  ) );
#2543 = FACE_BOUND('',#2544,.F.);
#2544 = EDGE_LOOP('',(#2545,#2573,#2599,#2625,#2651,#2677));
#2545 = ORIENTED_EDGE('',*,*,#2546,.T.);
#2546 = EDGE_CURVE('',#2547,#2549,#2551,.T.);
#2547 = VERTEX_POINT('',#2548);
#2548 = CARTESIAN_POINT('',(-24.14544826719,25.35,0.));
#2549 = VERTEX_POINT('',#2550);
#2550 = CARTESIAN_POINT('',(-20.85455173281,25.35,0.));
#2551 = SURFACE_CURVE('',#2552,(#2556,#2562),.PCURVE_S1.);
#2552 = LINE('',#2553,#2554);
#2553 = CARTESIAN_POINT('',(-10.4272758664,25.35,0.));
#2554 = VECTOR('',#2555,1.);
#2555 = DIRECTION('',(1.,-1.349447499217E-16,0.));
#2556 = PCURVE('',#179,#2557);
#2557 = DEFINITIONAL_REPRESENTATION('',(#2558),#2561);
#2558 = B_SPLINE_CURVE_WITH_KNOTS('',1,(#2559,#2560),.UNSPECIFIED.,.F.,
  .F.,(2,2),(-13.71817240078,-10.4272758664),.PIECEWISE_BEZIER_KNOTS.);
#2559 = CARTESIAN_POINT('',(-20.87608390193,28.103634870653));
#2560 = CARTESIAN_POINT('',(-17.60971721128,27.702575470794));
#2561 = ( GEOMETRIC_REPRESENTATION_CONTEXT(2) 
PARAMETRIC_REPRESENTATION_CONTEXT() REPRESENTATION_CONTEXT('2D SPACE',''
  ) );
#2562 = PCURVE('',#2563,#2568);
#2563 = PLANE('',#2564);
#2564 = AXIS2_PLACEMENT_3D('',#2565,#2566,#2567);
#2565 = CARTESIAN_POINT('',(-20.85455173281,25.35,-1.));
#2566 = DIRECTION('',(-1.349447499217E-16,-1.,0.));
#2567 = DIRECTION('',(-1.,1.349447499217E-16,0.));
#2568 = DEFINITIONAL_REPRESENTATION('',(#2569),#2572);
#2569 = B_SPLINE_CURVE_WITH_KNOTS('',1,(#2570,#2571),.UNSPECIFIED.,.F.,
  .F.,(2,2),(-13.71817240078,-10.4272758664),.PIECEWISE_BEZIER_KNOTS.);
#2570 = CARTESIAN_POINT('',(3.290896534381,-1.));
#2571 = CARTESIAN_POINT('',(0.,-1.));
#2572 = ( GEOMETRIC_REPRESENTATION_CONTEXT(2) 
PARAMETRIC_REPRESENTATION_CONTEXT() REPRESENTATION_CONTEXT('2D SPACE',''
  ) );
#2573 = ORIENTED_EDGE('',*,*,#2574,.T.);
#2574 = EDGE_CURVE('',#2549,#2575,#2577,.T.);
#2575 = VERTEX_POINT('',#2576);
#2576 = CARTESIAN_POINT('',(-19.20910346561,22.5,0.));
#2577 = SURFACE_CURVE('',#2578,(#2582,#2588),.PCURVE_S1.);
#2578 = LINE('',#2579,#2580);
#2579 = CARTESIAN_POINT('',(-11.93657263612,9.903607103713,0.));
#2580 = VECTOR('',#2581,1.);
#2581 = DIRECTION('',(0.5,-0.866025403784,0.));
#2582 = PCURVE('',#179,#2583);
#2583 = DEFINITIONAL_REPRESENTATION('',(#2584),#2587);
#2584 = B_SPLINE_CURVE_WITH_KNOTS('',1,(#2585,#2586),.UNSPECIFIED.,.F.,
  .F.,(2,2),(-17.83595819336,-14.54506165898),.PIECEWISE_BEZIER_KNOTS.);
#2585 = CARTESIAN_POINT('',(-17.60971721128,27.702575470794));
#2586 = CARTESIAN_POINT('',(-16.32386149466,24.673289238686));
#2587 = ( GEOMETRIC_REPRESENTATION_CONTEXT(2) 
PARAMETRIC_REPRESENTATION_CONTEXT() REPRESENTATION_CONTEXT('2D SPACE',''
  ) );
#2588 = PCURVE('',#2589,#2594);
#2589 = PLANE('',#2590);
#2590 = AXIS2_PLACEMENT_3D('',#2591,#2592,#2593);
#2591 = CARTESIAN_POINT('',(-19.20910346561,22.5,-1.));
#2592 = DIRECTION('',(-0.866025403784,-0.5,0.));
#2593 = DIRECTION('',(-0.5,0.866025403784,0.));
#2594 = DEFINITIONAL_REPRESENTATION('',(#2595),#2598);
#2595 = B_SPLINE_CURVE_WITH_KNOTS('',1,(#2596,#2597),.UNSPECIFIED.,.F.,
  .F.,(2,2),(-17.83595819336,-14.54506165898),.PIECEWISE_BEZIER_KNOTS.);
#2596 = CARTESIAN_POINT('',(3.290896534381,-1.));
#2597 = CARTESIAN_POINT('',(0.,-1.));
#2598 = ( GEOMETRIC_REPRESENTATION_CONTEXT(2) 
PARAMETRIC_REPRESENTATION_CONTEXT() REPRESENTATION_CONTEXT('2D SPACE',''
  ) );
#2599 = ORIENTED_EDGE('',*,*,#2600,.T.);
#2600 = EDGE_CURVE('',#2575,#2601,#2603,.T.);
#2601 = VERTEX_POINT('',#2602);
#2602 = CARTESIAN_POINT('',(-20.85455173281,19.65,0.));
#2603 = SURFACE_CURVE('',#2604,(#2608,#2614),.PCURVE_S1.);
#2604 = LINE('',#2605,#2606);
#2605 = CARTESIAN_POINT('',(-22.50208256229,16.796392896287,0.));
#2606 = VECTOR('',#2607,1.);
#2607 = DIRECTION('',(-0.5,-0.866025403784,0.));
#2608 = PCURVE('',#179,#2609);
#2609 = DEFINITIONAL_REPRESENTATION('',(#2610),#2613);
#2610 = B_SPLINE_CURVE_WITH_KNOTS('',1,(#2611,#2612),.UNSPECIFIED.,.F.,
  .F.,(2,2),(-6.585958193361,-3.29506165898),.PIECEWISE_BEZIER_KNOTS.);
#2611 = CARTESIAN_POINT('',(-16.32386149466,24.673289238686));
#2612 = CARTESIAN_POINT('',(-18.30437246869,22.045062406438));
#2613 = ( GEOMETRIC_REPRESENTATION_CONTEXT(2) 
PARAMETRIC_REPRESENTATION_CONTEXT() REPRESENTATION_CONTEXT('2D SPACE',''
  ) );
#2614 = PCURVE('',#2615,#2620);
#2615 = PLANE('',#2616);
#2616 = AXIS2_PLACEMENT_3D('',#2617,#2618,#2619);
#2617 = CARTESIAN_POINT('',(-20.85455173281,19.65,-1.));
#2618 = DIRECTION('',(-0.866025403784,0.5,0.));
#2619 = DIRECTION('',(0.5,0.866025403784,0.));
#2620 = DEFINITIONAL_REPRESENTATION('',(#2621),#2624);
#2621 = B_SPLINE_CURVE_WITH_KNOTS('',1,(#2622,#2623),.UNSPECIFIED.,.F.,
  .F.,(2,2),(-6.585958193361,-3.29506165898),.PIECEWISE_BEZIER_KNOTS.);
#2622 = CARTESIAN_POINT('',(3.290896534381,-1.));
#2623 = CARTESIAN_POINT('',(0.,-1.));
#2624 = ( GEOMETRIC_REPRESENTATION_CONTEXT(2) 
PARAMETRIC_REPRESENTATION_CONTEXT() REPRESENTATION_CONTEXT('2D SPACE',''
  ) );
#2625 = ORIENTED_EDGE('',*,*,#2626,.T.);
#2626 = EDGE_CURVE('',#2601,#2627,#2629,.T.);
#2627 = VERTEX_POINT('',#2628);
#2628 = CARTESIAN_POINT('',(-24.14544826719,19.65,0.));
#2629 = SURFACE_CURVE('',#2630,(#2634,#2640),.PCURVE_S1.);
#2630 = LINE('',#2631,#2632);
#2631 = CARTESIAN_POINT('',(-12.07272413359,19.65,0.));
#2632 = VECTOR('',#2633,1.);
#2633 = DIRECTION('',(-1.,6.747237496083E-16,0.));
#2634 = PCURVE('',#179,#2635);
#2635 = DEFINITIONAL_REPRESENTATION('',(#2636),#2639);
#2636 = B_SPLINE_CURVE_WITH_KNOTS('',1,(#2637,#2638),.UNSPECIFIED.,.F.,
  .F.,(2,2),(8.781827599214,12.072724133595),.PIECEWISE_BEZIER_KNOTS.);
#2637 = CARTESIAN_POINT('',(-18.30437246869,22.045062406438));
#2638 = CARTESIAN_POINT('',(-21.57073915934,22.446121806297));
#2639 = ( GEOMETRIC_REPRESENTATION_CONTEXT(2) 
PARAMETRIC_REPRESENTATION_CONTEXT() REPRESENTATION_CONTEXT('2D SPACE',''
  ) );
#2640 = PCURVE('',#2641,#2646);
#2641 = PLANE('',#2642);
#2642 = AXIS2_PLACEMENT_3D('',#2643,#2644,#2645);
#2643 = CARTESIAN_POINT('',(-24.14544826719,19.65,-1.));
#2644 = DIRECTION('',(6.747237496083E-16,1.,-0.));
#2645 = DIRECTION('',(1.,-6.747237496083E-16,0.));
#2646 = DEFINITIONAL_REPRESENTATION('',(#2647),#2650);
#2647 = B_SPLINE_CURVE_WITH_KNOTS('',1,(#2648,#2649),.UNSPECIFIED.,.F.,
  .F.,(2,2),(8.781827599214,12.072724133595),.PIECEWISE_BEZIER_KNOTS.);
#2648 = CARTESIAN_POINT('',(3.290896534381,-1.));
#2649 = CARTESIAN_POINT('',(0.,-1.));
#2650 = ( GEOMETRIC_REPRESENTATION_CONTEXT(2) 
PARAMETRIC_REPRESENTATION_CONTEXT() REPRESENTATION_CONTEXT('2D SPACE',''
  ) );
#2651 = ORIENTED_EDGE('',*,*,#2652,.T.);
#2652 = EDGE_CURVE('',#2627,#2653,#2655,.T.);
#2653 = VERTEX_POINT('',#2654);
#2654 = CARTESIAN_POINT('',(-25.79089653438,22.5,0.));
#2655 = SURFACE_CURVE('',#2656,(#2660,#2666),.PCURVE_S1.);
#2656 = LINE('',#2657,#2658);
#2657 = CARTESIAN_POINT('',(-17.69564157129,8.478607103713,0.));
#2658 = VECTOR('',#2659,1.);
#2659 = DIRECTION('',(-0.5,0.866025403784,0.));
#2660 = PCURVE('',#179,#2661);
#2661 = DEFINITIONAL_REPRESENTATION('',(#2662),#2665);
#2662 = B_SPLINE_CURVE_WITH_KNOTS('',1,(#2663,#2664),.UNSPECIFIED.,.F.,
  .F.,(2,2),(12.899613391789,16.19050992617),.PIECEWISE_BEZIER_KNOTS.);
#2663 = CARTESIAN_POINT('',(-21.57073915934,22.446121806297));
#2664 = CARTESIAN_POINT('',(-22.85659487596,25.475408038405));
#2665 = ( GEOMETRIC_REPRESENTATION_CONTEXT(2) 
PARAMETRIC_REPRESENTATION_CONTEXT() REPRESENTATION_CONTEXT('2D SPACE',''
  ) );
#2666 = PCURVE('',#2667,#2672);
#2667 = PLANE('',#2668);
#2668 = AXIS2_PLACEMENT_3D('',#2669,#2670,#2671);
#2669 = CARTESIAN_POINT('',(-25.79089653438,22.5,-1.));
#2670 = DIRECTION('',(0.866025403784,0.5,-0.));
#2671 = DIRECTION('',(0.5,-0.866025403784,0.));
#2672 = DEFINITIONAL_REPRESENTATION('',(#2673),#2676);
#2673 = B_SPLINE_CURVE_WITH_KNOTS('',1,(#2674,#2675),.UNSPECIFIED.,.F.,
  .F.,(2,2),(12.899613391789,16.19050992617),.PIECEWISE_BEZIER_KNOTS.);
#2674 = CARTESIAN_POINT('',(3.290896534381,-1.));
#2675 = CARTESIAN_POINT('',(0.,-1.));
#2676 = ( GEOMETRIC_REPRESENTATION_CONTEXT(2) 
PARAMETRIC_REPRESENTATION_CONTEXT() REPRESENTATION_CONTEXT('2D SPACE',''
  ) );
#2677 = ORIENTED_EDGE('',*,*,#2678,.T.);
#2678 = EDGE_CURVE('',#2653,#2547,#2679,.T.);
#2679 = SURFACE_CURVE('',#2680,(#2684,#2690),.PCURVE_S1.);
#2680 = LINE('',#2681,#2682);
#2681 = CARTESIAN_POINT('',(-26.61570323027,21.071392896287,0.));
#2682 = VECTOR('',#2683,1.);
#2683 = DIRECTION('',(0.5,0.866025403784,-0.));
#2684 = PCURVE('',#179,#2685);
#2685 = DEFINITIONAL_REPRESENTATION('',(#2686),#2689);
#2686 = B_SPLINE_CURVE_WITH_KNOTS('',1,(#2687,#2688),.UNSPECIFIED.,.F.,
  .F.,(2,2),(1.649613391789,4.94050992617),.PIECEWISE_BEZIER_KNOTS.);
#2687 = CARTESIAN_POINT('',(-22.85659487596,25.475408038405));
#2688 = CARTESIAN_POINT('',(-20.87608390193,28.103634870653));
#2689 = ( GEOMETRIC_REPRESENTATION_CONTEXT(2) 
PARAMETRIC_REPRESENTATION_CONTEXT() REPRESENTATION_CONTEXT('2D SPACE',''
  ) );
#2690 = PCURVE('',#2691,#2696);
#2691 = PLANE('',#2692);
#2692 = AXIS2_PLACEMENT_3D('',#2693,#2694,#2695);
#2693 = CARTESIAN_POINT('',(-24.14544826719,25.35,-1.));
#2694 = DIRECTION('',(0.866025403784,-0.5,0.));
#2695 = DIRECTION('',(-0.5,-0.866025403784,0.));
#2696 = DEFINITIONAL_REPRESENTATION('',(#2697),#2700);
#2697 = B_SPLINE_CURVE_WITH_KNOTS('',1,(#2698,#2699),.UNSPECIFIED.,.F.,
  .F.,(2,2),(1.649613391789,4.94050992617),.PIECEWISE_BEZIER_KNOTS.);
#2698 = CARTESIAN_POINT('',(3.290896534381,-1.));
#2699 = CARTESIAN_POINT('',(0.,-1.));
#2700 = ( GEOMETRIC_REPRESENTATION_CONTEXT(2) 
PARAMETRIC_REPRESENTATION_CONTEXT() REPRESENTATION_CONTEXT('2D SPACE',''
  ) );
#2701 = FACE_BOUND('',#2702,.F.);
#2702 = EDGE_LOOP('',(#2703));
#2703 = ORIENTED_EDGE('',*,*,#2704,.F.);
#2704 = EDGE_CURVE('',#2705,#2705,#2707,.T.);
#2705 = VERTEX_POINT('',#2706);
#2706 = CARTESIAN_POINT('',(27.791292245957,3.412341615344,0.));
#2707 = SURFACE_CURVE('',#2708,(#2713,#2720),.PCURVE_S1.);
#2708 = CIRCLE('',#2709,28.);
#2709 = AXIS2_PLACEMENT_3D('',#2710,#2711,#2712);
#2710 = CARTESIAN_POINT('',(1.736464926059E-13,2.286895437438E-14,0.));
#2711 = DIRECTION('',(0.,-0.,1.));
#2712 = DIRECTION('',(0.992546151641,0.121869343405,0.));
#2713 = PCURVE('',#179,#2714);
#2714 = DEFINITIONAL_REPRESENTATION('',(#2715),#2719);
#2715 = CIRCLE('',#2716,28.);
#2716 = AXIS2_PLACEMENT_2D('',#2717,#2718);
#2717 = CARTESIAN_POINT('',(1.775044842869E-13,-1.68389736495E-15));
#2718 = DIRECTION('',(1.,0.));
#2719 = ( GEOMETRIC_REPRESENTATION_CONTEXT(2) 
PARAMETRIC_REPRESENTATION_CONTEXT() REPRESENTATION_CONTEXT('2D SPACE',''
  ) );
#2720 = PCURVE('',#1634,#2721);
#2721 = DEFINITIONAL_REPRESENTATION('',(#2722),#2726);
#2722 = LINE('',#2723,#2724);
#2723 = CARTESIAN_POINT('',(-0.,0.));
#2724 = VECTOR('',#2725,1.);
#2725 = DIRECTION('',(-1.,0.));
#2726 = ( GEOMETRIC_REPRESENTATION_CONTEXT(2) 
PARAMETRIC_REPRESENTATION_CONTEXT() REPRESENTATION_CONTEXT('2D SPACE',''
  ) );
#2727 = FACE_BOUND('',#2728,.F.);
#2728 = EDGE_LOOP('',(#2729,#2757,#2783,#2809,#2835,#2861));
#2729 = ORIENTED_EDGE('',*,*,#2730,.T.);
#2730 = EDGE_CURVE('',#2731,#2733,#2735,.T.);
#2731 = VERTEX_POINT('',#2732);
#2732 = CARTESIAN_POINT('',(20.85455173281,25.35,0.));
#2733 = VERTEX_POINT('',#2734);
#2734 = CARTESIAN_POINT('',(24.14544826719,25.35,0.));
#2735 = SURFACE_CURVE('',#2736,(#2740,#2746),.PCURVE_S1.);
#2736 = LINE('',#2737,#2738);
#2737 = CARTESIAN_POINT('',(12.072724133595,25.35,0.));
#2738 = VECTOR('',#2739,1.);
#2739 = DIRECTION('',(1.,-1.349447499217E-16,0.));
#2740 = PCURVE('',#179,#2741);
#2741 = DEFINITIONAL_REPRESENTATION('',(#2742),#2745);
#2742 = B_SPLINE_CURVE_WITH_KNOTS('',1,(#2743,#2744),.UNSPECIFIED.,.F.,
  .F.,(2,2),(8.781827599214,12.072724133595),.PIECEWISE_BEZIER_KNOTS.);
#2743 = CARTESIAN_POINT('',(23.788492921925,22.619514417421));
#2744 = CARTESIAN_POINT('',(27.054859612575,22.218455017562));
#2745 = ( GEOMETRIC_REPRESENTATION_CONTEXT(2) 
PARAMETRIC_REPRESENTATION_CONTEXT() REPRESENTATION_CONTEXT('2D SPACE',''
  ) );
#2746 = PCURVE('',#2747,#2752);
#2747 = PLANE('',#2748);
#2748 = AXIS2_PLACEMENT_3D('',#2749,#2750,#2751);
#2749 = CARTESIAN_POINT('',(24.14544826719,25.35,-1.));
#2750 = DIRECTION('',(-1.349447499217E-16,-1.,0.));
#2751 = DIRECTION('',(-1.,1.349447499217E-16,0.));
#2752 = DEFINITIONAL_REPRESENTATION('',(#2753),#2756);
#2753 = B_SPLINE_CURVE_WITH_KNOTS('',1,(#2754,#2755),.UNSPECIFIED.,.F.,
  .F.,(2,2),(8.781827599214,12.072724133595),.PIECEWISE_BEZIER_KNOTS.);
#2754 = CARTESIAN_POINT('',(3.290896534381,-1.));
#2755 = CARTESIAN_POINT('',(0.,-1.));
#2756 = ( GEOMETRIC_REPRESENTATION_CONTEXT(2) 
PARAMETRIC_REPRESENTATION_CONTEXT() REPRESENTATION_CONTEXT('2D SPACE',''
  ) );
#2757 = ORIENTED_EDGE('',*,*,#2758,.T.);
#2758 = EDGE_CURVE('',#2733,#2759,#2761,.T.);
#2759 = VERTEX_POINT('',#2760);
#2760 = CARTESIAN_POINT('',(25.790896534381,22.5,0.));
#2761 = SURFACE_CURVE('',#2762,(#2766,#2772),.PCURVE_S1.);
#2762 = LINE('',#2763,#2764);
#2763 = CARTESIAN_POINT('',(27.438427363871,19.646392896287,0.));
#2764 = VECTOR('',#2765,1.);
#2765 = DIRECTION('',(0.5,-0.866025403784,0.));
#2766 = PCURVE('',#179,#2767);
#2767 = DEFINITIONAL_REPRESENTATION('',(#2768),#2771);
#2768 = B_SPLINE_CURVE_WITH_KNOTS('',1,(#2769,#2770),.UNSPECIFIED.,.F.,
  .F.,(2,2),(-6.585958193361,-3.29506165898),.PIECEWISE_BEZIER_KNOTS.);
#2769 = CARTESIAN_POINT('',(27.054859612575,22.218455017562));
#2770 = CARTESIAN_POINT('',(28.340715329195,19.189168785455));
#2771 = ( GEOMETRIC_REPRESENTATION_CONTEXT(2) 
PARAMETRIC_REPRESENTATION_CONTEXT() REPRESENTATION_CONTEXT('2D SPACE',''
  ) );
#2772 = PCURVE('',#2773,#2778);
#2773 = PLANE('',#2774);
#2774 = AXIS2_PLACEMENT_3D('',#2775,#2776,#2777);
#2775 = CARTESIAN_POINT('',(25.790896534381,22.5,-1.));
#2776 = DIRECTION('',(-0.866025403784,-0.5,0.));
#2777 = DIRECTION('',(-0.5,0.866025403784,0.));
#2778 = DEFINITIONAL_REPRESENTATION('',(#2779),#2782);
#2779 = B_SPLINE_CURVE_WITH_KNOTS('',1,(#2780,#2781),.UNSPECIFIED.,.F.,
  .F.,(2,2),(-6.585958193361,-3.29506165898),.PIECEWISE_BEZIER_KNOTS.);
#2780 = CARTESIAN_POINT('',(3.290896534381,-1.));
#2781 = CARTESIAN_POINT('',(0.,-1.));
#2782 = ( GEOMETRIC_REPRESENTATION_CONTEXT(2) 
PARAMETRIC_REPRESENTATION_CONTEXT() REPRESENTATION_CONTEXT('2D SPACE',''
  ) );
#2783 = ORIENTED_EDGE('',*,*,#2784,.T.);
#2784 = EDGE_CURVE('',#2759,#2785,#2787,.T.);
#2785 = VERTEX_POINT('',#2786);
#2786 = CARTESIAN_POINT('',(24.14544826719,19.65,0.));
#2787 = SURFACE_CURVE('',#2788,(#2792,#2798),.PCURVE_S1.);
#2788 = LINE('',#2789,#2790);
#2789 = CARTESIAN_POINT('',(16.872917437701,7.053607103713,0.));
#2790 = VECTOR('',#2791,1.);
#2791 = DIRECTION('',(-0.5,-0.866025403784,0.));
#2792 = PCURVE('',#179,#2793);
#2793 = DEFINITIONAL_REPRESENTATION('',(#2794),#2797);
#2794 = B_SPLINE_CURVE_WITH_KNOTS('',1,(#2795,#2796),.UNSPECIFIED.,.F.,
  .F.,(2,2),(-17.83595819336,-14.54506165898),.PIECEWISE_BEZIER_KNOTS.);
#2795 = CARTESIAN_POINT('',(28.340715329195,19.189168785455));
#2796 = CARTESIAN_POINT('',(26.360204355166,16.560941953207));
#2797 = ( GEOMETRIC_REPRESENTATION_CONTEXT(2) 
PARAMETRIC_REPRESENTATION_CONTEXT() REPRESENTATION_CONTEXT('2D SPACE',''
  ) );
#2798 = PCURVE('',#2799,#2804);
#2799 = PLANE('',#2800);
#2800 = AXIS2_PLACEMENT_3D('',#2801,#2802,#2803);
#2801 = CARTESIAN_POINT('',(24.14544826719,19.65,-1.));
#2802 = DIRECTION('',(-0.866025403784,0.5,0.));
#2803 = DIRECTION('',(0.5,0.866025403784,0.));
#2804 = DEFINITIONAL_REPRESENTATION('',(#2805),#2808);
#2805 = B_SPLINE_CURVE_WITH_KNOTS('',1,(#2806,#2807),.UNSPECIFIED.,.F.,
  .F.,(2,2),(-17.83595819336,-14.54506165898),.PIECEWISE_BEZIER_KNOTS.);
#2806 = CARTESIAN_POINT('',(3.290896534381,-1.));
#2807 = CARTESIAN_POINT('',(0.,-1.));
#2808 = ( GEOMETRIC_REPRESENTATION_CONTEXT(2) 
PARAMETRIC_REPRESENTATION_CONTEXT() REPRESENTATION_CONTEXT('2D SPACE',''
  ) );
#2809 = ORIENTED_EDGE('',*,*,#2810,.T.);
#2810 = EDGE_CURVE('',#2785,#2811,#2813,.T.);
#2811 = VERTEX_POINT('',#2812);
#2812 = CARTESIAN_POINT('',(20.85455173281,19.65,0.));
#2813 = SURFACE_CURVE('',#2814,(#2818,#2824),.PCURVE_S1.);
#2814 = LINE('',#2815,#2816);
#2815 = CARTESIAN_POINT('',(10.427275866405,19.65,0.));
#2816 = VECTOR('',#2817,1.);
#2817 = DIRECTION('',(-1.,6.747237496083E-16,0.));
#2818 = PCURVE('',#179,#2819);
#2819 = DEFINITIONAL_REPRESENTATION('',(#2820),#2823);
#2820 = B_SPLINE_CURVE_WITH_KNOTS('',1,(#2821,#2822),.UNSPECIFIED.,.F.,
  .F.,(2,2),(-13.71817240078,-10.4272758664),.PIECEWISE_BEZIER_KNOTS.);
#2821 = CARTESIAN_POINT('',(26.360204355166,16.560941953207));
#2822 = CARTESIAN_POINT('',(23.093837664516,16.962001353066));
#2823 = ( GEOMETRIC_REPRESENTATION_CONTEXT(2) 
PARAMETRIC_REPRESENTATION_CONTEXT() REPRESENTATION_CONTEXT('2D SPACE',''
  ) );
#2824 = PCURVE('',#2825,#2830);
#2825 = PLANE('',#2826);
#2826 = AXIS2_PLACEMENT_3D('',#2827,#2828,#2829);
#2827 = CARTESIAN_POINT('',(20.85455173281,19.65,-1.));
#2828 = DIRECTION('',(6.747237496083E-16,1.,-0.));
#2829 = DIRECTION('',(1.,-6.747237496083E-16,0.));
#2830 = DEFINITIONAL_REPRESENTATION('',(#2831),#2834);
#2831 = B_SPLINE_CURVE_WITH_KNOTS('',1,(#2832,#2833),.UNSPECIFIED.,.F.,
  .F.,(2,2),(-13.71817240078,-10.4272758664),.PIECEWISE_BEZIER_KNOTS.);
#2832 = CARTESIAN_POINT('',(3.290896534381,-1.));
#2833 = CARTESIAN_POINT('',(0.,-1.));
#2834 = ( GEOMETRIC_REPRESENTATION_CONTEXT(2) 
PARAMETRIC_REPRESENTATION_CONTEXT() REPRESENTATION_CONTEXT('2D SPACE',''
  ) );
#2835 = ORIENTED_EDGE('',*,*,#2836,.T.);
#2836 = EDGE_CURVE('',#2811,#2837,#2839,.T.);
#2837 = VERTEX_POINT('',#2838);
#2838 = CARTESIAN_POINT('',(19.209103465619,22.5,0.));
#2839 = SURFACE_CURVE('',#2840,(#2844,#2850),.PCURVE_S1.);
#2840 = LINE('',#2841,#2842);
#2841 = CARTESIAN_POINT('',(21.679358428704,18.221392896287,0.));
#2842 = VECTOR('',#2843,1.);
#2843 = DIRECTION('',(-0.5,0.866025403784,0.));
#2844 = PCURVE('',#179,#2845);
#2845 = DEFINITIONAL_REPRESENTATION('',(#2846),#2849);
#2846 = B_SPLINE_CURVE_WITH_KNOTS('',1,(#2847,#2848),.UNSPECIFIED.,.F.,
  .F.,(2,2),(1.649613391789,4.94050992617),.PIECEWISE_BEZIER_KNOTS.);
#2847 = CARTESIAN_POINT('',(23.093837664516,16.962001353066));
#2848 = CARTESIAN_POINT('',(21.807981947896,19.991287585173));
#2849 = ( GEOMETRIC_REPRESENTATION_CONTEXT(2) 
PARAMETRIC_REPRESENTATION_CONTEXT() REPRESENTATION_CONTEXT('2D SPACE',''
  ) );
#2850 = PCURVE('',#2851,#2856);
#2851 = PLANE('',#2852);
#2852 = AXIS2_PLACEMENT_3D('',#2853,#2854,#2855);
#2853 = CARTESIAN_POINT('',(19.209103465619,22.5,-1.));
#2854 = DIRECTION('',(0.866025403784,0.5,-0.));
#2855 = DIRECTION('',(0.5,-0.866025403784,0.));
#2856 = DEFINITIONAL_REPRESENTATION('',(#2857),#2860);
#2857 = B_SPLINE_CURVE_WITH_KNOTS('',1,(#2858,#2859),.UNSPECIFIED.,.F.,
  .F.,(2,2),(1.649613391789,4.94050992617),.PIECEWISE_BEZIER_KNOTS.);
#2858 = CARTESIAN_POINT('',(3.290896534381,-1.));
#2859 = CARTESIAN_POINT('',(0.,-1.));
#2860 = ( GEOMETRIC_REPRESENTATION_CONTEXT(2) 
PARAMETRIC_REPRESENTATION_CONTEXT() REPRESENTATION_CONTEXT('2D SPACE',''
  ) );
#2861 = ORIENTED_EDGE('',*,*,#2862,.T.);
#2862 = EDGE_CURVE('',#2837,#2731,#2863,.T.);
#2863 = SURFACE_CURVE('',#2864,(#2868,#2874),.PCURVE_S1.);
#2864 = LINE('',#2865,#2866);
#2865 = CARTESIAN_POINT('',(12.759296769724,11.328607103713,0.));
#2866 = VECTOR('',#2867,1.);
#2867 = DIRECTION('',(0.5,0.866025403784,-0.));
#2868 = PCURVE('',#179,#2869);
#2869 = DEFINITIONAL_REPRESENTATION('',(#2870),#2873);
#2870 = B_SPLINE_CURVE_WITH_KNOTS('',1,(#2871,#2872),.UNSPECIFIED.,.F.,
  .F.,(2,2),(12.899613391789,16.19050992617),.PIECEWISE_BEZIER_KNOTS.);
#2871 = CARTESIAN_POINT('',(21.807981947896,19.991287585173));
#2872 = CARTESIAN_POINT('',(23.788492921925,22.619514417421));
#2873 = ( GEOMETRIC_REPRESENTATION_CONTEXT(2) 
PARAMETRIC_REPRESENTATION_CONTEXT() REPRESENTATION_CONTEXT('2D SPACE',''
  ) );
#2874 = PCURVE('',#2875,#2880);
#2875 = PLANE('',#2876);
#2876 = AXIS2_PLACEMENT_3D('',#2877,#2878,#2879);
#2877 = CARTESIAN_POINT('',(20.85455173281,25.35,-1.));
#2878 = DIRECTION('',(0.866025403784,-0.5,0.));
#2879 = DIRECTION('',(-0.5,-0.866025403784,0.));
#2880 = DEFINITIONAL_REPRESENTATION('',(#2881),#2884);
#2881 = B_SPLINE_CURVE_WITH_KNOTS('',1,(#2882,#2883),.UNSPECIFIED.,.F.,
  .F.,(2,2),(12.899613391789,16.19050992617),.PIECEWISE_BEZIER_KNOTS.);
#2882 = CARTESIAN_POINT('',(3.290896534381,-1.));
#2883 = CARTESIAN_POINT('',(0.,-1.));
#2884 = ( GEOMETRIC_REPRESENTATION_CONTEXT(2) 
PARAMETRIC_REPRESENTATION_CONTEXT() REPRESENTATION_CONTEXT('2D SPACE',''
  ) );
#2885 = ADVANCED_FACE('',(#2886),#151,.T.);
#2886 = FACE_BOUND('',#2887,.T.);
#2887 = EDGE_LOOP('',(#2888,#2907,#2908,#2909));
#2888 = ORIENTED_EDGE('',*,*,#2889,.F.);
#2889 = EDGE_CURVE('',#760,#1928,#2890,.T.);
#2890 = SURFACE_CURVE('',#2891,(#2895,#2901),.PCURVE_S1.);
#2891 = LINE('',#2892,#2893);
#2892 = CARTESIAN_POINT('',(-27.7108053415,16.981203353268,-1.));
#2893 = VECTOR('',#2894,1.);
#2894 = DIRECTION('',(-0.,-0.,-1.));
#2895 = PCURVE('',#151,#2896);
#2896 = DEFINITIONAL_REPRESENTATION('',(#2897),#2900);
#2897 = B_SPLINE_CURVE_WITH_KNOTS('',1,(#2898,#2899),.UNSPECIFIED.,.F.,
  .F.,(2,2),(-10.0000006,5.999999999062E-07),.PIECEWISE_BEZIER_KNOTS.);
#2898 = CARTESIAN_POINT('',(32.5,-11.0000006));
#2899 = CARTESIAN_POINT('',(32.5,-0.9999994));
#2900 = ( GEOMETRIC_REPRESENTATION_CONTEXT(2) 
PARAMETRIC_REPRESENTATION_CONTEXT() REPRESENTATION_CONTEXT('2D SPACE',''
  ) );
#2901 = PCURVE('',#801,#2902);
#2902 = DEFINITIONAL_REPRESENTATION('',(#2903),#2906);
#2903 = B_SPLINE_CURVE_WITH_KNOTS('',1,(#2904,#2905),.UNSPECIFIED.,.F.,
  .F.,(2,2),(-10.0000006,5.999999999062E-07),.PIECEWISE_BEZIER_KNOTS.);
#2904 = CARTESIAN_POINT('',(-2.591813939212,-10.0000006));
#2905 = CARTESIAN_POINT('',(-2.591813939212,5.999999999062E-07));
#2906 = ( GEOMETRIC_REPRESENTATION_CONTEXT(2) 
PARAMETRIC_REPRESENTATION_CONTEXT() REPRESENTATION_CONTEXT('2D SPACE',''
  ) );
#2907 = ORIENTED_EDGE('',*,*,#759,.F.);
#2908 = ORIENTED_EDGE('',*,*,#136,.T.);
#2909 = ORIENTED_EDGE('',*,*,#1927,.T.);
#2910 = ADVANCED_FACE('',(#2911),#97,.F.);
#2911 = FACE_BOUND('',#2912,.F.);
#2912 = EDGE_LOOP('',(#2913,#2914,#2936,#2955));
#2913 = ORIENTED_EDGE('',*,*,#82,.F.);
#2914 = ORIENTED_EDGE('',*,*,#2915,.F.);
#2915 = EDGE_CURVE('',#2916,#55,#2918,.T.);
#2916 = VERTEX_POINT('',#2917);
#2917 = CARTESIAN_POINT('',(-26.75428958658,20.160803275594,30.));
#2918 = SURFACE_CURVE('',#2919,(#2923,#2929),.PCURVE_S1.);
#2919 = LINE('',#2920,#2921);
#2920 = CARTESIAN_POINT('',(-44.32427080762,33.400733784939,30.));
#2921 = VECTOR('',#2922,1.);
#2922 = DIRECTION('',(-0.798635510047,0.601815023152,0.));
#2923 = PCURVE('',#97,#2924);
#2924 = DEFINITIONAL_REPRESENTATION('',(#2925),#2928);
#2925 = B_SPLINE_CURVE_WITH_KNOTS('',1,(#2926,#2927),.UNSPECIFIED.,.F.,
  .F.,(2,2),(-55.5,-9.17098064822),.PIECEWISE_BEZIER_KNOTS.);
#2926 = CARTESIAN_POINT('',(111.,-31.));
#2927 = CARTESIAN_POINT('',(64.67098064822,-31.));
#2928 = ( GEOMETRIC_REPRESENTATION_CONTEXT(2) 
PARAMETRIC_REPRESENTATION_CONTEXT() REPRESENTATION_CONTEXT('2D SPACE',''
  ) );
#2929 = PCURVE('',#70,#2930);
#2930 = DEFINITIONAL_REPRESENTATION('',(#2931),#2935);
#2931 = LINE('',#2932,#2933);
#2932 = CARTESIAN_POINT('',(-44.32427080762,33.400733784939));
#2933 = VECTOR('',#2934,1.);
#2934 = DIRECTION('',(-0.798635510047,0.601815023152));
#2935 = ( GEOMETRIC_REPRESENTATION_CONTEXT(2) 
PARAMETRIC_REPRESENTATION_CONTEXT() REPRESENTATION_CONTEXT('2D SPACE',''
  ) );
#2936 = ORIENTED_EDGE('',*,*,#2937,.T.);
#2937 = EDGE_CURVE('',#2916,#707,#2938,.T.);
#2938 = SURFACE_CURVE('',#2939,(#2943,#2949),.PCURVE_S1.);
#2939 = LINE('',#2940,#2941);
#2940 = CARTESIAN_POINT('',(-26.75428958658,20.160803275594,0.));
#2941 = VECTOR('',#2942,1.);
#2942 = DIRECTION('',(-0.,-0.,-1.));
#2943 = PCURVE('',#97,#2944);
#2944 = DEFINITIONAL_REPRESENTATION('',(#2945),#2948);
#2945 = B_SPLINE_CURVE_WITH_KNOTS('',1,(#2946,#2947),.UNSPECIFIED.,.F.,
  .F.,(2,2),(-30.0000006,6.E-07),.PIECEWISE_BEZIER_KNOTS.);
#2946 = CARTESIAN_POINT('',(77.5,-31.0000006));
#2947 = CARTESIAN_POINT('',(77.5,-0.9999994));
#2948 = ( GEOMETRIC_REPRESENTATION_CONTEXT(2) 
PARAMETRIC_REPRESENTATION_CONTEXT() REPRESENTATION_CONTEXT('2D SPACE',''
  ) );
#2949 = PCURVE('',#727,#2950);
#2950 = DEFINITIONAL_REPRESENTATION('',(#2951),#2954);
#2951 = B_SPLINE_CURVE_WITH_KNOTS('',1,(#2952,#2953),.UNSPECIFIED.,.F.,
  .F.,(2,2),(-30.0000006,6.E-07),.PIECEWISE_BEZIER_KNOTS.);
#2952 = CARTESIAN_POINT('',(-2.495820830352,-30.0000006));
#2953 = CARTESIAN_POINT('',(-2.495820830352,6.E-07));
#2954 = ( GEOMETRIC_REPRESENTATION_CONTEXT(2) 
PARAMETRIC_REPRESENTATION_CONTEXT() REPRESENTATION_CONTEXT('2D SPACE',''
  ) );
#2955 = ORIENTED_EDGE('',*,*,#739,.T.);
#2956 = ADVANCED_FACE('',(#2957,#3032),#70,.T.);
#2957 = FACE_BOUND('',#2958,.T.);
#2958 = EDGE_LOOP('',(#2959,#2960,#2961,#2962,#2986,#3010));
#2959 = ORIENTED_EDGE('',*,*,#518,.F.);
#2960 = ORIENTED_EDGE('',*,*,#54,.T.);
#2961 = ORIENTED_EDGE('',*,*,#2915,.F.);
#2962 = ORIENTED_EDGE('',*,*,#2963,.F.);
#2963 = EDGE_CURVE('',#2964,#2916,#2966,.T.);
#2964 = VERTEX_POINT('',#2965);
#2965 = CARTESIAN_POINT('',(-25.57987567845,21.631457654879,30.));
#2966 = SURFACE_CURVE('',#2967,(#2972,#2979),.PCURVE_S1.);
#2967 = CIRCLE('',#2968,33.5);
#2968 = AXIS2_PLACEMENT_3D('',#2969,#2970,#2971);
#2969 = CARTESIAN_POINT('',(1.75139182436E-13,1.53630861786E-15,30.));
#2970 = DIRECTION('',(0.,0.,1.));
#2971 = DIRECTION('',(1.,0.,0.));
#2972 = PCURVE('',#70,#2973);
#2973 = DEFINITIONAL_REPRESENTATION('',(#2974),#2978);
#2974 = CIRCLE('',#2975,33.5);
#2975 = AXIS2_PLACEMENT_2D('',#2976,#2977);
#2976 = CARTESIAN_POINT('',(1.775044842869E-13,-1.68389736495E-15));
#2977 = DIRECTION('',(1.,0.));
#2978 = ( GEOMETRIC_REPRESENTATION_CONTEXT(2) 
PARAMETRIC_REPRESENTATION_CONTEXT() REPRESENTATION_CONTEXT('2D SPACE',''
  ) );
#2979 = PCURVE('',#727,#2980);
#2980 = DEFINITIONAL_REPRESENTATION('',(#2981),#2985);
#2981 = LINE('',#2982,#2983);
#2982 = CARTESIAN_POINT('',(-0.,-30.));
#2983 = VECTOR('',#2984,1.);
#2984 = DIRECTION('',(-1.,0.));
#2985 = ( GEOMETRIC_REPRESENTATION_CONTEXT(2) 
PARAMETRIC_REPRESENTATION_CONTEXT() REPRESENTATION_CONTEXT('2D SPACE',''
  ) );
#2986 = ORIENTED_EDGE('',*,*,#2987,.T.);
#2987 = EDGE_CURVE('',#2964,#2988,#2990,.T.);
#2988 = VERTEX_POINT('',#2989);
#2989 = CARTESIAN_POINT('',(-21.63145765487,25.579875678454,30.));
#2990 = SURFACE_CURVE('',#2991,(#2996,#3003),.PCURVE_S1.);
#2991 = CIRCLE('',#2992,3.2);
#2992 = AXIS2_PLACEMENT_3D('',#2993,#2994,#2995);
#2993 = CARTESIAN_POINT('',(-22.5,22.5,30.));
#2994 = DIRECTION('',(0.,0.,1.));
#2995 = DIRECTION('',(-0.962461149517,-0.27141948285,0.));
#2996 = PCURVE('',#70,#2997);
#2997 = DEFINITIONAL_REPRESENTATION('',(#2998),#3002);
#2998 = CIRCLE('',#2999,3.2);
#2999 = AXIS2_PLACEMENT_2D('',#3000,#3001);
#3000 = CARTESIAN_POINT('',(-22.5,22.5));
#3001 = DIRECTION('',(-0.962461149517,-0.27141948285));
#3002 = ( GEOMETRIC_REPRESENTATION_CONTEXT(2) 
PARAMETRIC_REPRESENTATION_CONTEXT() REPRESENTATION_CONTEXT('2D SPACE',''
  ) );
#3003 = PCURVE('',#694,#3004);
#3004 = DEFINITIONAL_REPRESENTATION('',(#3005),#3009);
#3005 = LINE('',#3006,#3007);
#3006 = CARTESIAN_POINT('',(-3.416460225921,-23.));
#3007 = VECTOR('',#3008,1.);
#3008 = DIRECTION('',(-1.,0.));
#3009 = ( GEOMETRIC_REPRESENTATION_CONTEXT(2) 
PARAMETRIC_REPRESENTATION_CONTEXT() REPRESENTATION_CONTEXT('2D SPACE',''
  ) );
#3010 = ORIENTED_EDGE('',*,*,#3011,.F.);
#3011 = EDGE_CURVE('',#519,#2988,#3012,.T.);
#3012 = SURFACE_CURVE('',#3013,(#3018,#3025),.PCURVE_S1.);
#3013 = CIRCLE('',#3014,33.5);
#3014 = AXIS2_PLACEMENT_3D('',#3015,#3016,#3017);
#3015 = CARTESIAN_POINT('',(1.75139182436E-13,1.53630861786E-15,30.));
#3016 = DIRECTION('',(0.,0.,1.));
#3017 = DIRECTION('',(1.,0.,0.));
#3018 = PCURVE('',#70,#3019);
#3019 = DEFINITIONAL_REPRESENTATION('',(#3020),#3024);
#3020 = CIRCLE('',#3021,33.5);
#3021 = AXIS2_PLACEMENT_2D('',#3022,#3023);
#3022 = CARTESIAN_POINT('',(1.775044842869E-13,-1.68389736495E-15));
#3023 = DIRECTION('',(1.,0.));
#3024 = ( GEOMETRIC_REPRESENTATION_CONTEXT(2) 
PARAMETRIC_REPRESENTATION_CONTEXT() REPRESENTATION_CONTEXT('2D SPACE',''
  ) );
#3025 = PCURVE('',#575,#3026);
#3026 = DEFINITIONAL_REPRESENTATION('',(#3027),#3031);
#3027 = LINE('',#3028,#3029);
#3028 = CARTESIAN_POINT('',(-0.,-30.));
#3029 = VECTOR('',#3030,1.);
#3030 = DIRECTION('',(-1.,0.));
#3031 = ( GEOMETRIC_REPRESENTATION_CONTEXT(2) 
PARAMETRIC_REPRESENTATION_CONTEXT() REPRESENTATION_CONTEXT('2D SPACE',''
  ) );
#3032 = FACE_BOUND('',#3033,.T.);
#3033 = EDGE_LOOP('',(#3034));
#3034 = ORIENTED_EDGE('',*,*,#3035,.T.);
#3035 = EDGE_CURVE('',#3036,#3036,#3038,.T.);
#3036 = VERTEX_POINT('',#3037);
#3037 = CARTESIAN_POINT('',(-20.8,22.5,30.));
#3038 = SURFACE_CURVE('',#3039,(#3044,#3055),.PCURVE_S1.);
#3039 = CIRCLE('',#3040,1.7);
#3040 = AXIS2_PLACEMENT_3D('',#3041,#3042,#3043);
#3041 = CARTESIAN_POINT('',(-22.5,22.5,30.));
#3042 = DIRECTION('',(0.,0.,-1.));
#3043 = DIRECTION('',(1.,0.,0.));
#3044 = PCURVE('',#70,#3045);
#3045 = DEFINITIONAL_REPRESENTATION('',(#3046),#3054);
#3046 = ( BOUNDED_CURVE() B_SPLINE_CURVE(2,(#3047,#3048,#3049,#3050,
#3051,#3052,#3053),.UNSPECIFIED.,.T.,.F.) B_SPLINE_CURVE_WITH_KNOTS((1,2
    ,2,2,2,1),(-2.094395102393,0.,2.094395102393,4.188790204786,
6.28318530718,8.377580409573),.UNSPECIFIED.) CURVE() 
GEOMETRIC_REPRESENTATION_ITEM() RATIONAL_B_SPLINE_CURVE((1.,0.5,1.,0.5,
1.,0.5,1.)) REPRESENTATION_ITEM('') );
#3047 = CARTESIAN_POINT('',(-20.8,22.5));
#3048 = CARTESIAN_POINT('',(-20.8,19.555513627133));
#3049 = CARTESIAN_POINT('',(-23.35,21.027756813566));
#3050 = CARTESIAN_POINT('',(-25.9,22.5));
#3051 = CARTESIAN_POINT('',(-23.35,23.972243186434));
#3052 = CARTESIAN_POINT('',(-20.8,25.444486372867));
#3053 = CARTESIAN_POINT('',(-20.8,22.5));
#3054 = ( GEOMETRIC_REPRESENTATION_CONTEXT(2) 
PARAMETRIC_REPRESENTATION_CONTEXT() REPRESENTATION_CONTEXT('2D SPACE',''
  ) );
#3055 = PCURVE('',#3056,#3061);
#3056 = CYLINDRICAL_SURFACE('',#3057,1.7);
#3057 = AXIS2_PLACEMENT_3D('',#3058,#3059,#3060);
#3058 = CARTESIAN_POINT('',(-22.5,22.5,-1.));
#3059 = DIRECTION('',(-0.,-0.,-1.));
#3060 = DIRECTION('',(1.,0.,0.));
#3061 = DEFINITIONAL_REPRESENTATION('',(#3062),#3066);
#3062 = LINE('',#3063,#3064);
#3063 = CARTESIAN_POINT('',(-6.28318530718,-31.));
#3064 = VECTOR('',#3065,1.);
#3065 = DIRECTION('',(1.,-0.));
#3066 = ( GEOMETRIC_REPRESENTATION_CONTEXT(2) 
PARAMETRIC_REPRESENTATION_CONTEXT() REPRESENTATION_CONTEXT('2D SPACE',''
  ) );
#3067 = ADVANCED_FACE('',(#3068),#455,.F.);
#3068 = FACE_BOUND('',#3069,.T.);
#3069 = EDGE_LOOP('',(#3070,#3099,#3120,#3121));
#3070 = ORIENTED_EDGE('',*,*,#3071,.F.);
#3071 = EDGE_CURVE('',#3072,#3072,#3074,.T.);
#3072 = VERTEX_POINT('',#3073);
#3073 = CARTESIAN_POINT('',(-2.,31.,4.));
#3074 = SURFACE_CURVE('',#3075,(#3080,#3087),.PCURVE_S1.);
#3075 = CIRCLE('',#3076,2.);
#3076 = AXIS2_PLACEMENT_3D('',#3077,#3078,#3079);
#3077 = CARTESIAN_POINT('',(3.441691376338E-15,31.,4.));
#3078 = DIRECTION('',(1.110223024625E-16,1.,-0.));
#3079 = DIRECTION('',(-1.,1.110223024625E-16,0.));
#3080 = PCURVE('',#455,#3081);
#3081 = DEFINITIONAL_REPRESENTATION('',(#3082),#3086);
#3082 = LINE('',#3083,#3084);
#3083 = CARTESIAN_POINT('',(-0.,0.));
#3084 = VECTOR('',#3085,1.);
#3085 = DIRECTION('',(-1.,0.));
#3086 = ( GEOMETRIC_REPRESENTATION_CONTEXT(2) 
PARAMETRIC_REPRESENTATION_CONTEXT() REPRESENTATION_CONTEXT('2D SPACE',''
  ) );
#3087 = PCURVE('',#3088,#3093);
#3088 = PLANE('',#3089);
#3089 = AXIS2_PLACEMENT_3D('',#3090,#3091,#3092);
#3090 = CARTESIAN_POINT('',(3.569888888764E-15,31.,4.));
#3091 = DIRECTION('',(1.110223024625E-16,1.,0.));
#3092 = DIRECTION('',(0.,0.,1.));
#3093 = DEFINITIONAL_REPRESENTATION('',(#3094),#3098);
#3094 = CIRCLE('',#3095,2.);
#3095 = AXIS2_PLACEMENT_2D('',#3096,#3097);
#3096 = CARTESIAN_POINT('',(0.,-1.281975124256E-16));
#3097 = DIRECTION('',(0.,-1.));
#3098 = ( GEOMETRIC_REPRESENTATION_CONTEXT(2) 
PARAMETRIC_REPRESENTATION_CONTEXT() REPRESENTATION_CONTEXT('2D SPACE',''
  ) );
#3099 = ORIENTED_EDGE('',*,*,#3100,.T.);
#3100 = EDGE_CURVE('',#3072,#344,#3101,.T.);
#3101 = SEAM_CURVE('',#3102,(#3106,#3113),.PCURVE_S1.);
#3102 = LINE('',#3103,#3104);
#3103 = CARTESIAN_POINT('',(-2.,31.,4.));
#3104 = VECTOR('',#3105,1.);
#3105 = DIRECTION('',(1.110223024625E-16,1.,0.));
#3106 = PCURVE('',#455,#3107);
#3107 = DEFINITIONAL_REPRESENTATION('',(#3108),#3112);
#3108 = LINE('',#3109,#3110);
#3109 = CARTESIAN_POINT('',(-6.28318530718,0.));
#3110 = VECTOR('',#3111,1.);
#3111 = DIRECTION('',(-0.,-1.));
#3112 = ( GEOMETRIC_REPRESENTATION_CONTEXT(2) 
PARAMETRIC_REPRESENTATION_CONTEXT() REPRESENTATION_CONTEXT('2D SPACE',''
  ) );
#3113 = PCURVE('',#455,#3114);
#3114 = DEFINITIONAL_REPRESENTATION('',(#3115),#3119);
#3115 = LINE('',#3116,#3117);
#3116 = CARTESIAN_POINT('',(-0.,0.));
#3117 = VECTOR('',#3118,1.);
#3118 = DIRECTION('',(-0.,-1.));
#3119 = ( GEOMETRIC_REPRESENTATION_CONTEXT(2) 
PARAMETRIC_REPRESENTATION_CONTEXT() REPRESENTATION_CONTEXT('2D SPACE',''
  ) );
#3120 = ORIENTED_EDGE('',*,*,#343,.T.);
#3121 = ORIENTED_EDGE('',*,*,#3100,.F.);
#3122 = ADVANCED_FACE('',(#3123),#575,.F.);
#3123 = FACE_BOUND('',#3124,.T.);
#3124 = EDGE_LOOP('',(#3125,#3144,#3145,#3146));
#3125 = ORIENTED_EDGE('',*,*,#3126,.T.);
#3126 = EDGE_CURVE('',#2988,#646,#3127,.T.);
#3127 = SURFACE_CURVE('',#3128,(#3132,#3138),.PCURVE_S1.);
#3128 = LINE('',#3129,#3130);
#3129 = CARTESIAN_POINT('',(-21.63145765487,25.579875678454,0.));
#3130 = VECTOR('',#3131,1.);
#3131 = DIRECTION('',(-0.,-0.,-1.));
#3132 = PCURVE('',#575,#3133);
#3133 = DEFINITIONAL_REPRESENTATION('',(#3134),#3137);
#3134 = B_SPLINE_CURVE_WITH_KNOTS('',1,(#3135,#3136),.UNSPECIFIED.,.F.,
  .F.,(2,2),(-30.0000006,-7.9999994),.PIECEWISE_BEZIER_KNOTS.);
#3135 = CARTESIAN_POINT('',(-2.272755821706,-30.0000006));
#3136 = CARTESIAN_POINT('',(-2.272755821706,-7.9999994));
#3137 = ( GEOMETRIC_REPRESENTATION_CONTEXT(2) 
PARAMETRIC_REPRESENTATION_CONTEXT() REPRESENTATION_CONTEXT('2D SPACE',''
  ) );
#3138 = PCURVE('',#694,#3139);
#3139 = DEFINITIONAL_REPRESENTATION('',(#3140),#3143);
#3140 = B_SPLINE_CURVE_WITH_KNOTS('',1,(#3141,#3142),.UNSPECIFIED.,.F.,
  .F.,(2,2),(-30.,-8.),.PIECEWISE_BEZIER_KNOTS.);
#3141 = CARTESIAN_POINT('',(-7.579114061643,-23.));
#3142 = CARTESIAN_POINT('',(-7.579114061643,-1.));
#3143 = ( GEOMETRIC_REPRESENTATION_CONTEXT(2) 
PARAMETRIC_REPRESENTATION_CONTEXT() REPRESENTATION_CONTEXT('2D SPACE',''
  ) );
#3144 = ORIENTED_EDGE('',*,*,#645,.T.);
#3145 = ORIENTED_EDGE('',*,*,#562,.F.);
#3146 = ORIENTED_EDGE('',*,*,#3011,.T.);
#3147 = ADVANCED_FACE('',(#3148),#612,.F.);
#3148 = FACE_BOUND('',#3149,.T.);
#3149 = EDGE_LOOP('',(#3150,#3151,#3152,#3171));
#3150 = ORIENTED_EDGE('',*,*,#1672,.T.);
#3151 = ORIENTED_EDGE('',*,*,#589,.T.);
#3152 = ORIENTED_EDGE('',*,*,#3153,.F.);
#3153 = EDGE_CURVE('',#1720,#592,#3154,.T.);
#3154 = SURFACE_CURVE('',#3155,(#3159,#3165),.PCURVE_S1.);
#3155 = LINE('',#3156,#3157);
#3156 = CARTESIAN_POINT('',(21.631457654879,25.579875678454,0.));
#3157 = VECTOR('',#3158,1.);
#3158 = DIRECTION('',(-0.,-0.,-1.));
#3159 = PCURVE('',#612,#3160);
#3160 = DEFINITIONAL_REPRESENTATION('',(#3161),#3164);
#3161 = B_SPLINE_CURVE_WITH_KNOTS('',1,(#3162,#3163),.UNSPECIFIED.,.F.,
  .F.,(2,2),(-30.0000006,-7.9999994),.PIECEWISE_BEZIER_KNOTS.);
#3162 = CARTESIAN_POINT('',(-0.868836831884,-30.0000006));
#3163 = CARTESIAN_POINT('',(-0.868836831884,-7.9999994));
#3164 = ( GEOMETRIC_REPRESENTATION_CONTEXT(2) 
PARAMETRIC_REPRESENTATION_CONTEXT() REPRESENTATION_CONTEXT('2D SPACE',''
  ) );
#3165 = PCURVE('',#1603,#3166);
#3166 = DEFINITIONAL_REPRESENTATION('',(#3167),#3170);
#3167 = B_SPLINE_CURVE_WITH_KNOTS('',1,(#3168,#3169),.UNSPECIFIED.,.F.,
  .F.,(2,2),(-30.0000006,-7.9999994),.PIECEWISE_BEZIER_KNOTS.);
#3168 = CARTESIAN_POINT('',(-1.845663899126,-23.0000006));
#3169 = CARTESIAN_POINT('',(-1.845663899126,-0.9999994));
#3170 = ( GEOMETRIC_REPRESENTATION_CONTEXT(2) 
PARAMETRIC_REPRESENTATION_CONTEXT() REPRESENTATION_CONTEXT('2D SPACE',''
  ) );
#3171 = ORIENTED_EDGE('',*,*,#1719,.T.);
#3172 = ADVANCED_FACE('',(#3173),#1603,.T.);
#3173 = FACE_BOUND('',#3174,.F.);
#3174 = EDGE_LOOP('',(#3175,#3176,#3177,#3196));
#3175 = ORIENTED_EDGE('',*,*,#3153,.F.);
#3176 = ORIENTED_EDGE('',*,*,#1743,.T.);
#3177 = ORIENTED_EDGE('',*,*,#3178,.T.);
#3178 = EDGE_CURVE('',#1744,#1552,#3179,.T.);
#3179 = SURFACE_CURVE('',#3180,(#3184,#3190),.PCURVE_S1.);
#3180 = LINE('',#3181,#3182);
#3181 = CARTESIAN_POINT('',(25.579875678454,21.63145765488,0.));
#3182 = VECTOR('',#3183,1.);
#3183 = DIRECTION('',(-0.,-0.,-1.));
#3184 = PCURVE('',#1603,#3185);
#3185 = DEFINITIONAL_REPRESENTATION('',(#3186),#3189);
#3186 = B_SPLINE_CURVE_WITH_KNOTS('',1,(#3187,#3188),.UNSPECIFIED.,.F.,
  .F.,(2,2),(-30.0000006,-7.9999994),.PIECEWISE_BEZIER_KNOTS.);
#3187 = CARTESIAN_POINT('',(-6.008317734848,-23.0000006));
#3188 = CARTESIAN_POINT('',(-6.008317734848,-0.9999994));
#3189 = ( GEOMETRIC_REPRESENTATION_CONTEXT(2) 
PARAMETRIC_REPRESENTATION_CONTEXT() REPRESENTATION_CONTEXT('2D SPACE',''
  ) );
#3190 = PCURVE('',#1572,#3191);
#3191 = DEFINITIONAL_REPRESENTATION('',(#3192),#3195);
#3192 = B_SPLINE_CURVE_WITH_KNOTS('',1,(#3193,#3194),.UNSPECIFIED.,.F.,
  .F.,(2,2),(-30.0000006,-7.9999994),.PIECEWISE_BEZIER_KNOTS.);
#3193 = CARTESIAN_POINT('',(-0.701959494911,-30.0000006));
#3194 = CARTESIAN_POINT('',(-0.701959494911,-7.9999994));
#3195 = ( GEOMETRIC_REPRESENTATION_CONTEXT(2) 
PARAMETRIC_REPRESENTATION_CONTEXT() REPRESENTATION_CONTEXT('2D SPACE',''
  ) );
#3196 = ORIENTED_EDGE('',*,*,#1584,.T.);
#3197 = ADVANCED_FACE('',(#3198),#1572,.F.);
#3198 = FACE_BOUND('',#3199,.T.);
#3199 = EDGE_LOOP('',(#3200,#3201,#3202,#3203));
#3200 = ORIENTED_EDGE('',*,*,#3178,.T.);
#3201 = ORIENTED_EDGE('',*,*,#1551,.T.);
#3202 = ORIENTED_EDGE('',*,*,#1830,.F.);
#3203 = ORIENTED_EDGE('',*,*,#1767,.T.);
#3204 = ADVANCED_FACE('',(#3205),#1498,.T.);
#3205 = FACE_BOUND('',#3206,.F.);
#3206 = EDGE_LOOP('',(#3207,#3208,#3227,#3228));
#3207 = ORIENTED_EDGE('',*,*,#1897,.T.);
#3208 = ORIENTED_EDGE('',*,*,#3209,.F.);
#3209 = EDGE_CURVE('',#1452,#1898,#3210,.T.);
#3210 = SURFACE_CURVE('',#3211,(#3215,#3221),.PCURVE_S1.);
#3211 = LINE('',#3212,#3213);
#3212 = CARTESIAN_POINT('',(31.602022412925,7.586974325317,-1.));
#3213 = VECTOR('',#3214,1.);
#3214 = DIRECTION('',(-0.,-0.,-1.));
#3215 = PCURVE('',#1498,#3216);
#3216 = DEFINITIONAL_REPRESENTATION('',(#3217),#3220);
#3217 = B_SPLINE_CURVE_WITH_KNOTS('',1,(#3218,#3219),.UNSPECIFIED.,.F.,
  .F.,(2,2),(-10.0000006,5.999999999062E-07),.PIECEWISE_BEZIER_KNOTS.);
#3218 = CARTESIAN_POINT('',(-0.235619449019,-10.0000006));
#3219 = CARTESIAN_POINT('',(-0.235619449019,5.999999999062E-07));
#3220 = ( GEOMETRIC_REPRESENTATION_CONTEXT(2) 
PARAMETRIC_REPRESENTATION_CONTEXT() REPRESENTATION_CONTEXT('2D SPACE',''
  ) );
#3221 = PCURVE('',#1466,#3222);
#3222 = DEFINITIONAL_REPRESENTATION('',(#3223),#3226);
#3223 = B_SPLINE_CURVE_WITH_KNOTS('',1,(#3224,#3225),.UNSPECIFIED.,.F.,
  .F.,(2,2),(-10.0000006,5.999999999062E-07),.PIECEWISE_BEZIER_KNOTS.);
#3224 = CARTESIAN_POINT('',(32.5,-11.0000006));
#3225 = CARTESIAN_POINT('',(32.5,-0.9999994));
#3226 = ( GEOMETRIC_REPRESENTATION_CONTEXT(2) 
PARAMETRIC_REPRESENTATION_CONTEXT() REPRESENTATION_CONTEXT('2D SPACE',''
  ) );
#3227 = ORIENTED_EDGE('',*,*,#1477,.F.);
#3228 = ORIENTED_EDGE('',*,*,#1853,.T.);
#3229 = ADVANCED_FACE('',(#3230),#1466,.T.);
#3230 = FACE_BOUND('',#3231,.T.);
#3231 = EDGE_LOOP('',(#3232,#3233,#3234,#3253));
#3232 = ORIENTED_EDGE('',*,*,#3209,.F.);
#3233 = ORIENTED_EDGE('',*,*,#1451,.F.);
#3234 = ORIENTED_EDGE('',*,*,#3235,.T.);
#3235 = EDGE_CURVE('',#1419,#2186,#3236,.T.);
#3236 = SURFACE_CURVE('',#3237,(#3241,#3247),.PCURVE_S1.);
#3237 = LINE('',#3238,#3239);
#3238 = CARTESIAN_POINT('',(35.977687054714,8.637478462669,0.));
#3239 = VECTOR('',#3240,1.);
#3240 = DIRECTION('',(0.,-0.,-1.));
#3241 = PCURVE('',#1466,#3242);
#3242 = DEFINITIONAL_REPRESENTATION('',(#3243),#3246);
#3243 = B_SPLINE_CURVE_WITH_KNOTS('',1,(#3244,#3245),.UNSPECIFIED.,.F.,
  .F.,(2,2),(-10.,6.E-07),.PIECEWISE_BEZIER_KNOTS.);
#3244 = CARTESIAN_POINT('',(37.,-12.));
#3245 = CARTESIAN_POINT('',(37.,-1.9999994));
#3246 = ( GEOMETRIC_REPRESENTATION_CONTEXT(2) 
PARAMETRIC_REPRESENTATION_CONTEXT() REPRESENTATION_CONTEXT('2D SPACE',''
  ) );
#3247 = PCURVE('',#1439,#3248);
#3248 = DEFINITIONAL_REPRESENTATION('',(#3249),#3252);
#3249 = B_SPLINE_CURVE_WITH_KNOTS('',1,(#3250,#3251),.UNSPECIFIED.,.F.,
  .F.,(2,2),(-8.,-0.),.PIECEWISE_BEZIER_KNOTS.);
#3250 = CARTESIAN_POINT('',(-6.396631708559,-8.));
#3251 = CARTESIAN_POINT('',(-6.396631708559,0.));
#3252 = ( GEOMETRIC_REPRESENTATION_CONTEXT(2) 
PARAMETRIC_REPRESENTATION_CONTEXT() REPRESENTATION_CONTEXT('2D SPACE',''
  ) );
#3253 = ORIENTED_EDGE('',*,*,#2209,.T.);
#3254 = ADVANCED_FACE('',(#3255,#3279),#1439,.T.);
#3255 = FACE_BOUND('',#3256,.F.);
#3256 = EDGE_LOOP('',(#3257,#3258,#3277,#3278));
#3257 = ORIENTED_EDGE('',*,*,#2185,.F.);
#3258 = ORIENTED_EDGE('',*,*,#3259,.F.);
#3259 = EDGE_CURVE('',#1393,#2165,#3260,.T.);
#3260 = SURFACE_CURVE('',#3261,(#3265,#3271),.PCURVE_S1.);
#3261 = LINE('',#3262,#3263);
#3262 = CARTESIAN_POINT('',(35.977687054714,-8.637478462668,0.));
#3263 = VECTOR('',#3264,1.);
#3264 = DIRECTION('',(0.,-0.,-1.));
#3265 = PCURVE('',#1439,#3266);
#3266 = DEFINITIONAL_REPRESENTATION('',(#3267),#3270);
#3267 = B_SPLINE_CURVE_WITH_KNOTS('',1,(#3268,#3269),.UNSPECIFIED.,.F.,
  .F.,(2,2),(-10.,6.E-07),.PIECEWISE_BEZIER_KNOTS.);
#3268 = CARTESIAN_POINT('',(-5.925392810521,-10.));
#3269 = CARTESIAN_POINT('',(-5.925392810521,6.E-07));
#3270 = ( GEOMETRIC_REPRESENTATION_CONTEXT(2) 
PARAMETRIC_REPRESENTATION_CONTEXT() REPRESENTATION_CONTEXT('2D SPACE',''
  ) );
#3271 = PCURVE('',#1407,#3272);
#3272 = DEFINITIONAL_REPRESENTATION('',(#3273),#3276);
#3273 = B_SPLINE_CURVE_WITH_KNOTS('',1,(#3274,#3275),.UNSPECIFIED.,.F.,
  .F.,(2,2),(-10.,6.E-07),.PIECEWISE_BEZIER_KNOTS.);
#3274 = CARTESIAN_POINT('',(77.,-12.));
#3275 = CARTESIAN_POINT('',(77.,-1.9999994));
#3276 = ( GEOMETRIC_REPRESENTATION_CONTEXT(2) 
PARAMETRIC_REPRESENTATION_CONTEXT() REPRESENTATION_CONTEXT('2D SPACE',''
  ) );
#3277 = ORIENTED_EDGE('',*,*,#1418,.F.);
#3278 = ORIENTED_EDGE('',*,*,#3235,.T.);
#3279 = FACE_BOUND('',#3280,.F.);
#3280 = EDGE_LOOP('',(#3281));
#3281 = ORIENTED_EDGE('',*,*,#3282,.T.);
#3282 = EDGE_CURVE('',#3283,#3283,#3285,.T.);
#3283 = VERTEX_POINT('',#3284);
#3284 = CARTESIAN_POINT('',(36.945906403822,2.,4.));
#3285 = SURFACE_CURVE('',#3286,(#3338,#3393),.PCURVE_S1.);
#3286 = B_SPLINE_CURVE_WITH_KNOTS('',8,(#3287,#3288,#3289,#3290,#3291,
    #3292,#3293,#3294,#3295,#3296,#3297,#3298,#3299,#3300,#3301,#3302,
    #3303,#3304,#3305,#3306,#3307,#3308,#3309,#3310,#3311,#3312,#3313,
    #3314,#3315,#3316,#3317,#3318,#3319,#3320,#3321,#3322,#3323,#3324,
    #3325,#3326,#3327,#3328,#3329,#3330,#3331,#3332,#3333,#3334,#3335,
    #3336,#3337),.UNSPECIFIED.,.T.,.F.,(9,7,7,7,7,7,7,9),(0.,
    0.153622367169,0.285704078129,0.421676180509,0.58952924138,
    0.714916860148,0.837271964938,1.),.UNSPECIFIED.);
#3287 = CARTESIAN_POINT('',(36.945906403822,2.,4.));
#3288 = CARTESIAN_POINT('',(36.945906403822,2.,4.208664920475));
#3289 = CARTESIAN_POINT('',(36.947253190751,1.975119131105,4.41723060774
    ));
#3290 = CARTESIAN_POINT('',(36.949944974849,1.925400650079,
    4.623955227837));
#3291 = CARTESIAN_POINT('',(36.953915233982,1.850309835188,
    4.826957810588));
#3292 = CARTESIAN_POINT('',(36.959028548703,1.748916072709,
    5.023867546019));
#3293 = CARTESIAN_POINT('',(36.965043587671,1.620010629216,
    5.211587801683));
#3294 = CARTESIAN_POINT('',(36.971568104932,1.462304156939,
    5.385949248855));
#3295 = CARTESIAN_POINT('',(36.983587327114,1.11367657521,5.674359066812
    ));
#3296 = CARTESIAN_POINT('',(36.989285227735,0.925091108523,
    5.797922612768));
#3297 = CARTESIAN_POINT('',(36.994551232191,0.711843107738,
    5.901346353873));
#3298 = CARTESIAN_POINT('',(36.998695692852,0.47905913259,5.976837988991
    ));
#3299 = CARTESIAN_POINT('',(37.001081664069,0.233753368079,
    6.019208183084));
#3300 = CARTESIAN_POINT('',(37.001419593973,-1.608935470043E-02,
    6.025984665655));
#3301 = CARTESIAN_POINT('',(36.999817342852,-0.262287730729,
    5.997527699723));
#3302 = CARTESIAN_POINT('',(36.993403137271,-0.739396319911,
    5.875027034865));
#3303 = CARTESIAN_POINT('',(36.988602887737,-0.961840147319,
    5.781080972438));
#3304 = CARTESIAN_POINT('',(36.98280311846,-1.162103814313,
    5.661689617857));
#3305 = CARTESIAN_POINT('',(36.976583042701,-1.338878071534,
    5.522274479903));
#3306 = CARTESIAN_POINT('',(36.970441553419,-1.491685098581,
    5.36757907784));
#3307 = CARTESIAN_POINT('',(36.964759407827,-1.62063153389,
    5.201811107318));
#3308 = CARTESIAN_POINT('',(36.959800765956,-1.726294534895,
    5.028706686726));
#3309 = CARTESIAN_POINT('',(36.95067974798,-1.912558735652,
    4.632875111332));
#3310 = CARTESIAN_POINT('',(36.946923423597,-1.982565233064,
    4.405710903277));
#3311 = CARTESIAN_POINT('',(36.944736727412,-2.02130818933,
    4.173779694955));
#3312 = CARTESIAN_POINT('',(36.94425307487,-2.029627310238,
    3.939751260198));
#3313 = CARTESIAN_POINT('',(36.945508173478,-2.007655677627,
    3.706062171322));
#3314 = CARTESIAN_POINT('',(36.948445229706,-1.954905554214,
    3.475323139399));
#3315 = CARTESIAN_POINT('',(36.952883969695,-1.870364348839,
    3.250680905196));
#3316 = CARTESIAN_POINT('',(36.96263906853,-1.664652401792,
    2.876492262632));
#3317 = CARTESIAN_POINT('',(36.967489011306,-1.557321247592,
    2.720799716074));
#3318 = CARTESIAN_POINT('',(36.972866787183,-1.429911305856,
    2.572341592757));
#3319 = CARTESIAN_POINT('',(36.97853462965,-1.282103620209,
    2.434334305049));
#3320 = CARTESIAN_POINT('',(36.984167673561,-1.114001530271,
    2.310295912715));
#3321 = CARTESIAN_POINT('',(36.989361407914,-0.926199375777,
    2.204083192357));
#3322 = CARTESIAN_POINT('',(36.993664763505,-0.719935745745,
    2.119976338942));
#3323 = CARTESIAN_POINT('',(36.999576446594,-0.280206344674,
    2.007073018376));
#3324 = CARTESIAN_POINT('',(37.001176955619,-5.273106576645E-02,
    1.978327197807));
#3325 = CARTESIAN_POINT('',(37.001136549044,0.178867027811,
    1.979689345897));
#3326 = CARTESIAN_POINT('',(36.999330522745,0.40779460415,2.01183552826)
  );
#3327 = CARTESIAN_POINT('',(36.995955304326,0.627283231686,
    2.073114411592));
#3328 = CARTESIAN_POINT('',(36.991466976423,0.831272181858,
    2.159633204198));
#3329 = CARTESIAN_POINT('',(36.986423522796,1.015025062113,
    2.265322919616));
#3330 = CARTESIAN_POINT('',(36.974532651102,1.389090360879,
    2.537097267421));
#3331 = CARTESIAN_POINT('',(36.967410898691,1.568753720826,
    2.716829850119));
#3332 = CARTESIAN_POINT('',(36.960711932321,1.715379659866,
    2.913327327641));
#3333 = CARTESIAN_POINT('',(36.954962099315,1.830475821896,
    3.121170884921));
#3334 = CARTESIAN_POINT('',(36.9504781949,1.91555499493,3.336403221907)
  );
#3335 = CARTESIAN_POINT('',(36.947431463443,1.971824333399,
    3.556075654405));
#3336 = CARTESIAN_POINT('',(36.945906403822,2.,3.777949146038));
#3337 = CARTESIAN_POINT('',(36.945906403822,2.,4.));
#3338 = PCURVE('',#1439,#3339);
#3339 = DEFINITIONAL_REPRESENTATION('',(#3340),#3392);
#3340 = B_SPLINE_CURVE_WITH_KNOTS('',8,(#3341,#3342,#3343,#3344,#3345,
    #3346,#3347,#3348,#3349,#3350,#3351,#3352,#3353,#3354,#3355,#3356,
    #3357,#3358,#3359,#3360,#3361,#3362,#3363,#3364,#3365,#3366,#3367,
    #3368,#3369,#3370,#3371,#3372,#3373,#3374,#3375,#3376,#3377,#3378,
    #3379,#3380,#3381,#3382,#3383,#3384,#3385,#3386,#3387,#3388,#3389,
    #3390,#3391),.UNSPECIFIED.,.T.,.F.,(9,7,7,7,7,7,7,9),(0.,
    0.153622367169,0.285704078129,0.421676180509,0.58952924138,
    0.714916860148,0.837271964938,1.),.UNSPECIFIED.);
#3341 = CARTESIAN_POINT('',(-6.215092671154,-4.));
#3342 = CARTESIAN_POINT('',(-6.215092671154,-4.208664920475));
#3343 = CARTESIAN_POINT('',(-6.214419230807,-4.41723060774));
#3344 = CARTESIAN_POINT('',(-6.213073520087,-4.623955227837));
#3345 = CARTESIAN_POINT('',(-6.211041205794,-4.826957810588));
#3346 = CARTESIAN_POINT('',(-6.208297369018,-5.023867546018));
#3347 = CARTESIAN_POINT('',(-6.204809706605,-5.211587801684));
#3348 = CARTESIAN_POINT('',(-6.200543824568,-5.385949248855));
#3349 = CARTESIAN_POINT('',(-6.191115859528,-5.674359066812));
#3350 = CARTESIAN_POINT('',(-6.186016675575,-5.797922612768));
#3351 = CARTESIAN_POINT('',(-6.180251606928,-5.901346353873));
#3352 = CARTESIAN_POINT('',(-6.173959468966,-5.976837988992));
#3353 = CARTESIAN_POINT('',(-6.167329727953,-6.019208183084));
#3354 = CARTESIAN_POINT('',(-6.160577561976,-6.025984665655));
#3355 = CARTESIAN_POINT('',(-6.153923571223,-5.997527699723));
#3356 = CARTESIAN_POINT('',(-6.141027579244,-5.875027034865));
#3357 = CARTESIAN_POINT('',(-6.135014383687,-5.781080972438));
#3358 = CARTESIAN_POINT('',(-6.129599805057,-5.661689617857));
#3359 = CARTESIAN_POINT('',(-6.124819308793,-5.522274479903));
#3360 = CARTESIAN_POINT('',(-6.120686117755,-5.36757907784));
#3361 = CARTESIAN_POINT('',(-6.117197723572,-5.201811107319));
#3362 = CARTESIAN_POINT('',(-6.114338829212,-5.028706686726));
#3363 = CARTESIAN_POINT('',(-6.109298629568,-4.632875111332));
#3364 = CARTESIAN_POINT('',(-6.107403860612,-4.405710903277));
#3365 = CARTESIAN_POINT('',(-6.106355085353,-4.173779694955));
#3366 = CARTESIAN_POINT('',(-6.106129859836,-3.939751260198));
#3367 = CARTESIAN_POINT('',(-6.106724662187,-3.706062171322));
#3368 = CARTESIAN_POINT('',(-6.108152548511,-3.475323139399));
#3369 = CARTESIAN_POINT('',(-6.110440564131,-3.250680905196));
#3370 = CARTESIAN_POINT('',(-6.116006594298,-2.876492262632));
#3371 = CARTESIAN_POINT('',(-6.118910389405,-2.720799716074));
#3372 = CARTESIAN_POINT('',(-6.12235694005,-2.572341592757));
#3373 = CARTESIAN_POINT('',(-6.126354616018,-2.434334305049));
#3374 = CARTESIAN_POINT('',(-6.130900340868,-2.310295912715));
#3375 = CARTESIAN_POINT('',(-6.135977836052,-2.204083192357));
#3376 = CARTESIAN_POINT('',(-6.141553588237,-2.119976338942));
#3377 = CARTESIAN_POINT('',(-6.153439240597,-2.007073018376));
#3378 = CARTESIAN_POINT('',(-6.159587248555,-1.978327197807));
#3379 = CARTESIAN_POINT('',(-6.165846378686,-1.979689345897));
#3380 = CARTESIAN_POINT('',(-6.172033451144,-2.01183552826));
#3381 = CARTESIAN_POINT('',(-6.177965992965,-2.073114411592));
#3382 = CARTESIAN_POINT('',(-6.183480409306,-2.159633204198));
#3383 = CARTESIAN_POINT('',(-6.188448525532,-2.265322919616));
#3384 = CARTESIAN_POINT('',(-6.198563505151,-2.537097267421));
#3385 = CARTESIAN_POINT('',(-6.203422935448,-2.716829850119));
#3386 = CARTESIAN_POINT('',(-6.207389844743,-2.913327327641));
#3387 = CARTESIAN_POINT('',(-6.210504405558,-3.121170884921));
#3388 = CARTESIAN_POINT('',(-6.212807031638,-3.336403221908));
#3389 = CARTESIAN_POINT('',(-6.214330051847,-3.556075654405));
#3390 = CARTESIAN_POINT('',(-6.215092671154,-3.777949146038));
#3391 = CARTESIAN_POINT('',(-6.215092671154,-4.));
#3392 = ( GEOMETRIC_REPRESENTATION_CONTEXT(2) 
PARAMETRIC_REPRESENTATION_CONTEXT() REPRESENTATION_CONTEXT('2D SPACE',''
  ) );
#3393 = PCURVE('',#3394,#3399);
#3394 = CYLINDRICAL_SURFACE('',#3395,2.);
#3395 = AXIS2_PLACEMENT_3D('',#3396,#3397,#3398);
#3396 = CARTESIAN_POINT('',(31.,0.,4.));
#3397 = DIRECTION('',(-1.,-0.,-0.));
#3398 = DIRECTION('',(0.,1.,0.));
#3399 = DEFINITIONAL_REPRESENTATION('',(#3400),#3452);
#3400 = B_SPLINE_CURVE_WITH_KNOTS('',8,(#3401,#3402,#3403,#3404,#3405,
    #3406,#3407,#3408,#3409,#3410,#3411,#3412,#3413,#3414,#3415,#3416,
    #3417,#3418,#3419,#3420,#3421,#3422,#3423,#3424,#3425,#3426,#3427,
    #3428,#3429,#3430,#3431,#3432,#3433,#3434,#3435,#3436,#3437,#3438,
    #3439,#3440,#3441,#3442,#3443,#3444,#3445,#3446,#3447,#3448,#3449,
    #3450,#3451),.UNSPECIFIED.,.F.,.F.,(9,7,7,7,7,7,7,9),(0.,
    0.153622367169,0.285704078129,0.421676180509,0.58952924138,
    0.714916860148,0.837271964938,1.),.UNSPECIFIED.);
#3401 = CARTESIAN_POINT('',(0.,-5.945906403822));
#3402 = CARTESIAN_POINT('',(-0.104332460238,-5.945906403822));
#3403 = CARTESIAN_POINT('',(-0.208614841901,-5.947253190751));
#3404 = CARTESIAN_POINT('',(-0.31370943671,-5.949944974849));
#3405 = CARTESIAN_POINT('',(-0.420393206272,-5.953915233982));
#3406 = CARTESIAN_POINT('',(-0.529443249125,-5.959028548703));
#3407 = CARTESIAN_POINT('',(-0.641672928752,-5.965043587671));
#3408 = CARTESIAN_POINT('',(-0.758002233958,-5.971568104932));
#3409 = CARTESIAN_POINT('',(-0.984232986641,-5.983587327114));
#3410 = CARTESIAN_POINT('',(-1.096268156672,-5.989285227735));
#3411 = CARTESIAN_POINT('',(-1.213127758999,-5.994551232191));
#3412 = CARTESIAN_POINT('',(-1.33314680023,-5.998695692852));
#3413 = CARTESIAN_POINT('',(-1.455118057298,-6.001081664069));
#3414 = CARTESIAN_POINT('',(-1.577994497816,-6.001419593973));
#3415 = CARTESIAN_POINT('',(-1.700765009633,-5.999817342852));
#3416 = CARTESIAN_POINT('',(-1.947057020649,-5.993403137271));
#3417 = CARTESIAN_POINT('',(-2.066467095233,-5.988602887737));
#3418 = CARTESIAN_POINT('',(-2.181266943959,-5.98280311846));
#3419 = CARTESIAN_POINT('',(-2.292031582992,-5.976583042701));
#3420 = CARTESIAN_POINT('',(-2.399191391004,-5.970441553419));
#3421 = CARTESIAN_POINT('',(-2.503070456511,-5.964759407827));
#3422 = CARTESIAN_POINT('',(-2.603879094536,-5.959800765956));
#3423 = CARTESIAN_POINT('',(-2.822612373075,-5.95067974798));
#3424 = CARTESIAN_POINT('',(-2.940288500223,-5.946923423597));
#3425 = CARTESIAN_POINT('',(-3.056152616478,-5.944736727412));
#3426 = CARTESIAN_POINT('',(-3.171281217442,-5.94425307487));
#3427 = CARTESIAN_POINT('',(-3.286658870335,-5.945508173478));
#3428 = CARTESIAN_POINT('',(-3.403244836043,-5.948445229706));
#3429 = CARTESIAN_POINT('',(-3.522036693814,-5.952883969695));
#3430 = CARTESIAN_POINT('',(-3.7355399405,-5.96263906853));
#3431 = CARTESIAN_POINT('',(-3.829610363918,-5.967489011306));
#3432 = CARTESIAN_POINT('',(-3.926508711881,-5.972866787183));
#3433 = CARTESIAN_POINT('',(-4.02635308973,-5.97853462965));
#3434 = CARTESIAN_POINT('',(-4.129356814205,-5.984167673561));
#3435 = CARTESIAN_POINT('',(-4.235823819263,-5.989361407915));
#3436 = CARTESIAN_POINT('',(-4.346174183954,-5.993664763505));
#3437 = CARTESIAN_POINT('',(-4.573170387645,-5.999576446594));
#3438 = CARTESIAN_POINT('',(-4.686908678134,-6.001176955619));
#3439 = CARTESIAN_POINT('',(-4.801049167237,-6.001136549044));
#3440 = CARTESIAN_POINT('',(-4.914620586655,-5.999330522745));
#3441 = CARTESIAN_POINT('',(-5.026665481174,-5.995955304326));
#3442 = CARTESIAN_POINT('',(-5.136093215954,-5.991466976423));
#3443 = CARTESIAN_POINT('',(-5.241484970916,-5.986423522796));
#3444 = CARTESIAN_POINT('',(-5.472670039565,-5.974532651102));
#3445 = CARTESIAN_POINT('',(-5.598168781506,-5.967410898691));
#3446 = CARTESIAN_POINT('',(-5.718724980197,-5.960711932321));
#3447 = CARTESIAN_POINT('',(-5.835444566372,-5.954962099315));
#3448 = CARTESIAN_POINT('',(-5.949299449456,-5.9504781949));
#3449 = CARTESIAN_POINT('',(-6.061223895437,-5.947431463443));
#3450 = CARTESIAN_POINT('',(-6.172159880199,-5.945906403822));
#3451 = CARTESIAN_POINT('',(-6.28318530718,-5.945906403822));
#3452 = ( GEOMETRIC_REPRESENTATION_CONTEXT(2) 
PARAMETRIC_REPRESENTATION_CONTEXT() REPRESENTATION_CONTEXT('2D SPACE',''
  ) );
#3453 = ADVANCED_FACE('',(#3454),#1407,.T.);
#3454 = FACE_BOUND('',#3455,.T.);
#3455 = EDGE_LOOP('',(#3456,#3457,#3476,#3477));
#3456 = ORIENTED_EDGE('',*,*,#1392,.F.);
#3457 = ORIENTED_EDGE('',*,*,#3458,.T.);
#3458 = EDGE_CURVE('',#1360,#2137,#3459,.T.);
#3459 = SURFACE_CURVE('',#3460,(#3464,#3470),.PCURVE_S1.);
#3460 = LINE('',#3461,#3462);
#3461 = CARTESIAN_POINT('',(31.602022412925,-7.586974325317,-1.));
#3462 = VECTOR('',#3463,1.);
#3463 = DIRECTION('',(-0.,-0.,-1.));
#3464 = PCURVE('',#1407,#3465);
#3465 = DEFINITIONAL_REPRESENTATION('',(#3466),#3469);
#3466 = B_SPLINE_CURVE_WITH_KNOTS('',1,(#3467,#3468),.UNSPECIFIED.,.F.,
  .F.,(2,2),(-10.0000006,5.999999999062E-07),.PIECEWISE_BEZIER_KNOTS.);
#3467 = CARTESIAN_POINT('',(81.5,-11.0000006));
#3468 = CARTESIAN_POINT('',(81.5,-0.9999994));
#3469 = ( GEOMETRIC_REPRESENTATION_CONTEXT(2) 
PARAMETRIC_REPRESENTATION_CONTEXT() REPRESENTATION_CONTEXT('2D SPACE',''
  ) );
#3470 = PCURVE('',#1380,#3471);
#3471 = DEFINITIONAL_REPRESENTATION('',(#3472),#3475);
#3472 = B_SPLINE_CURVE_WITH_KNOTS('',1,(#3473,#3474),.UNSPECIFIED.,.F.,
  .F.,(2,2),(-10.0000006,5.999999999062E-07),.PIECEWISE_BEZIER_KNOTS.);
#3473 = CARTESIAN_POINT('',(-6.04756585816,-10.0000006));
#3474 = CARTESIAN_POINT('',(-6.04756585816,5.999999999062E-07));
#3475 = ( GEOMETRIC_REPRESENTATION_CONTEXT(2) 
PARAMETRIC_REPRESENTATION_CONTEXT() REPRESENTATION_CONTEXT('2D SPACE',''
  ) );
#3476 = ORIENTED_EDGE('',*,*,#2164,.T.);
#3477 = ORIENTED_EDGE('',*,*,#3259,.F.);
#3478 = ADVANCED_FACE('',(#3479),#1380,.T.);
#3479 = FACE_BOUND('',#3480,.F.);
#3480 = EDGE_LOOP('',(#3481,#3482,#3501,#3502));
#3481 = ORIENTED_EDGE('',*,*,#2136,.T.);
#3482 = ORIENTED_EDGE('',*,*,#3483,.F.);
#3483 = EDGE_CURVE('',#1334,#2116,#3484,.T.);
#3484 = SURFACE_CURVE('',#3485,(#3489,#3495),.PCURVE_S1.);
#3485 = LINE('',#3486,#3487);
#3486 = CARTESIAN_POINT('',(27.710805341508,-16.98120335326,-1.));
#3487 = VECTOR('',#3488,1.);
#3488 = DIRECTION('',(-0.,-0.,-1.));
#3489 = PCURVE('',#1380,#3490);
#3490 = DEFINITIONAL_REPRESENTATION('',(#3491),#3494);
#3491 = B_SPLINE_CURVE_WITH_KNOTS('',1,(#3492,#3493),.UNSPECIFIED.,.F.,
  .F.,(2,2),(-10.0000006,5.999999999062E-07),.PIECEWISE_BEZIER_KNOTS.);
#3492 = CARTESIAN_POINT('',(-5.733406592801,-10.0000006));
#3493 = CARTESIAN_POINT('',(-5.733406592801,5.999999999062E-07));
#3494 = ( GEOMETRIC_REPRESENTATION_CONTEXT(2) 
PARAMETRIC_REPRESENTATION_CONTEXT() REPRESENTATION_CONTEXT('2D SPACE',''
  ) );
#3495 = PCURVE('',#1348,#3496);
#3496 = DEFINITIONAL_REPRESENTATION('',(#3497),#3500);
#3497 = B_SPLINE_CURVE_WITH_KNOTS('',1,(#3498,#3499),.UNSPECIFIED.,.F.,
  .F.,(2,2),(-10.0000006,5.999999999062E-07),.PIECEWISE_BEZIER_KNOTS.);
#3498 = CARTESIAN_POINT('',(32.5,-11.0000006));
#3499 = CARTESIAN_POINT('',(32.5,-0.9999994));
#3500 = ( GEOMETRIC_REPRESENTATION_CONTEXT(2) 
PARAMETRIC_REPRESENTATION_CONTEXT() REPRESENTATION_CONTEXT('2D SPACE',''
  ) );
#3501 = ORIENTED_EDGE('',*,*,#1359,.F.);
#3502 = ORIENTED_EDGE('',*,*,#3458,.T.);
#3503 = ADVANCED_FACE('',(#3504),#1348,.T.);
#3504 = FACE_BOUND('',#3505,.T.);
#3505 = EDGE_LOOP('',(#3506,#3507,#3508,#3527));
#3506 = ORIENTED_EDGE('',*,*,#3483,.F.);
#3507 = ORIENTED_EDGE('',*,*,#1333,.F.);
#3508 = ORIENTED_EDGE('',*,*,#3509,.T.);
#3509 = EDGE_CURVE('',#1306,#2092,#3510,.T.);
#3510 = SURFACE_CURVE('',#3511,(#3515,#3521),.PCURVE_S1.);
#3511 = LINE('',#3512,#3513);
#3512 = CARTESIAN_POINT('',(31.547686081101,-19.33244689449,0.));
#3513 = VECTOR('',#3514,1.);
#3514 = DIRECTION('',(0.,-0.,-1.));
#3515 = PCURVE('',#1348,#3516);
#3516 = DEFINITIONAL_REPRESENTATION('',(#3517),#3520);
#3517 = B_SPLINE_CURVE_WITH_KNOTS('',1,(#3518,#3519),.UNSPECIFIED.,.F.,
  .F.,(2,2),(-10.,6.E-07),.PIECEWISE_BEZIER_KNOTS.);
#3518 = CARTESIAN_POINT('',(37.,-12.));
#3519 = CARTESIAN_POINT('',(37.,-1.9999994));
#3520 = ( GEOMETRIC_REPRESENTATION_CONTEXT(2) 
PARAMETRIC_REPRESENTATION_CONTEXT() REPRESENTATION_CONTEXT('2D SPACE',''
  ) );
#3521 = PCURVE('',#969,#3522);
#3522 = DEFINITIONAL_REPRESENTATION('',(#3523),#3526);
#3523 = B_SPLINE_CURVE_WITH_KNOTS('',1,(#3524,#3525),.UNSPECIFIED.,.F.,
  .F.,(2,2),(-10.,6.E-07),.PIECEWISE_BEZIER_KNOTS.);
#3524 = CARTESIAN_POINT('',(-5.611233545162,-10.));
#3525 = CARTESIAN_POINT('',(-5.611233545162,6.E-07));
#3526 = ( GEOMETRIC_REPRESENTATION_CONTEXT(2) 
PARAMETRIC_REPRESENTATION_CONTEXT() REPRESENTATION_CONTEXT('2D SPACE',''
  ) );
#3527 = ORIENTED_EDGE('',*,*,#2115,.T.);
#3528 = ADVANCED_FACE('',(#3529,#3691),#969,.T.);
#3529 = FACE_BOUND('',#3530,.F.);
#3530 = EDGE_LOOP('',(#3531,#3550,#3551,#3572,#3600,#3619,#3620,#3641,
    #3669,#3688,#3689,#3690));
#3531 = ORIENTED_EDGE('',*,*,#3532,.F.);
#3532 = EDGE_CURVE('',#927,#2071,#3533,.T.);
#3533 = SURFACE_CURVE('',#3534,(#3538,#3544),.PCURVE_S1.);
#3534 = LINE('',#3535,#3536);
#3535 = CARTESIAN_POINT('',(-31.5476860811,-19.33244689449,0.));
#3536 = VECTOR('',#3537,1.);
#3537 = DIRECTION('',(0.,-0.,-1.));
#3538 = PCURVE('',#969,#3539);
#3539 = DEFINITIONAL_REPRESENTATION('',(#3540),#3543);
#3540 = B_SPLINE_CURVE_WITH_KNOTS('',1,(#3541,#3542),.UNSPECIFIED.,.F.,
  .F.,(2,2),(-10.,6.E-07),.PIECEWISE_BEZIER_KNOTS.);
#3541 = CARTESIAN_POINT('',(-3.569198320328,-10.));
#3542 = CARTESIAN_POINT('',(-3.569198320328,6.E-07));
#3543 = ( GEOMETRIC_REPRESENTATION_CONTEXT(2) 
PARAMETRIC_REPRESENTATION_CONTEXT() REPRESENTATION_CONTEXT('2D SPACE',''
  ) );
#3544 = PCURVE('',#941,#3545);
#3545 = DEFINITIONAL_REPRESENTATION('',(#3546),#3549);
#3546 = B_SPLINE_CURVE_WITH_KNOTS('',1,(#3547,#3548),.UNSPECIFIED.,.F.,
  .F.,(2,2),(-10.,6.E-07),.PIECEWISE_BEZIER_KNOTS.);
#3547 = CARTESIAN_POINT('',(77.,-12.));
#3548 = CARTESIAN_POINT('',(77.,-1.9999994));
#3549 = ( GEOMETRIC_REPRESENTATION_CONTEXT(2) 
PARAMETRIC_REPRESENTATION_CONTEXT() REPRESENTATION_CONTEXT('2D SPACE',''
  ) );
#3550 = ORIENTED_EDGE('',*,*,#952,.T.);
#3551 = ORIENTED_EDGE('',*,*,#3552,.F.);
#3552 = EDGE_CURVE('',#3553,#953,#3555,.T.);
#3553 = VERTEX_POINT('',#3554);
#3554 = CARTESIAN_POINT('',(-29.54951387175,-22.26715585662,30.));
#3555 = SURFACE_CURVE('',#3556,(#3560,#3566),.PCURVE_S1.);
#3556 = LINE('',#3557,#3558);
#3557 = CARTESIAN_POINT('',(-29.54951387175,-22.26715585662,0.));
#3558 = VECTOR('',#3559,1.);
#3559 = DIRECTION('',(-0.,-0.,-1.));
#3560 = PCURVE('',#969,#3561);
#3561 = DEFINITIONAL_REPRESENTATION('',(#3562),#3565);
#3562 = B_SPLINE_CURVE_WITH_KNOTS('',1,(#3563,#3564),.UNSPECIFIED.,.F.,
  .F.,(2,2),(-30.,-8.),.PIECEWISE_BEZIER_KNOTS.);
#3563 = CARTESIAN_POINT('',(-3.665191429188,-30.));
#3564 = CARTESIAN_POINT('',(-3.665191429188,-8.));
#3565 = ( GEOMETRIC_REPRESENTATION_CONTEXT(2) 
PARAMETRIC_REPRESENTATION_CONTEXT() REPRESENTATION_CONTEXT('2D SPACE',''
  ) );
#3566 = PCURVE('',#995,#3567);
#3567 = DEFINITIONAL_REPRESENTATION('',(#3568),#3571);
#3568 = B_SPLINE_CURVE_WITH_KNOTS('',1,(#3569,#3570),.UNSPECIFIED.,.F.,
  .F.,(2,2),(-30.0000006,6.E-07),.PIECEWISE_BEZIER_KNOTS.);
#3569 = CARTESIAN_POINT('',(37.,-31.0000006));
#3570 = CARTESIAN_POINT('',(37.,-0.9999994));
#3571 = ( GEOMETRIC_REPRESENTATION_CONTEXT(2) 
PARAMETRIC_REPRESENTATION_CONTEXT() REPRESENTATION_CONTEXT('2D SPACE',''
  ) );
#3572 = ORIENTED_EDGE('',*,*,#3573,.T.);
#3573 = EDGE_CURVE('',#3553,#3574,#3576,.T.);
#3574 = VERTEX_POINT('',#3575);
#3575 = CARTESIAN_POINT('',(-22.26715585662,-29.54951387175,30.));
#3576 = SURFACE_CURVE('',#3577,(#3582,#3588),.PCURVE_S1.);
#3577 = CIRCLE('',#3578,37.);
#3578 = AXIS2_PLACEMENT_3D('',#3579,#3580,#3581);
#3579 = CARTESIAN_POINT('',(0.,0.,30.));
#3580 = DIRECTION('',(0.,0.,1.));
#3581 = DIRECTION('',(1.,0.,0.));
#3582 = PCURVE('',#969,#3583);
#3583 = DEFINITIONAL_REPRESENTATION('',(#3584),#3587);
#3584 = B_SPLINE_CURVE_WITH_KNOTS('',1,(#3585,#3586),.UNSPECIFIED.,.F.,
  .F.,(2,2),(3.787364476828,4.066617157147),.PIECEWISE_BEZIER_KNOTS.);
#3585 = CARTESIAN_POINT('',(-3.665191429188,-30.));
#3586 = CARTESIAN_POINT('',(-3.944444109507,-30.));
#3587 = ( GEOMETRIC_REPRESENTATION_CONTEXT(2) 
PARAMETRIC_REPRESENTATION_CONTEXT() REPRESENTATION_CONTEXT('2D SPACE',''
  ) );
#3588 = PCURVE('',#3589,#3594);
#3589 = PLANE('',#3590);
#3590 = AXIS2_PLACEMENT_3D('',#3591,#3592,#3593);
#3591 = CARTESIAN_POINT('',(-2.365301850879E-15,3.22020598281E-15,30.));
#3592 = DIRECTION('',(0.,0.,1.));
#3593 = DIRECTION('',(1.,0.,-0.));
#3594 = DEFINITIONAL_REPRESENTATION('',(#3595),#3599);
#3595 = CIRCLE('',#3596,37.);
#3596 = AXIS2_PLACEMENT_2D('',#3597,#3598);
#3597 = CARTESIAN_POINT('',(2.365301850879E-15,-3.22020598281E-15));
#3598 = DIRECTION('',(1.,0.));
#3599 = ( GEOMETRIC_REPRESENTATION_CONTEXT(2) 
PARAMETRIC_REPRESENTATION_CONTEXT() REPRESENTATION_CONTEXT('2D SPACE',''
  ) );
#3600 = ORIENTED_EDGE('',*,*,#3601,.T.);
#3601 = EDGE_CURVE('',#3574,#1106,#3602,.T.);
#3602 = SURFACE_CURVE('',#3603,(#3607,#3613),.PCURVE_S1.);
#3603 = LINE('',#3604,#3605);
#3604 = CARTESIAN_POINT('',(-22.26715585662,-29.54951387175,0.));
#3605 = VECTOR('',#3606,1.);
#3606 = DIRECTION('',(-0.,-0.,-1.));
#3607 = PCURVE('',#969,#3608);
#3608 = DEFINITIONAL_REPRESENTATION('',(#3609),#3612);
#3609 = B_SPLINE_CURVE_WITH_KNOTS('',1,(#3610,#3611),.UNSPECIFIED.,.F.,
  .F.,(2,2),(-30.,-8.),.PIECEWISE_BEZIER_KNOTS.);
#3610 = CARTESIAN_POINT('',(-3.944444109507,-30.));
#3611 = CARTESIAN_POINT('',(-3.944444109507,-8.));
#3612 = ( GEOMETRIC_REPRESENTATION_CONTEXT(2) 
PARAMETRIC_REPRESENTATION_CONTEXT() REPRESENTATION_CONTEXT('2D SPACE',''
  ) );
#3613 = PCURVE('',#1120,#3614);
#3614 = DEFINITIONAL_REPRESENTATION('',(#3615),#3618);
#3615 = B_SPLINE_CURVE_WITH_KNOTS('',1,(#3616,#3617),.UNSPECIFIED.,.F.,
  .F.,(2,2),(-30.0000006,6.E-07),.PIECEWISE_BEZIER_KNOTS.);
#3616 = CARTESIAN_POINT('',(74.,-31.0000006));
#3617 = CARTESIAN_POINT('',(74.,-0.9999994));
#3618 = ( GEOMETRIC_REPRESENTATION_CONTEXT(2) 
PARAMETRIC_REPRESENTATION_CONTEXT() REPRESENTATION_CONTEXT('2D SPACE',''
  ) );
#3619 = ORIENTED_EDGE('',*,*,#1131,.T.);
#3620 = ORIENTED_EDGE('',*,*,#3621,.F.);
#3621 = EDGE_CURVE('',#3622,#1132,#3624,.T.);
#3622 = VERTEX_POINT('',#3623);
#3623 = CARTESIAN_POINT('',(22.267155856626,-29.54951387175,30.));
#3624 = SURFACE_CURVE('',#3625,(#3629,#3635),.PCURVE_S1.);
#3625 = LINE('',#3626,#3627);
#3626 = CARTESIAN_POINT('',(22.267155856626,-29.54951387175,0.));
#3627 = VECTOR('',#3628,1.);
#3628 = DIRECTION('',(-0.,-0.,-1.));
#3629 = PCURVE('',#969,#3630);
#3630 = DEFINITIONAL_REPRESENTATION('',(#3631),#3634);
#3631 = B_SPLINE_CURVE_WITH_KNOTS('',1,(#3632,#3633),.UNSPECIFIED.,.F.,
  .F.,(2,2),(-30.,-8.),.PIECEWISE_BEZIER_KNOTS.);
#3632 = CARTESIAN_POINT('',(-5.235987755983,-30.));
#3633 = CARTESIAN_POINT('',(-5.235987755983,-8.));
#3634 = ( GEOMETRIC_REPRESENTATION_CONTEXT(2) 
PARAMETRIC_REPRESENTATION_CONTEXT() REPRESENTATION_CONTEXT('2D SPACE',''
  ) );
#3635 = PCURVE('',#1169,#3636);
#3636 = DEFINITIONAL_REPRESENTATION('',(#3637),#3640);
#3637 = B_SPLINE_CURVE_WITH_KNOTS('',1,(#3638,#3639),.UNSPECIFIED.,.F.,
  .F.,(2,2),(-30.0000006,6.E-07),.PIECEWISE_BEZIER_KNOTS.);
#3638 = CARTESIAN_POINT('',(37.,-31.0000006));
#3639 = CARTESIAN_POINT('',(37.,-0.9999994));
#3640 = ( GEOMETRIC_REPRESENTATION_CONTEXT(2) 
PARAMETRIC_REPRESENTATION_CONTEXT() REPRESENTATION_CONTEXT('2D SPACE',''
  ) );
#3641 = ORIENTED_EDGE('',*,*,#3642,.T.);
#3642 = EDGE_CURVE('',#3622,#3643,#3645,.T.);
#3643 = VERTEX_POINT('',#3644);
#3644 = CARTESIAN_POINT('',(29.54951387175,-22.26715585662,30.));
#3645 = SURFACE_CURVE('',#3646,(#3651,#3657),.PCURVE_S1.);
#3646 = CIRCLE('',#3647,37.);
#3647 = AXIS2_PLACEMENT_3D('',#3648,#3649,#3650);
#3648 = CARTESIAN_POINT('',(0.,0.,30.));
#3649 = DIRECTION('',(0.,0.,1.));
#3650 = DIRECTION('',(1.,0.,0.));
#3651 = PCURVE('',#969,#3652);
#3652 = DEFINITIONAL_REPRESENTATION('',(#3653),#3656);
#3653 = B_SPLINE_CURVE_WITH_KNOTS('',1,(#3654,#3655),.UNSPECIFIED.,.F.,
  .F.,(2,2),(5.358160803623,5.637413483942),.PIECEWISE_BEZIER_KNOTS.);
#3654 = CARTESIAN_POINT('',(-5.235987755983,-30.));
#3655 = CARTESIAN_POINT('',(-5.515240436302,-30.));
#3656 = ( GEOMETRIC_REPRESENTATION_CONTEXT(2) 
PARAMETRIC_REPRESENTATION_CONTEXT() REPRESENTATION_CONTEXT('2D SPACE',''
  ) );
#3657 = PCURVE('',#3658,#3663);
#3658 = PLANE('',#3659);
#3659 = AXIS2_PLACEMENT_3D('',#3660,#3661,#3662);
#3660 = CARTESIAN_POINT('',(-2.365301850879E-15,3.22020598281E-15,30.));
#3661 = DIRECTION('',(0.,0.,1.));
#3662 = DIRECTION('',(1.,0.,-0.));
#3663 = DEFINITIONAL_REPRESENTATION('',(#3664),#3668);
#3664 = CIRCLE('',#3665,37.);
#3665 = AXIS2_PLACEMENT_2D('',#3666,#3667);
#3666 = CARTESIAN_POINT('',(2.365301850879E-15,-3.22020598281E-15));
#3667 = DIRECTION('',(1.,0.));
#3668 = ( GEOMETRIC_REPRESENTATION_CONTEXT(2) 
PARAMETRIC_REPRESENTATION_CONTEXT() REPRESENTATION_CONTEXT('2D SPACE',''
  ) );
#3669 = ORIENTED_EDGE('',*,*,#3670,.T.);
#3670 = EDGE_CURVE('',#3643,#1280,#3671,.T.);
#3671 = SURFACE_CURVE('',#3672,(#3676,#3682),.PCURVE_S1.);
#3672 = LINE('',#3673,#3674);
#3673 = CARTESIAN_POINT('',(29.54951387175,-22.26715585662,0.));
#3674 = VECTOR('',#3675,1.);
#3675 = DIRECTION('',(-0.,-0.,-1.));
#3676 = PCURVE('',#969,#3677);
#3677 = DEFINITIONAL_REPRESENTATION('',(#3678),#3681);
#3678 = B_SPLINE_CURVE_WITH_KNOTS('',1,(#3679,#3680),.UNSPECIFIED.,.F.,
  .F.,(2,2),(-30.,-8.),.PIECEWISE_BEZIER_KNOTS.);
#3679 = CARTESIAN_POINT('',(-5.515240436302,-30.));
#3680 = CARTESIAN_POINT('',(-5.515240436302,-8.));
#3681 = ( GEOMETRIC_REPRESENTATION_CONTEXT(2) 
PARAMETRIC_REPRESENTATION_CONTEXT() REPRESENTATION_CONTEXT('2D SPACE',''
  ) );
#3682 = PCURVE('',#1294,#3683);
#3683 = DEFINITIONAL_REPRESENTATION('',(#3684),#3687);
#3684 = B_SPLINE_CURVE_WITH_KNOTS('',1,(#3685,#3686),.UNSPECIFIED.,.F.,
  .F.,(2,2),(-30.0000006,6.E-07),.PIECEWISE_BEZIER_KNOTS.);
#3685 = CARTESIAN_POINT('',(74.,-31.0000006));
#3686 = CARTESIAN_POINT('',(74.,-0.9999994));
#3687 = ( GEOMETRIC_REPRESENTATION_CONTEXT(2) 
PARAMETRIC_REPRESENTATION_CONTEXT() REPRESENTATION_CONTEXT('2D SPACE',''
  ) );
#3688 = ORIENTED_EDGE('',*,*,#1305,.F.);
#3689 = ORIENTED_EDGE('',*,*,#3509,.T.);
#3690 = ORIENTED_EDGE('',*,*,#2091,.F.);
#3691 = FACE_BOUND('',#3692,.F.);
#3692 = EDGE_LOOP('',(#3693));
#3693 = ORIENTED_EDGE('',*,*,#3694,.T.);
#3694 = EDGE_CURVE('',#3695,#3695,#3697,.T.);
#3695 = VERTEX_POINT('',#3696);
#3696 = CARTESIAN_POINT('',(2.,-36.94590640382,4.));
#3697 = SURFACE_CURVE('',#3698,(#3750,#3805),.PCURVE_S1.);
#3698 = B_SPLINE_CURVE_WITH_KNOTS('',8,(#3699,#3700,#3701,#3702,#3703,
    #3704,#3705,#3706,#3707,#3708,#3709,#3710,#3711,#3712,#3713,#3714,
    #3715,#3716,#3717,#3718,#3719,#3720,#3721,#3722,#3723,#3724,#3725,
    #3726,#3727,#3728,#3729,#3730,#3731,#3732,#3733,#3734,#3735,#3736,
    #3737,#3738,#3739,#3740,#3741,#3742,#3743,#3744,#3745,#3746,#3747,
    #3748,#3749),.UNSPECIFIED.,.T.,.F.,(9,7,7,7,7,7,7,9),(0.,
    0.153622367251,0.285704078283,0.421676180684,0.589529241497,
    0.714916860251,0.837271964898,1.),.UNSPECIFIED.);
#3699 = CARTESIAN_POINT('',(2.,-36.94590640382,4.));
#3700 = CARTESIAN_POINT('',(2.,-36.94590640382,4.208664920475));
#3701 = CARTESIAN_POINT('',(1.975119131105,-36.94725319075,4.41723060774
    ));
#3702 = CARTESIAN_POINT('',(1.925400650079,-36.94994497484,
    4.623955227837));
#3703 = CARTESIAN_POINT('',(1.850309835188,-36.95391523398,
    4.826957810588));
#3704 = CARTESIAN_POINT('',(1.748916072709,-36.9590285487,5.023867546019
    ));
#3705 = CARTESIAN_POINT('',(1.620010629216,-36.96504358767,
    5.211587801684));
#3706 = CARTESIAN_POINT('',(1.462304156939,-36.97156810493,
    5.385949248855));
#3707 = CARTESIAN_POINT('',(1.113676575209,-36.98358732711,
    5.674359066812));
#3708 = CARTESIAN_POINT('',(0.925091108523,-36.98928522773,
    5.797922612768));
#3709 = CARTESIAN_POINT('',(0.711843107739,-36.99455123219,
    5.901346353873));
#3710 = CARTESIAN_POINT('',(0.47905913259,-36.99869569285,5.976837988992
    ));
#3711 = CARTESIAN_POINT('',(0.233753368078,-37.00108166406,
    6.019208183084));
#3712 = CARTESIAN_POINT('',(-1.60893547007E-02,-37.00141959397,
    6.025984665655));
#3713 = CARTESIAN_POINT('',(-0.262287730729,-36.99981734285,
    5.997527699724));
#3714 = CARTESIAN_POINT('',(-0.739396319819,-36.99340313727,
    5.875027034889));
#3715 = CARTESIAN_POINT('',(-0.961840147285,-36.98860288773,
    5.781080972474));
#3716 = CARTESIAN_POINT('',(-1.162103814359,-36.98280311845,
    5.661689617851));
#3717 = CARTESIAN_POINT('',(-1.338878071603,-36.97658304269,
    5.522274479845));
#3718 = CARTESIAN_POINT('',(-1.491685098608,-36.97044155341,
    5.367579077783));
#3719 = CARTESIAN_POINT('',(-1.620631533859,-36.96475940782,
    5.201811107333));
#3720 = CARTESIAN_POINT('',(-1.726294534853,-36.95980076595,
    5.028706686816));
#3721 = CARTESIAN_POINT('',(-1.912558735652,-36.95067974798,
    4.632875111332));
#3722 = CARTESIAN_POINT('',(-1.982565233064,-36.94692342359,
    4.405710903277));
#3723 = CARTESIAN_POINT('',(-2.02130818933,-36.94473672741,
    4.173779694955));
#3724 = CARTESIAN_POINT('',(-2.029627310238,-36.94425307487,
    3.939751260198));
#3725 = CARTESIAN_POINT('',(-2.007655677627,-36.94550817347,
    3.706062171322));
#3726 = CARTESIAN_POINT('',(-1.954905554213,-36.9484452297,
    3.475323139399));
#3727 = CARTESIAN_POINT('',(-1.870364348839,-36.95288396969,
    3.250680905196));
#3728 = CARTESIAN_POINT('',(-1.66465240177,-36.96263906853,
    2.876492262593));
#3729 = CARTESIAN_POINT('',(-1.557321247579,-36.9674890113,
    2.720799716068));
#3730 = CARTESIAN_POINT('',(-1.429911305869,-36.97286678718,
    2.572341592781));
#3731 = CARTESIAN_POINT('',(-1.282103620241,-36.97853462964,
    2.434334305074));
#3732 = CARTESIAN_POINT('',(-1.114001530292,-36.98416767356,
    2.310295912718));
#3733 = CARTESIAN_POINT('',(-0.926199375762,-36.98936140791,
    2.204083192342));
#3734 = CARTESIAN_POINT('',(-0.719935745704,-36.9936647635,
    2.119976338931));
#3735 = CARTESIAN_POINT('',(-0.280206344946,-36.99957644659,
    2.007073018446));
#3736 = CARTESIAN_POINT('',(-5.273106562216E-02,-37.00117695562,
    1.978327197696));
#3737 = CARTESIAN_POINT('',(0.1788670281,-37.00113654904,1.979689345934)
  );
#3738 = CARTESIAN_POINT('',(0.407794604146,-36.99933052274,
    2.011835528372));
#3739 = CARTESIAN_POINT('',(0.62728323141,-36.99595530433,2.073114411522
    ));
#3740 = CARTESIAN_POINT('',(0.831272181739,-36.99146697643,
    2.159633204031));
#3741 = CARTESIAN_POINT('',(1.015025062341,-36.98642352278,
    2.265322919783));
#3742 = CARTESIAN_POINT('',(1.389090360879,-36.9745326511,2.537097267421
    ));
#3743 = CARTESIAN_POINT('',(1.568753720826,-36.96741089869,
    2.716829850119));
#3744 = CARTESIAN_POINT('',(1.715379659866,-36.96071193232,
    2.913327327641));
#3745 = CARTESIAN_POINT('',(1.830475821896,-36.95496209931,
    3.121170884921));
#3746 = CARTESIAN_POINT('',(1.91555499493,-36.9504781949,3.336403221907)
  );
#3747 = CARTESIAN_POINT('',(1.971824333399,-36.94743146344,
    3.556075654405));
#3748 = CARTESIAN_POINT('',(2.,-36.94590640382,3.777949146038));
#3749 = CARTESIAN_POINT('',(2.,-36.94590640382,4.));
#3750 = PCURVE('',#969,#3751);
#3751 = DEFINITIONAL_REPRESENTATION('',(#3752),#3804);
#3752 = B_SPLINE_CURVE_WITH_KNOTS('',8,(#3753,#3754,#3755,#3756,#3757,
    #3758,#3759,#3760,#3761,#3762,#3763,#3764,#3765,#3766,#3767,#3768,
    #3769,#3770,#3771,#3772,#3773,#3774,#3775,#3776,#3777,#3778,#3779,
    #3780,#3781,#3782,#3783,#3784,#3785,#3786,#3787,#3788,#3789,#3790,
    #3791,#3792,#3793,#3794,#3795,#3796,#3797,#3798,#3799,#3800,#3801,
    #3802,#3803),.UNSPECIFIED.,.T.,.F.,(9,7,7,7,7,7,7,9),(0.,
    0.153622367251,0.285704078283,0.421676180684,0.589529241497,
    0.714916860251,0.837271964898,1.),.UNSPECIFIED.);
#3753 = CARTESIAN_POINT('',(-4.644296344359,-4.));
#3754 = CARTESIAN_POINT('',(-4.644296344359,-4.208664920475));
#3755 = CARTESIAN_POINT('',(-4.643622904012,-4.41723060774));
#3756 = CARTESIAN_POINT('',(-4.642277193292,-4.623955227837));
#3757 = CARTESIAN_POINT('',(-4.640244878999,-4.826957810588));
#3758 = CARTESIAN_POINT('',(-4.637501042223,-5.023867546019));
#3759 = CARTESIAN_POINT('',(-4.63401337981,-5.211587801684));
#3760 = CARTESIAN_POINT('',(-4.629747497773,-5.385949248855));
#3761 = CARTESIAN_POINT('',(-4.620319532733,-5.674359066812));
#3762 = CARTESIAN_POINT('',(-4.61522034878,-5.797922612768));
#3763 = CARTESIAN_POINT('',(-4.609455280133,-5.901346353873));
#3764 = CARTESIAN_POINT('',(-4.603163142171,-5.976837988992));
#3765 = CARTESIAN_POINT('',(-4.596533401158,-6.019208183084));
#3766 = CARTESIAN_POINT('',(-4.589781235181,-6.025984665655));
#3767 = CARTESIAN_POINT('',(-4.583127244429,-5.997527699724));
#3768 = CARTESIAN_POINT('',(-4.570231252452,-5.875027034889));
#3769 = CARTESIAN_POINT('',(-4.564218056893,-5.781080972474));
#3770 = CARTESIAN_POINT('',(-4.558803478261,-5.661689617851));
#3771 = CARTESIAN_POINT('',(-4.554022981996,-5.522274479845));
#3772 = CARTESIAN_POINT('',(-4.549889790959,-5.367579077783));
#3773 = CARTESIAN_POINT('',(-4.546401396778,-5.201811107333));
#3774 = CARTESIAN_POINT('',(-4.543542502419,-5.028706686816));
#3775 = CARTESIAN_POINT('',(-4.538502302773,-4.632875111332));
#3776 = CARTESIAN_POINT('',(-4.536607533817,-4.405710903277));
#3777 = CARTESIAN_POINT('',(-4.535558758558,-4.173779694955));
#3778 = CARTESIAN_POINT('',(-4.535333533041,-3.939751260198));
#3779 = CARTESIAN_POINT('',(-4.535928335392,-3.706062171322));
#3780 = CARTESIAN_POINT('',(-4.537356221716,-3.475323139398));
#3781 = CARTESIAN_POINT('',(-4.539644237336,-3.250680905196));
#3782 = CARTESIAN_POINT('',(-4.545210267504,-2.876492262593));
#3783 = CARTESIAN_POINT('',(-4.548114062611,-2.720799716068));
#3784 = CARTESIAN_POINT('',(-4.551560613255,-2.572341592781));
#3785 = CARTESIAN_POINT('',(-4.555558289222,-2.434334305074));
#3786 = CARTESIAN_POINT('',(-4.560104014072,-2.310295912719));
#3787 = CARTESIAN_POINT('',(-4.565181509258,-2.204083192342));
#3788 = CARTESIAN_POINT('',(-4.570757261443,-2.119976338931));
#3789 = CARTESIAN_POINT('',(-4.582642913795,-2.007073018446));
#3790 = CARTESIAN_POINT('',(-4.588790921764,-1.978327197696));
#3791 = CARTESIAN_POINT('',(-4.595050051899,-1.979689345934));
#3792 = CARTESIAN_POINT('',(-4.601237124349,-2.011835528372));
#3793 = CARTESIAN_POINT('',(-4.607169666163,-2.073114411522));
#3794 = CARTESIAN_POINT('',(-4.612684082508,-2.159633204031));
#3795 = CARTESIAN_POINT('',(-4.617652198743,-2.265322919783));
#3796 = CARTESIAN_POINT('',(-4.627767178356,-2.537097267421));
#3797 = CARTESIAN_POINT('',(-4.632626608653,-2.716829850119));
#3798 = CARTESIAN_POINT('',(-4.636593517948,-2.913327327641));
#3799 = CARTESIAN_POINT('',(-4.639708078763,-3.121170884921));
#3800 = CARTESIAN_POINT('',(-4.642010704843,-3.336403221907));
#3801 = CARTESIAN_POINT('',(-4.643533725052,-3.556075654405));
#3802 = CARTESIAN_POINT('',(-4.644296344359,-3.777949146038));
#3803 = CARTESIAN_POINT('',(-4.644296344359,-4.));
#3804 = ( GEOMETRIC_REPRESENTATION_CONTEXT(2) 
PARAMETRIC_REPRESENTATION_CONTEXT() REPRESENTATION_CONTEXT('2D SPACE',''
  ) );
#3805 = PCURVE('',#3806,#3811);
#3806 = CYLINDRICAL_SURFACE('',#3807,2.);
#3807 = AXIS2_PLACEMENT_3D('',#3808,#3809,#3810);
#3808 = CARTESIAN_POINT('',(-6.883382752676E-15,-31.,4.));
#3809 = DIRECTION('',(2.22044604925E-16,1.,-0.));
#3810 = DIRECTION('',(1.,-2.22044604925E-16,0.));
#3811 = DEFINITIONAL_REPRESENTATION('',(#3812),#3864);
#3812 = B_SPLINE_CURVE_WITH_KNOTS('',8,(#3813,#3814,#3815,#3816,#3817,
    #3818,#3819,#3820,#3821,#3822,#3823,#3824,#3825,#3826,#3827,#3828,
    #3829,#3830,#3831,#3832,#3833,#3834,#3835,#3836,#3837,#3838,#3839,
    #3840,#3841,#3842,#3843,#3844,#3845,#3846,#3847,#3848,#3849,#3850,
    #3851,#3852,#3853,#3854,#3855,#3856,#3857,#3858,#3859,#3860,#3861,
    #3862,#3863),.UNSPECIFIED.,.F.,.F.,(9,7,7,7,7,7,7,9),(0.,
    0.153622367251,0.285704078283,0.421676180684,0.589529241497,
    0.714916860251,0.837271964898,1.),.UNSPECIFIED.);
#3813 = CARTESIAN_POINT('',(0.,-5.945906403822));
#3814 = CARTESIAN_POINT('',(-0.104332460238,-5.945906403822));
#3815 = CARTESIAN_POINT('',(-0.208614841901,-5.947253190751));
#3816 = CARTESIAN_POINT('',(-0.31370943671,-5.949944974849));
#3817 = CARTESIAN_POINT('',(-0.420393206272,-5.953915233982));
#3818 = CARTESIAN_POINT('',(-0.529443249125,-5.959028548703));
#3819 = CARTESIAN_POINT('',(-0.641672928752,-5.965043587671));
#3820 = CARTESIAN_POINT('',(-0.758002233958,-5.971568104932));
#3821 = CARTESIAN_POINT('',(-0.984232986641,-5.983587327114));
#3822 = CARTESIAN_POINT('',(-1.096268156672,-5.989285227735));
#3823 = CARTESIAN_POINT('',(-1.213127758998,-5.994551232191));
#3824 = CARTESIAN_POINT('',(-1.33314680023,-5.998695692852));
#3825 = CARTESIAN_POINT('',(-1.455118057299,-6.001081664069));
#3826 = CARTESIAN_POINT('',(-1.577994497816,-6.001419593973));
#3827 = CARTESIAN_POINT('',(-1.700765009633,-5.999817342852));
#3828 = CARTESIAN_POINT('',(-1.947057020602,-5.993403137272));
#3829 = CARTESIAN_POINT('',(-2.066467095213,-5.988602887739));
#3830 = CARTESIAN_POINT('',(-2.181266943979,-5.982803118459));
#3831 = CARTESIAN_POINT('',(-2.292031583034,-5.976583042698));
#3832 = CARTESIAN_POINT('',(-2.399191391034,-5.970441553417));
#3833 = CARTESIAN_POINT('',(-2.503070456498,-5.964759407828));
#3834 = CARTESIAN_POINT('',(-2.603879094486,-5.959800765958));
#3835 = CARTESIAN_POINT('',(-2.822612373075,-5.95067974798));
#3836 = CARTESIAN_POINT('',(-2.940288500223,-5.946923423597));
#3837 = CARTESIAN_POINT('',(-3.056152616478,-5.944736727412));
#3838 = CARTESIAN_POINT('',(-3.171281217442,-5.94425307487));
#3839 = CARTESIAN_POINT('',(-3.286658870334,-5.945508173478));
#3840 = CARTESIAN_POINT('',(-3.403244836043,-5.948445229706));
#3841 = CARTESIAN_POINT('',(-3.522036693814,-5.952883969695));
#3842 = CARTESIAN_POINT('',(-3.735539940522,-5.962639068531));
#3843 = CARTESIAN_POINT('',(-3.829610363924,-5.967489011307));
#3844 = CARTESIAN_POINT('',(-3.926508711868,-5.972866787182));
#3845 = CARTESIAN_POINT('',(-4.026353089711,-5.978534629649));
#3846 = CARTESIAN_POINT('',(-4.129356814196,-5.98416767356));
#3847 = CARTESIAN_POINT('',(-4.235823819273,-5.989361407915));
#3848 = CARTESIAN_POINT('',(-4.346174183975,-5.993664763506));
#3849 = CARTESIAN_POINT('',(-4.573170387505,-5.999576446591));
#3850 = CARTESIAN_POINT('',(-4.686908678218,-6.001176955625));
#3851 = CARTESIAN_POINT('',(-4.801049167365,-6.001136549041));
#3852 = CARTESIAN_POINT('',(-4.914620586663,-5.99933052274));
#3853 = CARTESIAN_POINT('',(-5.026665481049,-5.995955304331));
#3854 = CARTESIAN_POINT('',(-5.136093215857,-5.99146697643));
#3855 = CARTESIAN_POINT('',(-5.241484971057,-5.986423522789));
#3856 = CARTESIAN_POINT('',(-5.472670039565,-5.974532651102));
#3857 = CARTESIAN_POINT('',(-5.598168781507,-5.967410898691));
#3858 = CARTESIAN_POINT('',(-5.718724980197,-5.960711932321));
#3859 = CARTESIAN_POINT('',(-5.835444566372,-5.954962099315));
#3860 = CARTESIAN_POINT('',(-5.949299449457,-5.9504781949));
#3861 = CARTESIAN_POINT('',(-6.061223895436,-5.947431463443));
#3862 = CARTESIAN_POINT('',(-6.172159880199,-5.945906403822));
#3863 = CARTESIAN_POINT('',(-6.28318530718,-5.945906403822));
#3864 = ( GEOMETRIC_REPRESENTATION_CONTEXT(2) 
PARAMETRIC_REPRESENTATION_CONTEXT() REPRESENTATION_CONTEXT('2D SPACE',''
  ) );
#3865 = ADVANCED_FACE('',(#3866),#1294,.F.);
#3866 = FACE_BOUND('',#3867,.F.);
#3867 = EDGE_LOOP('',(#3868,#3869,#3891,#3910));
#3868 = ORIENTED_EDGE('',*,*,#3670,.F.);
#3869 = ORIENTED_EDGE('',*,*,#3870,.F.);
#3870 = EDGE_CURVE('',#3871,#3643,#3873,.T.);
#3871 = VERTEX_POINT('',#3872);
#3872 = CARTESIAN_POINT('',(26.754289586584,-20.16080327559,30.));
#3873 = SURFACE_CURVE('',#3874,(#3878,#3884),.PCURVE_S1.);
#3874 = LINE('',#3875,#3876);
#3875 = CARTESIAN_POINT('',(44.324270807625,-33.40073378493,30.));
#3876 = VECTOR('',#3877,1.);
#3877 = DIRECTION('',(0.798635510047,-0.601815023152,0.));
#3878 = PCURVE('',#1294,#3879);
#3879 = DEFINITIONAL_REPRESENTATION('',(#3880),#3883);
#3880 = B_SPLINE_CURVE_WITH_KNOTS('',1,(#3881,#3882),.UNSPECIFIED.,.F.,
  .F.,(2,2),(-55.5,-9.17098064822),.PIECEWISE_BEZIER_KNOTS.);
#3881 = CARTESIAN_POINT('',(111.,-31.));
#3882 = CARTESIAN_POINT('',(64.67098064822,-31.));
#3883 = ( GEOMETRIC_REPRESENTATION_CONTEXT(2) 
PARAMETRIC_REPRESENTATION_CONTEXT() REPRESENTATION_CONTEXT('2D SPACE',''
  ) );
#3884 = PCURVE('',#3658,#3885);
#3885 = DEFINITIONAL_REPRESENTATION('',(#3886),#3890);
#3886 = LINE('',#3887,#3888);
#3887 = CARTESIAN_POINT('',(44.324270807625,-33.40073378493));
#3888 = VECTOR('',#3889,1.);
#3889 = DIRECTION('',(0.798635510047,-0.601815023152));
#3890 = ( GEOMETRIC_REPRESENTATION_CONTEXT(2) 
PARAMETRIC_REPRESENTATION_CONTEXT() REPRESENTATION_CONTEXT('2D SPACE',''
  ) );
#3891 = ORIENTED_EDGE('',*,*,#3892,.T.);
#3892 = EDGE_CURVE('',#3871,#1247,#3893,.T.);
#3893 = SURFACE_CURVE('',#3894,(#3898,#3904),.PCURVE_S1.);
#3894 = LINE('',#3895,#3896);
#3895 = CARTESIAN_POINT('',(26.754289586584,-20.16080327559,0.));
#3896 = VECTOR('',#3897,1.);
#3897 = DIRECTION('',(-0.,-0.,-1.));
#3898 = PCURVE('',#1294,#3899);
#3899 = DEFINITIONAL_REPRESENTATION('',(#3900),#3903);
#3900 = B_SPLINE_CURVE_WITH_KNOTS('',1,(#3901,#3902),.UNSPECIFIED.,.F.,
  .F.,(2,2),(-30.0000006,6.E-07),.PIECEWISE_BEZIER_KNOTS.);
#3901 = CARTESIAN_POINT('',(77.5,-31.0000006));
#3902 = CARTESIAN_POINT('',(77.5,-0.9999994));
#3903 = ( GEOMETRIC_REPRESENTATION_CONTEXT(2) 
PARAMETRIC_REPRESENTATION_CONTEXT() REPRESENTATION_CONTEXT('2D SPACE',''
  ) );
#3904 = PCURVE('',#1267,#3905);
#3905 = DEFINITIONAL_REPRESENTATION('',(#3906),#3909);
#3906 = B_SPLINE_CURVE_WITH_KNOTS('',1,(#3907,#3908),.UNSPECIFIED.,.F.,
  .F.,(2,2),(-30.0000006,6.E-07),.PIECEWISE_BEZIER_KNOTS.);
#3907 = CARTESIAN_POINT('',(-5.637413483942,-30.0000006));
#3908 = CARTESIAN_POINT('',(-5.637413483942,6.E-07));
#3909 = ( GEOMETRIC_REPRESENTATION_CONTEXT(2) 
PARAMETRIC_REPRESENTATION_CONTEXT() REPRESENTATION_CONTEXT('2D SPACE',''
  ) );
#3910 = ORIENTED_EDGE('',*,*,#1279,.T.);
#3911 = ADVANCED_FACE('',(#3912),#1267,.F.);
#3912 = FACE_BOUND('',#3913,.T.);
#3913 = EDGE_LOOP('',(#3914,#3915,#3916,#3937));
#3914 = ORIENTED_EDGE('',*,*,#3892,.T.);
#3915 = ORIENTED_EDGE('',*,*,#1246,.T.);
#3916 = ORIENTED_EDGE('',*,*,#3917,.F.);
#3917 = EDGE_CURVE('',#3918,#1214,#3920,.T.);
#3918 = VERTEX_POINT('',#3919);
#3919 = CARTESIAN_POINT('',(25.579875678454,-21.63145765487,30.));
#3920 = SURFACE_CURVE('',#3921,(#3925,#3931),.PCURVE_S1.);
#3921 = LINE('',#3922,#3923);
#3922 = CARTESIAN_POINT('',(25.579875678454,-21.63145765488,0.));
#3923 = VECTOR('',#3924,1.);
#3924 = DIRECTION('',(-0.,-0.,-1.));
#3925 = PCURVE('',#1267,#3926);
#3926 = DEFINITIONAL_REPRESENTATION('',(#3927),#3930);
#3927 = B_SPLINE_CURVE_WITH_KNOTS('',1,(#3928,#3929),.UNSPECIFIED.,.F.,
  .F.,(2,2),(-30.0000006,-7.9999994),.PIECEWISE_BEZIER_KNOTS.);
#3928 = CARTESIAN_POINT('',(-5.581225812269,-30.0000006));
#3929 = CARTESIAN_POINT('',(-5.581225812269,-7.9999994));
#3930 = ( GEOMETRIC_REPRESENTATION_CONTEXT(2) 
PARAMETRIC_REPRESENTATION_CONTEXT() REPRESENTATION_CONTEXT('2D SPACE',''
  ) );
#3931 = PCURVE('',#1234,#3932);
#3932 = DEFINITIONAL_REPRESENTATION('',(#3933),#3936);
#3933 = B_SPLINE_CURVE_WITH_KNOTS('',1,(#3934,#3935),.UNSPECIFIED.,.F.,
  .F.,(2,2),(-30.0000006,-7.9999994),.PIECEWISE_BEZIER_KNOTS.);
#3934 = CARTESIAN_POINT('',(-0.274867572331,-23.0000006));
#3935 = CARTESIAN_POINT('',(-0.274867572331,-0.9999994));
#3936 = ( GEOMETRIC_REPRESENTATION_CONTEXT(2) 
PARAMETRIC_REPRESENTATION_CONTEXT() REPRESENTATION_CONTEXT('2D SPACE',''
  ) );
#3937 = ORIENTED_EDGE('',*,*,#3938,.T.);
#3938 = EDGE_CURVE('',#3918,#3871,#3939,.T.);
#3939 = SURFACE_CURVE('',#3940,(#3945,#3952),.PCURVE_S1.);
#3940 = CIRCLE('',#3941,33.5);
#3941 = AXIS2_PLACEMENT_3D('',#3942,#3943,#3944);
#3942 = CARTESIAN_POINT('',(1.75139182436E-13,1.53630861786E-15,30.));
#3943 = DIRECTION('',(0.,0.,1.));
#3944 = DIRECTION('',(1.,0.,0.));
#3945 = PCURVE('',#1267,#3946);
#3946 = DEFINITIONAL_REPRESENTATION('',(#3947),#3951);
#3947 = LINE('',#3948,#3949);
#3948 = CARTESIAN_POINT('',(-0.,-30.));
#3949 = VECTOR('',#3950,1.);
#3950 = DIRECTION('',(-1.,0.));
#3951 = ( GEOMETRIC_REPRESENTATION_CONTEXT(2) 
PARAMETRIC_REPRESENTATION_CONTEXT() REPRESENTATION_CONTEXT('2D SPACE',''
  ) );
#3952 = PCURVE('',#3658,#3953);
#3953 = DEFINITIONAL_REPRESENTATION('',(#3954),#3958);
#3954 = CIRCLE('',#3955,33.5);
#3955 = AXIS2_PLACEMENT_2D('',#3956,#3957);
#3956 = CARTESIAN_POINT('',(1.775044842869E-13,-1.68389736495E-15));
#3957 = DIRECTION('',(1.,0.));
#3958 = ( GEOMETRIC_REPRESENTATION_CONTEXT(2) 
PARAMETRIC_REPRESENTATION_CONTEXT() REPRESENTATION_CONTEXT('2D SPACE',''
  ) );
#3959 = ADVANCED_FACE('',(#3960),#1234,.T.);
#3960 = FACE_BOUND('',#3961,.F.);
#3961 = EDGE_LOOP('',(#3962,#3963,#3987,#4006));
#3962 = ORIENTED_EDGE('',*,*,#3917,.F.);
#3963 = ORIENTED_EDGE('',*,*,#3964,.T.);
#3964 = EDGE_CURVE('',#3918,#3965,#3967,.T.);
#3965 = VERTEX_POINT('',#3966);
#3966 = CARTESIAN_POINT('',(21.631457654879,-25.57987567845,30.));
#3967 = SURFACE_CURVE('',#3968,(#3973,#3980),.PCURVE_S1.);
#3968 = CIRCLE('',#3969,3.2);
#3969 = AXIS2_PLACEMENT_3D('',#3970,#3971,#3972);
#3970 = CARTESIAN_POINT('',(22.5,-22.5,30.));
#3971 = DIRECTION('',(0.,0.,1.));
#3972 = DIRECTION('',(1.,0.,0.));
#3973 = PCURVE('',#1234,#3974);
#3974 = DEFINITIONAL_REPRESENTATION('',(#3975),#3979);
#3975 = LINE('',#3976,#3977);
#3976 = CARTESIAN_POINT('',(-0.,-23.));
#3977 = VECTOR('',#3978,1.);
#3978 = DIRECTION('',(-1.,0.));
#3979 = ( GEOMETRIC_REPRESENTATION_CONTEXT(2) 
PARAMETRIC_REPRESENTATION_CONTEXT() REPRESENTATION_CONTEXT('2D SPACE',''
  ) );
#3980 = PCURVE('',#3658,#3981);
#3981 = DEFINITIONAL_REPRESENTATION('',(#3982),#3986);
#3982 = CIRCLE('',#3983,3.2);
#3983 = AXIS2_PLACEMENT_2D('',#3984,#3985);
#3984 = CARTESIAN_POINT('',(22.5,-22.5));
#3985 = DIRECTION('',(1.,0.));
#3986 = ( GEOMETRIC_REPRESENTATION_CONTEXT(2) 
PARAMETRIC_REPRESENTATION_CONTEXT() REPRESENTATION_CONTEXT('2D SPACE',''
  ) );
#3987 = ORIENTED_EDGE('',*,*,#3988,.T.);
#3988 = EDGE_CURVE('',#3965,#1181,#3989,.T.);
#3989 = SURFACE_CURVE('',#3990,(#3994,#4000),.PCURVE_S1.);
#3990 = LINE('',#3991,#3992);
#3991 = CARTESIAN_POINT('',(21.631457654879,-25.57987567845,0.));
#3992 = VECTOR('',#3993,1.);
#3993 = DIRECTION('',(-0.,-0.,-1.));
#3994 = PCURVE('',#1234,#3995);
#3995 = DEFINITIONAL_REPRESENTATION('',(#3996),#3999);
#3996 = B_SPLINE_CURVE_WITH_KNOTS('',1,(#3997,#3998),.UNSPECIFIED.,.F.,
  .F.,(2,2),(-30.0000006,-7.9999994),.PIECEWISE_BEZIER_KNOTS.);
#3997 = CARTESIAN_POINT('',(-4.437521408053,-23.0000006));
#3998 = CARTESIAN_POINT('',(-4.437521408053,-0.9999994));
#3999 = ( GEOMETRIC_REPRESENTATION_CONTEXT(2) 
PARAMETRIC_REPRESENTATION_CONTEXT() REPRESENTATION_CONTEXT('2D SPACE',''
  ) );
#4000 = PCURVE('',#1201,#4001);
#4001 = DEFINITIONAL_REPRESENTATION('',(#4002),#4005);
#4002 = B_SPLINE_CURVE_WITH_KNOTS('',1,(#4003,#4004),.UNSPECIFIED.,.F.,
  .F.,(2,2),(-30.0000006,-7.9999994),.PIECEWISE_BEZIER_KNOTS.);
#4003 = CARTESIAN_POINT('',(-5.414348475296,-30.0000006));
#4004 = CARTESIAN_POINT('',(-5.414348475296,-7.9999994));
#4005 = ( GEOMETRIC_REPRESENTATION_CONTEXT(2) 
PARAMETRIC_REPRESENTATION_CONTEXT() REPRESENTATION_CONTEXT('2D SPACE',''
  ) );
#4006 = ORIENTED_EDGE('',*,*,#1213,.T.);
#4007 = ADVANCED_FACE('',(#4008),#1201,.F.);
#4008 = FACE_BOUND('',#4009,.T.);
#4009 = EDGE_LOOP('',(#4010,#4011,#4012,#4033));
#4010 = ORIENTED_EDGE('',*,*,#3988,.T.);
#4011 = ORIENTED_EDGE('',*,*,#1180,.T.);
#4012 = ORIENTED_EDGE('',*,*,#4013,.F.);
#4013 = EDGE_CURVE('',#4014,#1155,#4016,.T.);
#4014 = VERTEX_POINT('',#4015);
#4015 = CARTESIAN_POINT('',(20.160803275594,-26.75428958658,30.));
#4016 = SURFACE_CURVE('',#4017,(#4021,#4027),.PCURVE_S1.);
#4017 = LINE('',#4018,#4019);
#4018 = CARTESIAN_POINT('',(20.160803275594,-26.75428958658,0.));
#4019 = VECTOR('',#4020,1.);
#4020 = DIRECTION('',(-0.,-0.,-1.));
#4021 = PCURVE('',#1201,#4022);
#4022 = DEFINITIONAL_REPRESENTATION('',(#4023),#4026);
#4023 = B_SPLINE_CURVE_WITH_KNOTS('',1,(#4024,#4025),.UNSPECIFIED.,.F.,
  .F.,(2,2),(-30.0000006,6.E-07),.PIECEWISE_BEZIER_KNOTS.);
#4024 = CARTESIAN_POINT('',(-5.358160803623,-30.0000006));
#4025 = CARTESIAN_POINT('',(-5.358160803623,6.E-07));
#4026 = ( GEOMETRIC_REPRESENTATION_CONTEXT(2) 
PARAMETRIC_REPRESENTATION_CONTEXT() REPRESENTATION_CONTEXT('2D SPACE',''
  ) );
#4027 = PCURVE('',#1169,#4028);
#4028 = DEFINITIONAL_REPRESENTATION('',(#4029),#4032);
#4029 = B_SPLINE_CURVE_WITH_KNOTS('',1,(#4030,#4031),.UNSPECIFIED.,.F.,
  .F.,(2,2),(-30.0000006,6.E-07),.PIECEWISE_BEZIER_KNOTS.);
#4030 = CARTESIAN_POINT('',(33.5,-31.0000006));
#4031 = CARTESIAN_POINT('',(33.5,-0.9999994));
#4032 = ( GEOMETRIC_REPRESENTATION_CONTEXT(2) 
PARAMETRIC_REPRESENTATION_CONTEXT() REPRESENTATION_CONTEXT('2D SPACE',''
  ) );
#4033 = ORIENTED_EDGE('',*,*,#4034,.T.);
#4034 = EDGE_CURVE('',#4014,#3965,#4035,.T.);
#4035 = SURFACE_CURVE('',#4036,(#4041,#4048),.PCURVE_S1.);
#4036 = CIRCLE('',#4037,33.5);
#4037 = AXIS2_PLACEMENT_3D('',#4038,#4039,#4040);
#4038 = CARTESIAN_POINT('',(1.75139182436E-13,1.53630861786E-15,30.));
#4039 = DIRECTION('',(0.,0.,1.));
#4040 = DIRECTION('',(1.,0.,0.));
#4041 = PCURVE('',#1201,#4042);
#4042 = DEFINITIONAL_REPRESENTATION('',(#4043),#4047);
#4043 = LINE('',#4044,#4045);
#4044 = CARTESIAN_POINT('',(-0.,-30.));
#4045 = VECTOR('',#4046,1.);
#4046 = DIRECTION('',(-1.,0.));
#4047 = ( GEOMETRIC_REPRESENTATION_CONTEXT(2) 
PARAMETRIC_REPRESENTATION_CONTEXT() REPRESENTATION_CONTEXT('2D SPACE',''
  ) );
#4048 = PCURVE('',#3658,#4049);
#4049 = DEFINITIONAL_REPRESENTATION('',(#4050),#4054);
#4050 = CIRCLE('',#4051,33.5);
#4051 = AXIS2_PLACEMENT_2D('',#4052,#4053);
#4052 = CARTESIAN_POINT('',(1.775044842869E-13,-1.68389736495E-15));
#4053 = DIRECTION('',(1.,0.));
#4054 = ( GEOMETRIC_REPRESENTATION_CONTEXT(2) 
PARAMETRIC_REPRESENTATION_CONTEXT() REPRESENTATION_CONTEXT('2D SPACE',''
  ) );
#4055 = ADVANCED_FACE('',(#4056),#1169,.F.);
#4056 = FACE_BOUND('',#4057,.F.);
#4057 = EDGE_LOOP('',(#4058,#4078,#4079,#4080));
#4058 = ORIENTED_EDGE('',*,*,#4059,.F.);
#4059 = EDGE_CURVE('',#3622,#4014,#4060,.T.);
#4060 = SURFACE_CURVE('',#4061,(#4065,#4071),.PCURVE_S1.);
#4061 = LINE('',#4062,#4063);
#4062 = CARTESIAN_POINT('',(-1.202199241825E-15,1.59537227842E-15,30.));
#4063 = VECTOR('',#4064,1.);
#4064 = DIRECTION('',(-0.601815023152,0.798635510047,0.));
#4065 = PCURVE('',#1169,#4066);
#4066 = DEFINITIONAL_REPRESENTATION('',(#4067),#4070);
#4067 = B_SPLINE_CURVE_WITH_KNOTS('',1,(#4068,#4069),.UNSPECIFIED.,.F.,
  .F.,(2,2),(-46.32901935178,-1.997622517843E-15),
  .PIECEWISE_BEZIER_KNOTS.);
#4068 = CARTESIAN_POINT('',(46.32901935178,-31.));
#4069 = CARTESIAN_POINT('',(0.,-31.));
#4070 = ( GEOMETRIC_REPRESENTATION_CONTEXT(2) 
PARAMETRIC_REPRESENTATION_CONTEXT() REPRESENTATION_CONTEXT('2D SPACE',''
  ) );
#4071 = PCURVE('',#3658,#4072);
#4072 = DEFINITIONAL_REPRESENTATION('',(#4073),#4077);
#4073 = LINE('',#4074,#4075);
#4074 = CARTESIAN_POINT('',(1.163102609054E-15,-1.62483370439E-15));
#4075 = VECTOR('',#4076,1.);
#4076 = DIRECTION('',(-0.601815023152,0.798635510047));
#4077 = ( GEOMETRIC_REPRESENTATION_CONTEXT(2) 
PARAMETRIC_REPRESENTATION_CONTEXT() REPRESENTATION_CONTEXT('2D SPACE',''
  ) );
#4078 = ORIENTED_EDGE('',*,*,#3621,.T.);
#4079 = ORIENTED_EDGE('',*,*,#1154,.T.);
#4080 = ORIENTED_EDGE('',*,*,#4013,.F.);
#4081 = ADVANCED_FACE('',(#4082),#1120,.F.);
#4082 = FACE_BOUND('',#4083,.F.);
#4083 = EDGE_LOOP('',(#4084,#4085,#4107,#4126));
#4084 = ORIENTED_EDGE('',*,*,#3601,.F.);
#4085 = ORIENTED_EDGE('',*,*,#4086,.F.);
#4086 = EDGE_CURVE('',#4087,#3574,#4089,.T.);
#4087 = VERTEX_POINT('',#4088);
#4088 = CARTESIAN_POINT('',(-20.16080327559,-26.75428958658,30.));
#4089 = SURFACE_CURVE('',#4090,(#4094,#4100),.PCURVE_S1.);
#4090 = LINE('',#4091,#4092);
#4091 = CARTESIAN_POINT('',(-33.40073378493,-44.32427080762,30.));
#4092 = VECTOR('',#4093,1.);
#4093 = DIRECTION('',(-0.601815023152,-0.798635510047,0.));
#4094 = PCURVE('',#1120,#4095);
#4095 = DEFINITIONAL_REPRESENTATION('',(#4096),#4099);
#4096 = B_SPLINE_CURVE_WITH_KNOTS('',1,(#4097,#4098),.UNSPECIFIED.,.F.,
  .F.,(2,2),(-55.5,-9.17098064822),.PIECEWISE_BEZIER_KNOTS.);
#4097 = CARTESIAN_POINT('',(111.,-31.));
#4098 = CARTESIAN_POINT('',(64.67098064822,-31.));
#4099 = ( GEOMETRIC_REPRESENTATION_CONTEXT(2) 
PARAMETRIC_REPRESENTATION_CONTEXT() REPRESENTATION_CONTEXT('2D SPACE',''
  ) );
#4100 = PCURVE('',#3589,#4101);
#4101 = DEFINITIONAL_REPRESENTATION('',(#4102),#4106);
#4102 = LINE('',#4103,#4104);
#4103 = CARTESIAN_POINT('',(-33.40073378493,-44.32427080762));
#4104 = VECTOR('',#4105,1.);
#4105 = DIRECTION('',(-0.601815023152,-0.798635510047));
#4106 = ( GEOMETRIC_REPRESENTATION_CONTEXT(2) 
PARAMETRIC_REPRESENTATION_CONTEXT() REPRESENTATION_CONTEXT('2D SPACE',''
  ) );
#4107 = ORIENTED_EDGE('',*,*,#4108,.T.);
#4108 = EDGE_CURVE('',#4087,#1073,#4109,.T.);
#4109 = SURFACE_CURVE('',#4110,(#4114,#4120),.PCURVE_S1.);
#4110 = LINE('',#4111,#4112);
#4111 = CARTESIAN_POINT('',(-20.16080327559,-26.75428958658,0.));
#4112 = VECTOR('',#4113,1.);
#4113 = DIRECTION('',(-0.,-0.,-1.));
#4114 = PCURVE('',#1120,#4115);
#4115 = DEFINITIONAL_REPRESENTATION('',(#4116),#4119);
#4116 = B_SPLINE_CURVE_WITH_KNOTS('',1,(#4117,#4118),.UNSPECIFIED.,.F.,
  .F.,(2,2),(-30.0000006,6.E-07),.PIECEWISE_BEZIER_KNOTS.);
#4117 = CARTESIAN_POINT('',(77.5,-31.0000006));
#4118 = CARTESIAN_POINT('',(77.5,-0.9999994));
#4119 = ( GEOMETRIC_REPRESENTATION_CONTEXT(2) 
PARAMETRIC_REPRESENTATION_CONTEXT() REPRESENTATION_CONTEXT('2D SPACE',''
  ) );
#4120 = PCURVE('',#1093,#4121);
#4121 = DEFINITIONAL_REPRESENTATION('',(#4122),#4125);
#4122 = B_SPLINE_CURVE_WITH_KNOTS('',1,(#4123,#4124),.UNSPECIFIED.,.F.,
  .F.,(2,2),(-30.0000006,6.E-07),.PIECEWISE_BEZIER_KNOTS.);
#4123 = CARTESIAN_POINT('',(-4.066617157147,-30.0000006));
#4124 = CARTESIAN_POINT('',(-4.066617157147,6.E-07));
#4125 = ( GEOMETRIC_REPRESENTATION_CONTEXT(2) 
PARAMETRIC_REPRESENTATION_CONTEXT() REPRESENTATION_CONTEXT('2D SPACE',''
  ) );
#4126 = ORIENTED_EDGE('',*,*,#1105,.T.);
#4127 = ADVANCED_FACE('',(#4128),#1093,.F.);
#4128 = FACE_BOUND('',#4129,.T.);
#4129 = EDGE_LOOP('',(#4130,#4131,#4132,#4153));
#4130 = ORIENTED_EDGE('',*,*,#4108,.T.);
#4131 = ORIENTED_EDGE('',*,*,#1072,.T.);
#4132 = ORIENTED_EDGE('',*,*,#4133,.F.);
#4133 = EDGE_CURVE('',#4134,#1040,#4136,.T.);
#4134 = VERTEX_POINT('',#4135);
#4135 = CARTESIAN_POINT('',(-21.63145765487,-25.57987567845,30.));
#4136 = SURFACE_CURVE('',#4137,(#4141,#4147),.PCURVE_S1.);
#4137 = LINE('',#4138,#4139);
#4138 = CARTESIAN_POINT('',(-21.63145765487,-25.57987567845,0.));
#4139 = VECTOR('',#4140,1.);
#4140 = DIRECTION('',(-0.,-0.,-1.));
#4141 = PCURVE('',#1093,#4142);
#4142 = DEFINITIONAL_REPRESENTATION('',(#4143),#4146);
#4143 = B_SPLINE_CURVE_WITH_KNOTS('',1,(#4144,#4145),.UNSPECIFIED.,.F.,
  .F.,(2,2),(-30.0000006,-7.9999994),.PIECEWISE_BEZIER_KNOTS.);
#4144 = CARTESIAN_POINT('',(-4.010429485474,-30.0000006));
#4145 = CARTESIAN_POINT('',(-4.010429485474,-7.9999994));
#4146 = ( GEOMETRIC_REPRESENTATION_CONTEXT(2) 
PARAMETRIC_REPRESENTATION_CONTEXT() REPRESENTATION_CONTEXT('2D SPACE',''
  ) );
#4147 = PCURVE('',#1060,#4148);
#4148 = DEFINITIONAL_REPRESENTATION('',(#4149),#4152);
#4149 = B_SPLINE_CURVE_WITH_KNOTS('',1,(#4150,#4151),.UNSPECIFIED.,.F.,
  .F.,(2,2),(-30.,-8.),.PIECEWISE_BEZIER_KNOTS.);
#4150 = CARTESIAN_POINT('',(-4.987256552716,-23.));
#4151 = CARTESIAN_POINT('',(-4.987256552716,-1.));
#4152 = ( GEOMETRIC_REPRESENTATION_CONTEXT(2) 
PARAMETRIC_REPRESENTATION_CONTEXT() REPRESENTATION_CONTEXT('2D SPACE',''
  ) );
#4153 = ORIENTED_EDGE('',*,*,#4154,.T.);
#4154 = EDGE_CURVE('',#4134,#4087,#4155,.T.);
#4155 = SURFACE_CURVE('',#4156,(#4161,#4168),.PCURVE_S1.);
#4156 = CIRCLE('',#4157,33.5);
#4157 = AXIS2_PLACEMENT_3D('',#4158,#4159,#4160);
#4158 = CARTESIAN_POINT('',(1.75139182436E-13,1.53630861786E-15,30.));
#4159 = DIRECTION('',(0.,0.,1.));
#4160 = DIRECTION('',(1.,0.,0.));
#4161 = PCURVE('',#1093,#4162);
#4162 = DEFINITIONAL_REPRESENTATION('',(#4163),#4167);
#4163 = LINE('',#4164,#4165);
#4164 = CARTESIAN_POINT('',(-0.,-30.));
#4165 = VECTOR('',#4166,1.);
#4166 = DIRECTION('',(-1.,0.));
#4167 = ( GEOMETRIC_REPRESENTATION_CONTEXT(2) 
PARAMETRIC_REPRESENTATION_CONTEXT() REPRESENTATION_CONTEXT('2D SPACE',''
  ) );
#4168 = PCURVE('',#3589,#4169);
#4169 = DEFINITIONAL_REPRESENTATION('',(#4170),#4174);
#4170 = CIRCLE('',#4171,33.5);
#4171 = AXIS2_PLACEMENT_2D('',#4172,#4173);
#4172 = CARTESIAN_POINT('',(1.775044842869E-13,-1.68389736495E-15));
#4173 = DIRECTION('',(1.,0.));
#4174 = ( GEOMETRIC_REPRESENTATION_CONTEXT(2) 
PARAMETRIC_REPRESENTATION_CONTEXT() REPRESENTATION_CONTEXT('2D SPACE',''
  ) );
#4175 = ADVANCED_FACE('',(#4176),#1060,.T.);
#4176 = FACE_BOUND('',#4177,.F.);
#4177 = EDGE_LOOP('',(#4178,#4202,#4221,#4222));
#4178 = ORIENTED_EDGE('',*,*,#4179,.T.);
#4179 = EDGE_CURVE('',#4134,#4180,#4182,.T.);
#4180 = VERTEX_POINT('',#4181);
#4181 = CARTESIAN_POINT('',(-25.57987567845,-21.63145765487,30.));
#4182 = SURFACE_CURVE('',#4183,(#4188,#4195),.PCURVE_S1.);
#4183 = CIRCLE('',#4184,3.2);
#4184 = AXIS2_PLACEMENT_3D('',#4185,#4186,#4187);
#4185 = CARTESIAN_POINT('',(-22.5,-22.5,30.));
#4186 = DIRECTION('',(-0.,0.,1.));
#4187 = DIRECTION('',(0.27141948285,-0.962461149517,0.));
#4188 = PCURVE('',#1060,#4189);
#4189 = DEFINITIONAL_REPRESENTATION('',(#4190),#4194);
#4190 = LINE('',#4191,#4192);
#4191 = CARTESIAN_POINT('',(-4.987256552716,-23.));
#4192 = VECTOR('',#4193,1.);
#4193 = DIRECTION('',(-1.,0.));
#4194 = ( GEOMETRIC_REPRESENTATION_CONTEXT(2) 
PARAMETRIC_REPRESENTATION_CONTEXT() REPRESENTATION_CONTEXT('2D SPACE',''
  ) );
#4195 = PCURVE('',#3589,#4196);
#4196 = DEFINITIONAL_REPRESENTATION('',(#4197),#4201);
#4197 = CIRCLE('',#4198,3.2);
#4198 = AXIS2_PLACEMENT_2D('',#4199,#4200);
#4199 = CARTESIAN_POINT('',(-22.5,-22.5));
#4200 = DIRECTION('',(0.27141948285,-0.962461149517));
#4201 = ( GEOMETRIC_REPRESENTATION_CONTEXT(2) 
PARAMETRIC_REPRESENTATION_CONTEXT() REPRESENTATION_CONTEXT('2D SPACE',''
  ) );
#4202 = ORIENTED_EDGE('',*,*,#4203,.T.);
#4203 = EDGE_CURVE('',#4180,#1007,#4204,.T.);
#4204 = SURFACE_CURVE('',#4205,(#4209,#4215),.PCURVE_S1.);
#4205 = LINE('',#4206,#4207);
#4206 = CARTESIAN_POINT('',(-25.57987567845,-21.63145765487,0.));
#4207 = VECTOR('',#4208,1.);
#4208 = DIRECTION('',(-0.,-0.,-1.));
#4209 = PCURVE('',#1060,#4210);
#4210 = DEFINITIONAL_REPRESENTATION('',(#4211),#4214);
#4211 = B_SPLINE_CURVE_WITH_KNOTS('',1,(#4212,#4213),.UNSPECIFIED.,.F.,
  .F.,(2,2),(-30.,-8.),.PIECEWISE_BEZIER_KNOTS.);
#4212 = CARTESIAN_POINT('',(-9.149910388438,-23.));
#4213 = CARTESIAN_POINT('',(-9.149910388438,-1.));
#4214 = ( GEOMETRIC_REPRESENTATION_CONTEXT(2) 
PARAMETRIC_REPRESENTATION_CONTEXT() REPRESENTATION_CONTEXT('2D SPACE',''
  ) );
#4215 = PCURVE('',#1027,#4216);
#4216 = DEFINITIONAL_REPRESENTATION('',(#4217),#4220);
#4217 = B_SPLINE_CURVE_WITH_KNOTS('',1,(#4218,#4219),.UNSPECIFIED.,.F.,
  .F.,(2,2),(-30.0000006,-7.9999994),.PIECEWISE_BEZIER_KNOTS.);
#4218 = CARTESIAN_POINT('',(-3.843552148501,-30.0000006));
#4219 = CARTESIAN_POINT('',(-3.843552148501,-7.9999994));
#4220 = ( GEOMETRIC_REPRESENTATION_CONTEXT(2) 
PARAMETRIC_REPRESENTATION_CONTEXT() REPRESENTATION_CONTEXT('2D SPACE',''
  ) );
#4221 = ORIENTED_EDGE('',*,*,#1039,.T.);
#4222 = ORIENTED_EDGE('',*,*,#4133,.F.);
#4223 = ADVANCED_FACE('',(#4224),#1027,.F.);
#4224 = FACE_BOUND('',#4225,.T.);
#4225 = EDGE_LOOP('',(#4226,#4227,#4228,#4249));
#4226 = ORIENTED_EDGE('',*,*,#4203,.T.);
#4227 = ORIENTED_EDGE('',*,*,#1006,.T.);
#4228 = ORIENTED_EDGE('',*,*,#4229,.F.);
#4229 = EDGE_CURVE('',#4230,#981,#4232,.T.);
#4230 = VERTEX_POINT('',#4231);
#4231 = CARTESIAN_POINT('',(-26.75428958658,-20.16080327559,30.));
#4232 = SURFACE_CURVE('',#4233,(#4237,#4243),.PCURVE_S1.);
#4233 = LINE('',#4234,#4235);
#4234 = CARTESIAN_POINT('',(-26.75428958658,-20.16080327559,0.));
#4235 = VECTOR('',#4236,1.);
#4236 = DIRECTION('',(-0.,-0.,-1.));
#4237 = PCURVE('',#1027,#4238);
#4238 = DEFINITIONAL_REPRESENTATION('',(#4239),#4242);
#4239 = B_SPLINE_CURVE_WITH_KNOTS('',1,(#4240,#4241),.UNSPECIFIED.,.F.,
  .F.,(2,2),(-30.0000006,6.E-07),.PIECEWISE_BEZIER_KNOTS.);
#4240 = CARTESIAN_POINT('',(-3.787364476828,-30.0000006));
#4241 = CARTESIAN_POINT('',(-3.787364476828,6.E-07));
#4242 = ( GEOMETRIC_REPRESENTATION_CONTEXT(2) 
PARAMETRIC_REPRESENTATION_CONTEXT() REPRESENTATION_CONTEXT('2D SPACE',''
  ) );
#4243 = PCURVE('',#995,#4244);
#4244 = DEFINITIONAL_REPRESENTATION('',(#4245),#4248);
#4245 = B_SPLINE_CURVE_WITH_KNOTS('',1,(#4246,#4247),.UNSPECIFIED.,.F.,
  .F.,(2,2),(-30.0000006,6.E-07),.PIECEWISE_BEZIER_KNOTS.);
#4246 = CARTESIAN_POINT('',(33.5,-31.0000006));
#4247 = CARTESIAN_POINT('',(33.5,-0.9999994));
#4248 = ( GEOMETRIC_REPRESENTATION_CONTEXT(2) 
PARAMETRIC_REPRESENTATION_CONTEXT() REPRESENTATION_CONTEXT('2D SPACE',''
  ) );
#4249 = ORIENTED_EDGE('',*,*,#4250,.T.);
#4250 = EDGE_CURVE('',#4230,#4180,#4251,.T.);
#4251 = SURFACE_CURVE('',#4252,(#4257,#4264),.PCURVE_S1.);
#4252 = CIRCLE('',#4253,33.5);
#4253 = AXIS2_PLACEMENT_3D('',#4254,#4255,#4256);
#4254 = CARTESIAN_POINT('',(1.75139182436E-13,1.53630861786E-15,30.));
#4255 = DIRECTION('',(0.,0.,1.));
#4256 = DIRECTION('',(1.,0.,0.));
#4257 = PCURVE('',#1027,#4258);
#4258 = DEFINITIONAL_REPRESENTATION('',(#4259),#4263);
#4259 = LINE('',#4260,#4261);
#4260 = CARTESIAN_POINT('',(-0.,-30.));
#4261 = VECTOR('',#4262,1.);
#4262 = DIRECTION('',(-1.,0.));
#4263 = ( GEOMETRIC_REPRESENTATION_CONTEXT(2) 
PARAMETRIC_REPRESENTATION_CONTEXT() REPRESENTATION_CONTEXT('2D SPACE',''
  ) );
#4264 = PCURVE('',#3589,#4265);
#4265 = DEFINITIONAL_REPRESENTATION('',(#4266),#4270);
#4266 = CIRCLE('',#4267,33.5);
#4267 = AXIS2_PLACEMENT_2D('',#4268,#4269);
#4268 = CARTESIAN_POINT('',(1.775044842869E-13,-1.68389736495E-15));
#4269 = DIRECTION('',(1.,0.));
#4270 = ( GEOMETRIC_REPRESENTATION_CONTEXT(2) 
PARAMETRIC_REPRESENTATION_CONTEXT() REPRESENTATION_CONTEXT('2D SPACE',''
  ) );
#4271 = ADVANCED_FACE('',(#4272),#995,.F.);
#4272 = FACE_BOUND('',#4273,.F.);
#4273 = EDGE_LOOP('',(#4274,#4294,#4295,#4296));
#4274 = ORIENTED_EDGE('',*,*,#4275,.F.);
#4275 = EDGE_CURVE('',#3553,#4230,#4276,.T.);
#4276 = SURFACE_CURVE('',#4277,(#4281,#4287),.PCURVE_S1.);
#4277 = LINE('',#4278,#4279);
#4278 = CARTESIAN_POINT('',(1.954831638548E-17,1.473071298497E-17,30.));
#4279 = VECTOR('',#4280,1.);
#4280 = DIRECTION('',(0.798635510047,0.601815023152,-0.));
#4281 = PCURVE('',#995,#4282);
#4282 = DEFINITIONAL_REPRESENTATION('',(#4283),#4286);
#4283 = B_SPLINE_CURVE_WITH_KNOTS('',1,(#4284,#4285),.UNSPECIFIED.,.F.,
  .F.,(2,2),(-46.32901935178,-2.447714400318E-17),
  .PIECEWISE_BEZIER_KNOTS.);
#4284 = CARTESIAN_POINT('',(46.32901935178,-31.));
#4285 = CARTESIAN_POINT('',(0.,-31.));
#4286 = ( GEOMETRIC_REPRESENTATION_CONTEXT(2) 
PARAMETRIC_REPRESENTATION_CONTEXT() REPRESENTATION_CONTEXT('2D SPACE',''
  ) );
#4287 = PCURVE('',#3589,#4288);
#4288 = DEFINITIONAL_REPRESENTATION('',(#4289),#4293);
#4289 = LINE('',#4290,#4291);
#4290 = CARTESIAN_POINT('',(2.384850167264E-15,-3.205475269825E-15));
#4291 = VECTOR('',#4292,1.);
#4292 = DIRECTION('',(0.798635510047,0.601815023152));
#4293 = ( GEOMETRIC_REPRESENTATION_CONTEXT(2) 
PARAMETRIC_REPRESENTATION_CONTEXT() REPRESENTATION_CONTEXT('2D SPACE',''
  ) );
#4294 = ORIENTED_EDGE('',*,*,#3552,.T.);
#4295 = ORIENTED_EDGE('',*,*,#980,.T.);
#4296 = ORIENTED_EDGE('',*,*,#4229,.F.);
#4297 = ADVANCED_FACE('',(#4298),#941,.T.);
#4298 = FACE_BOUND('',#4299,.T.);
#4299 = EDGE_LOOP('',(#4300,#4301,#4320,#4321));
#4300 = ORIENTED_EDGE('',*,*,#926,.F.);
#4301 = ORIENTED_EDGE('',*,*,#4302,.T.);
#4302 = EDGE_CURVE('',#894,#2043,#4303,.T.);
#4303 = SURFACE_CURVE('',#4304,(#4308,#4314),.PCURVE_S1.);
#4304 = LINE('',#4305,#4306);
#4305 = CARTESIAN_POINT('',(-27.7108053415,-16.98120335326,-1.));
#4306 = VECTOR('',#4307,1.);
#4307 = DIRECTION('',(-0.,-0.,-1.));
#4308 = PCURVE('',#941,#4309);
#4309 = DEFINITIONAL_REPRESENTATION('',(#4310),#4313);
#4310 = B_SPLINE_CURVE_WITH_KNOTS('',1,(#4311,#4312),.UNSPECIFIED.,.F.,
  .F.,(2,2),(-10.0000006,5.999999999062E-07),.PIECEWISE_BEZIER_KNOTS.);
#4311 = CARTESIAN_POINT('',(81.5,-11.0000006));
#4312 = CARTESIAN_POINT('',(81.5,-0.9999994));
#4313 = ( GEOMETRIC_REPRESENTATION_CONTEXT(2) 
PARAMETRIC_REPRESENTATION_CONTEXT() REPRESENTATION_CONTEXT('2D SPACE',''
  ) );
#4314 = PCURVE('',#914,#4315);
#4315 = DEFINITIONAL_REPRESENTATION('',(#4316),#4319);
#4316 = B_SPLINE_CURVE_WITH_KNOTS('',1,(#4317,#4318),.UNSPECIFIED.,.F.,
  .F.,(2,2),(-10.0000006,5.999999999062E-07),.PIECEWISE_BEZIER_KNOTS.);
#4317 = CARTESIAN_POINT('',(-3.691371367968,-10.0000006));
#4318 = CARTESIAN_POINT('',(-3.691371367968,5.999999999062E-07));
#4319 = ( GEOMETRIC_REPRESENTATION_CONTEXT(2) 
PARAMETRIC_REPRESENTATION_CONTEXT() REPRESENTATION_CONTEXT('2D SPACE',''
  ) );
#4320 = ORIENTED_EDGE('',*,*,#2070,.T.);
#4321 = ORIENTED_EDGE('',*,*,#3532,.F.);
#4322 = ADVANCED_FACE('',(#4323),#914,.T.);
#4323 = FACE_BOUND('',#4324,.F.);
#4324 = EDGE_LOOP('',(#4325,#4326,#4345,#4346));
#4325 = ORIENTED_EDGE('',*,*,#2042,.T.);
#4326 = ORIENTED_EDGE('',*,*,#4327,.F.);
#4327 = EDGE_CURVE('',#868,#2022,#4328,.T.);
#4328 = SURFACE_CURVE('',#4329,(#4333,#4339),.PCURVE_S1.);
#4329 = LINE('',#4330,#4331);
#4330 = CARTESIAN_POINT('',(-31.60202241292,-7.586974325317,-1.));
#4331 = VECTOR('',#4332,1.);
#4332 = DIRECTION('',(-0.,-0.,-1.));
#4333 = PCURVE('',#914,#4334);
#4334 = DEFINITIONAL_REPRESENTATION('',(#4335),#4338);
#4335 = B_SPLINE_CURVE_WITH_KNOTS('',1,(#4336,#4337),.UNSPECIFIED.,.F.,
  .F.,(2,2),(-10.0000006,5.999999999062E-07),.PIECEWISE_BEZIER_KNOTS.);
#4336 = CARTESIAN_POINT('',(-3.377212102609,-10.0000006));
#4337 = CARTESIAN_POINT('',(-3.377212102609,5.999999999062E-07));
#4338 = ( GEOMETRIC_REPRESENTATION_CONTEXT(2) 
PARAMETRIC_REPRESENTATION_CONTEXT() REPRESENTATION_CONTEXT('2D SPACE',''
  ) );
#4339 = PCURVE('',#882,#4340);
#4340 = DEFINITIONAL_REPRESENTATION('',(#4341),#4344);
#4341 = B_SPLINE_CURVE_WITH_KNOTS('',1,(#4342,#4343),.UNSPECIFIED.,.F.,
  .F.,(2,2),(-10.0000006,5.999999999062E-07),.PIECEWISE_BEZIER_KNOTS.);
#4342 = CARTESIAN_POINT('',(32.5,-11.0000006));
#4343 = CARTESIAN_POINT('',(32.5,-0.9999994));
#4344 = ( GEOMETRIC_REPRESENTATION_CONTEXT(2) 
PARAMETRIC_REPRESENTATION_CONTEXT() REPRESENTATION_CONTEXT('2D SPACE',''
  ) );
#4345 = ORIENTED_EDGE('',*,*,#893,.F.);
#4346 = ORIENTED_EDGE('',*,*,#4302,.T.);
#4347 = ADVANCED_FACE('',(#4348),#882,.T.);
#4348 = FACE_BOUND('',#4349,.T.);
#4349 = EDGE_LOOP('',(#4350,#4351,#4352,#4371));
#4350 = ORIENTED_EDGE('',*,*,#4327,.F.);
#4351 = ORIENTED_EDGE('',*,*,#867,.F.);
#4352 = ORIENTED_EDGE('',*,*,#4353,.T.);
#4353 = EDGE_CURVE('',#840,#1998,#4354,.T.);
#4354 = SURFACE_CURVE('',#4355,(#4359,#4365),.PCURVE_S1.);
#4355 = LINE('',#4356,#4357);
#4356 = CARTESIAN_POINT('',(-35.97768705471,-8.637478462668,0.));
#4357 = VECTOR('',#4358,1.);
#4358 = DIRECTION('',(0.,-0.,-1.));
#4359 = PCURVE('',#882,#4360);
#4360 = DEFINITIONAL_REPRESENTATION('',(#4361),#4364);
#4361 = B_SPLINE_CURVE_WITH_KNOTS('',1,(#4362,#4363),.UNSPECIFIED.,.F.,
  .F.,(2,2),(-10.,6.E-07),.PIECEWISE_BEZIER_KNOTS.);
#4362 = CARTESIAN_POINT('',(37.,-12.));
#4363 = CARTESIAN_POINT('',(37.,-1.9999994));
#4364 = ( GEOMETRIC_REPRESENTATION_CONTEXT(2) 
PARAMETRIC_REPRESENTATION_CONTEXT() REPRESENTATION_CONTEXT('2D SPACE',''
  ) );
#4365 = PCURVE('',#856,#4366);
#4366 = DEFINITIONAL_REPRESENTATION('',(#4367),#4370);
#4367 = B_SPLINE_CURVE_WITH_KNOTS('',1,(#4368,#4369),.UNSPECIFIED.,.F.,
  .F.,(2,2),(-10.,6.E-07),.PIECEWISE_BEZIER_KNOTS.);
#4368 = CARTESIAN_POINT('',(-3.255039054969,-10.));
#4369 = CARTESIAN_POINT('',(-3.255039054969,6.E-07));
#4370 = ( GEOMETRIC_REPRESENTATION_CONTEXT(2) 
PARAMETRIC_REPRESENTATION_CONTEXT() REPRESENTATION_CONTEXT('2D SPACE',''
  ) );
#4371 = ORIENTED_EDGE('',*,*,#2021,.T.);
#4372 = ADVANCED_FACE('',(#4373,#4397),#856,.T.);
#4373 = FACE_BOUND('',#4374,.F.);
#4374 = EDGE_LOOP('',(#4375,#4394,#4395,#4396));
#4375 = ORIENTED_EDGE('',*,*,#4376,.F.);
#4376 = EDGE_CURVE('',#814,#1977,#4377,.T.);
#4377 = SURFACE_CURVE('',#4378,(#4382,#4388),.PCURVE_S1.);
#4378 = LINE('',#4379,#4380);
#4379 = CARTESIAN_POINT('',(-35.97768705471,8.637478462669,0.));
#4380 = VECTOR('',#4381,1.);
#4381 = DIRECTION('',(0.,-0.,-1.));
#4382 = PCURVE('',#856,#4383);
#4383 = DEFINITIONAL_REPRESENTATION('',(#4384),#4387);
#4384 = B_SPLINE_CURVE_WITH_KNOTS('',1,(#4385,#4386),.UNSPECIFIED.,.F.,
  .F.,(2,2),(-10.,6.E-07),.PIECEWISE_BEZIER_KNOTS.);
#4385 = CARTESIAN_POINT('',(-2.783800156931,-10.));
#4386 = CARTESIAN_POINT('',(-2.783800156931,6.E-07));
#4387 = ( GEOMETRIC_REPRESENTATION_CONTEXT(2) 
PARAMETRIC_REPRESENTATION_CONTEXT() REPRESENTATION_CONTEXT('2D SPACE',''
  ) );
#4388 = PCURVE('',#828,#4389);
#4389 = DEFINITIONAL_REPRESENTATION('',(#4390),#4393);
#4390 = B_SPLINE_CURVE_WITH_KNOTS('',1,(#4391,#4392),.UNSPECIFIED.,.F.,
  .F.,(2,2),(-10.,6.E-07),.PIECEWISE_BEZIER_KNOTS.);
#4391 = CARTESIAN_POINT('',(77.,-12.));
#4392 = CARTESIAN_POINT('',(77.,-1.9999994));
#4393 = ( GEOMETRIC_REPRESENTATION_CONTEXT(2) 
PARAMETRIC_REPRESENTATION_CONTEXT() REPRESENTATION_CONTEXT('2D SPACE',''
  ) );
#4394 = ORIENTED_EDGE('',*,*,#839,.T.);
#4395 = ORIENTED_EDGE('',*,*,#4353,.T.);
#4396 = ORIENTED_EDGE('',*,*,#1997,.F.);
#4397 = FACE_BOUND('',#4398,.F.);
#4398 = EDGE_LOOP('',(#4399));
#4399 = ORIENTED_EDGE('',*,*,#4400,.T.);
#4400 = EDGE_CURVE('',#4401,#4401,#4403,.T.);
#4401 = VERTEX_POINT('',#4402);
#4402 = CARTESIAN_POINT('',(-36.94590640382,-2.,4.));
#4403 = SURFACE_CURVE('',#4404,(#4456,#4511),.PCURVE_S1.);
#4404 = B_SPLINE_CURVE_WITH_KNOTS('',8,(#4405,#4406,#4407,#4408,#4409,
    #4410,#4411,#4412,#4413,#4414,#4415,#4416,#4417,#4418,#4419,#4420,
    #4421,#4422,#4423,#4424,#4425,#4426,#4427,#4428,#4429,#4430,#4431,
    #4432,#4433,#4434,#4435,#4436,#4437,#4438,#4439,#4440,#4441,#4442,
    #4443,#4444,#4445,#4446,#4447,#4448,#4449,#4450,#4451,#4452,#4453,
    #4454,#4455),.UNSPECIFIED.,.T.,.F.,(9,7,7,7,7,7,7,9),(0.,
    0.153622367326,0.285704078161,0.42167618059,0.589529241435,
    0.714916860186,0.837271964959,1.),.UNSPECIFIED.);
#4405 = CARTESIAN_POINT('',(-36.94590640382,-2.,4.));
#4406 = CARTESIAN_POINT('',(-36.94590640382,-2.,4.208664920475));
#4407 = CARTESIAN_POINT('',(-36.94725319075,-1.975119131105,
    4.41723060774));
#4408 = CARTESIAN_POINT('',(-36.94994497484,-1.925400650079,
    4.623955227837));
#4409 = CARTESIAN_POINT('',(-36.95391523398,-1.850309835188,
    4.826957810588));
#4410 = CARTESIAN_POINT('',(-36.9590285487,-1.748916072709,
    5.023867546019));
#4411 = CARTESIAN_POINT('',(-36.96504358767,-1.620010629216,
    5.211587801684));
#4412 = CARTESIAN_POINT('',(-36.97156810493,-1.462304156939,
    5.385949248855));
#4413 = CARTESIAN_POINT('',(-36.9835873271,-1.113676575527,
    5.674359066549));
#4414 = CARTESIAN_POINT('',(-36.98928522774,-0.925091108359,
    5.797922613033));
#4415 = CARTESIAN_POINT('',(-36.9945512322,-0.711843107343,
    5.901346353986));
#4416 = CARTESIAN_POINT('',(-36.99869569283,-0.479059132576,
    5.976837988819));
#4417 = CARTESIAN_POINT('',(-37.00108166406,-0.233753368506,
    6.019208183015));
#4418 = CARTESIAN_POINT('',(-37.00141959398,1.608935449418E-02,
    6.025984665825));
#4419 = CARTESIAN_POINT('',(-36.99981734284,0.262287731126,
    5.997527699622));
#4420 = CARTESIAN_POINT('',(-36.99340313727,0.739396319819,
    5.875027034889));
#4421 = CARTESIAN_POINT('',(-36.98860288773,0.961840147285,
    5.781080972474));
#4422 = CARTESIAN_POINT('',(-36.98280311845,1.16210381436,5.661689617851
    ));
#4423 = CARTESIAN_POINT('',(-36.97658304269,1.338878071603,
    5.522274479845));
#4424 = CARTESIAN_POINT('',(-36.97044155341,1.491685098608,
    5.367579077783));
#4425 = CARTESIAN_POINT('',(-36.96475940782,1.620631533859,
    5.201811107332));
#4426 = CARTESIAN_POINT('',(-36.95980076595,1.726294534853,
    5.028706686816));
#4427 = CARTESIAN_POINT('',(-36.95067974798,1.912558735652,
    4.632875111332));
#4428 = CARTESIAN_POINT('',(-36.94692342359,1.982565233064,
    4.405710903277));
#4429 = CARTESIAN_POINT('',(-36.94473672741,2.02130818933,4.173779694955
    ));
#4430 = CARTESIAN_POINT('',(-36.94425307487,2.029627310238,
    3.939751260198));
#4431 = CARTESIAN_POINT('',(-36.94550817347,2.007655677627,
    3.706062171322));
#4432 = CARTESIAN_POINT('',(-36.9484452297,1.954905554214,3.475323139399
    ));
#4433 = CARTESIAN_POINT('',(-36.95288396969,1.870364348839,
    3.250680905195));
#4434 = CARTESIAN_POINT('',(-36.96263906853,1.664652401791,2.87649226263
    ));
#4435 = CARTESIAN_POINT('',(-36.9674890113,1.557321247592,2.720799716073
    ));
#4436 = CARTESIAN_POINT('',(-36.97286678718,1.429911305857,
    2.572341592758));
#4437 = CARTESIAN_POINT('',(-36.97853462965,1.282103620211,2.43433430505
    ));
#4438 = CARTESIAN_POINT('',(-36.98416767356,1.114001530272,
    2.310295912715));
#4439 = CARTESIAN_POINT('',(-36.98936140791,0.926199375776,
    2.204083192356));
#4440 = CARTESIAN_POINT('',(-36.9936647635,0.719935745743,2.119976338941
    ));
#4441 = CARTESIAN_POINT('',(-36.99957644659,0.280206344676,
    2.007073018376));
#4442 = CARTESIAN_POINT('',(-37.00117695561,5.273106576514E-02,
    1.978327197806));
#4443 = CARTESIAN_POINT('',(-37.00113654904,-0.178867027813,
    1.979689345897));
#4444 = CARTESIAN_POINT('',(-36.99933052274,-0.40779460415,
    2.011835528261));
#4445 = CARTESIAN_POINT('',(-36.99595530432,-0.627283231684,
    2.073114411592));
#4446 = CARTESIAN_POINT('',(-36.99146697642,-0.831272181857,
    2.159633204196));
#4447 = CARTESIAN_POINT('',(-36.98642352279,-1.015025062115,
    2.265322919618));
#4448 = CARTESIAN_POINT('',(-36.9745326511,-1.389090360879,
    2.537097267421));
#4449 = CARTESIAN_POINT('',(-36.96741089869,-1.568753720826,
    2.716829850119));
#4450 = CARTESIAN_POINT('',(-36.96071193232,-1.715379659866,
    2.913327327641));
#4451 = CARTESIAN_POINT('',(-36.95496209931,-1.830475821896,
    3.121170884921));
#4452 = CARTESIAN_POINT('',(-36.9504781949,-1.91555499493,3.336403221907
    ));
#4453 = CARTESIAN_POINT('',(-36.94743146344,-1.971824333399,
    3.556075654405));
#4454 = CARTESIAN_POINT('',(-36.94590640382,-2.,3.777949146038));
#4455 = CARTESIAN_POINT('',(-36.94590640382,-2.,4.));
#4456 = PCURVE('',#856,#4457);
#4457 = DEFINITIONAL_REPRESENTATION('',(#4458),#4510);
#4458 = B_SPLINE_CURVE_WITH_KNOTS('',8,(#4459,#4460,#4461,#4462,#4463,
    #4464,#4465,#4466,#4467,#4468,#4469,#4470,#4471,#4472,#4473,#4474,
    #4475,#4476,#4477,#4478,#4479,#4480,#4481,#4482,#4483,#4484,#4485,
    #4486,#4487,#4488,#4489,#4490,#4491,#4492,#4493,#4494,#4495,#4496,
    #4497,#4498,#4499,#4500,#4501,#4502,#4503,#4504,#4505,#4506,#4507,
    #4508,#4509),.UNSPECIFIED.,.F.,.F.,(9,7,7,7,7,7,7,9),(0.,
    0.153622367326,0.285704078161,0.42167618059,0.589529241435,
    0.714916860186,0.837271964959,1.),.UNSPECIFIED.);
#4459 = CARTESIAN_POINT('',(-3.073500017564,-4.));
#4460 = CARTESIAN_POINT('',(-3.073500017564,-4.208664920475));
#4461 = CARTESIAN_POINT('',(-3.072826577218,-4.41723060774));
#4462 = CARTESIAN_POINT('',(-3.071480866498,-4.623955227837));
#4463 = CARTESIAN_POINT('',(-3.069448552204,-4.826957810588));
#4464 = CARTESIAN_POINT('',(-3.066704715428,-5.023867546019));
#4465 = CARTESIAN_POINT('',(-3.063217053015,-5.211587801684));
#4466 = CARTESIAN_POINT('',(-3.058951170979,-5.385949248855));
#4467 = CARTESIAN_POINT('',(-3.049523205947,-5.674359066549));
#4468 = CARTESIAN_POINT('',(-3.044424021981,-5.797922613033));
#4469 = CARTESIAN_POINT('',(-3.038658953327,-5.901346353987));
#4470 = CARTESIAN_POINT('',(-3.032366815376,-5.976837988818));
#4471 = CARTESIAN_POINT('',(-3.025737074375,-6.019208183016));
#4472 = CARTESIAN_POINT('',(-3.018984908392,-6.025984665825));
#4473 = CARTESIAN_POINT('',(-3.012330917623,-5.997527699622));
#4474 = CARTESIAN_POINT('',(-2.999434925657,-5.875027034889));
#4475 = CARTESIAN_POINT('',(-2.993421730098,-5.781080972474));
#4476 = CARTESIAN_POINT('',(-2.988007151466,-5.661689617851));
#4477 = CARTESIAN_POINT('',(-2.983226655201,-5.522274479845));
#4478 = CARTESIAN_POINT('',(-2.979093464164,-5.367579077783));
#4479 = CARTESIAN_POINT('',(-2.975605069983,-5.201811107332));
#4480 = CARTESIAN_POINT('',(-2.972746175624,-5.028706686816));
#4481 = CARTESIAN_POINT('',(-2.967705975978,-4.632875111332));
#4482 = CARTESIAN_POINT('',(-2.965811207022,-4.405710903277));
#4483 = CARTESIAN_POINT('',(-2.964762431763,-4.173779694955));
#4484 = CARTESIAN_POINT('',(-2.964537206246,-3.939751260198));
#4485 = CARTESIAN_POINT('',(-2.965132008597,-3.706062171322));
#4486 = CARTESIAN_POINT('',(-2.966559894921,-3.475323139399));
#4487 = CARTESIAN_POINT('',(-2.968847910541,-3.250680905195));
#4488 = CARTESIAN_POINT('',(-2.974413940709,-2.87649226263));
#4489 = CARTESIAN_POINT('',(-2.977317735815,-2.720799716073));
#4490 = CARTESIAN_POINT('',(-2.98076428646,-2.572341592758));
#4491 = CARTESIAN_POINT('',(-2.984761962428,-2.43433430505));
#4492 = CARTESIAN_POINT('',(-2.989307687278,-2.310295912715));
#4493 = CARTESIAN_POINT('',(-2.994385182463,-2.204083192357));
#4494 = CARTESIAN_POINT('',(-2.999960934647,-2.119976338941));
#4495 = CARTESIAN_POINT('',(-3.011846587008,-2.007073018376));
#4496 = CARTESIAN_POINT('',(-3.017994594965,-1.978327197806));
#4497 = CARTESIAN_POINT('',(-3.024253725097,-1.979689345897));
#4498 = CARTESIAN_POINT('',(-3.030440797554,-2.011835528261));
#4499 = CARTESIAN_POINT('',(-3.036373339375,-2.073114411592));
#4500 = CARTESIAN_POINT('',(-3.041887755716,-2.159633204196));
#4501 = CARTESIAN_POINT('',(-3.046855871942,-2.265322919618));
#4502 = CARTESIAN_POINT('',(-3.056970851561,-2.537097267421));
#4503 = CARTESIAN_POINT('',(-3.061830281858,-2.716829850119));
#4504 = CARTESIAN_POINT('',(-3.065797191153,-2.913327327641));
#4505 = CARTESIAN_POINT('',(-3.068911751969,-3.121170884921));
#4506 = CARTESIAN_POINT('',(-3.071214378048,-3.336403221908));
#4507 = CARTESIAN_POINT('',(-3.072737398257,-3.556075654405));
#4508 = CARTESIAN_POINT('',(-3.073500017564,-3.777949146038));
#4509 = CARTESIAN_POINT('',(-3.073500017564,-4.));
#4510 = ( GEOMETRIC_REPRESENTATION_CONTEXT(2) 
PARAMETRIC_REPRESENTATION_CONTEXT() REPRESENTATION_CONTEXT('2D SPACE',''
  ) );
#4511 = PCURVE('',#4512,#4517);
#4512 = CYLINDRICAL_SURFACE('',#4513,2.);
#4513 = AXIS2_PLACEMENT_3D('',#4514,#4515,#4516);
#4514 = CARTESIAN_POINT('',(-31.,3.796405077357E-15,4.));
#4515 = DIRECTION('',(1.,-1.224646799147E-16,-0.));
#4516 = DIRECTION('',(-1.224646799147E-16,-1.,0.));
#4517 = DEFINITIONAL_REPRESENTATION('',(#4518),#4570);
#4518 = B_SPLINE_CURVE_WITH_KNOTS('',8,(#4519,#4520,#4521,#4522,#4523,
    #4524,#4525,#4526,#4527,#4528,#4529,#4530,#4531,#4532,#4533,#4534,
    #4535,#4536,#4537,#4538,#4539,#4540,#4541,#4542,#4543,#4544,#4545,
    #4546,#4547,#4548,#4549,#4550,#4551,#4552,#4553,#4554,#4555,#4556,
    #4557,#4558,#4559,#4560,#4561,#4562,#4563,#4564,#4565,#4566,#4567,
    #4568,#4569),.UNSPECIFIED.,.F.,.F.,(9,7,7,7,7,7,7,9),(0.,
    0.153622367326,0.285704078161,0.42167618059,0.589529241435,
    0.714916860186,0.837271964959,1.),.UNSPECIFIED.);
#4519 = CARTESIAN_POINT('',(0.,-5.945906403822));
#4520 = CARTESIAN_POINT('',(-0.104332460238,-5.945906403822));
#4521 = CARTESIAN_POINT('',(-0.2086148419,-5.947253190751));
#4522 = CARTESIAN_POINT('',(-0.31370943671,-5.949944974849));
#4523 = CARTESIAN_POINT('',(-0.420393206272,-5.953915233982));
#4524 = CARTESIAN_POINT('',(-0.529443249125,-5.959028548703));
#4525 = CARTESIAN_POINT('',(-0.641672928752,-5.965043587671));
#4526 = CARTESIAN_POINT('',(-0.758002233958,-5.971568104932));
#4527 = CARTESIAN_POINT('',(-0.984232986434,-5.983587327103));
#4528 = CARTESIAN_POINT('',(-1.09626815682,-5.989285227744));
#4529 = CARTESIAN_POINT('',(-1.213127759176,-5.994551232202));
#4530 = CARTESIAN_POINT('',(-1.333146800216,-5.998695692839));
#4531 = CARTESIAN_POINT('',(-1.455118057113,-6.001081664067));
#4532 = CARTESIAN_POINT('',(-1.577994497695,-6.001419593982));
#4533 = CARTESIAN_POINT('',(-1.700765009838,-5.999817342846));
#4534 = CARTESIAN_POINT('',(-1.947057020602,-5.993403137272));
#4535 = CARTESIAN_POINT('',(-2.066467095213,-5.988602887739));
#4536 = CARTESIAN_POINT('',(-2.181266943979,-5.982803118459));
#4537 = CARTESIAN_POINT('',(-2.292031583034,-5.976583042698));
#4538 = CARTESIAN_POINT('',(-2.399191391034,-5.970441553417));
#4539 = CARTESIAN_POINT('',(-2.503070456498,-5.964759407828));
#4540 = CARTESIAN_POINT('',(-2.603879094486,-5.959800765958));
#4541 = CARTESIAN_POINT('',(-2.822612373075,-5.95067974798));
#4542 = CARTESIAN_POINT('',(-2.940288500223,-5.946923423597));
#4543 = CARTESIAN_POINT('',(-3.056152616478,-5.944736727412));
#4544 = CARTESIAN_POINT('',(-3.171281217442,-5.94425307487));
#4545 = CARTESIAN_POINT('',(-3.286658870335,-5.945508173478));
#4546 = CARTESIAN_POINT('',(-3.403244836043,-5.948445229706));
#4547 = CARTESIAN_POINT('',(-3.522036693814,-5.952883969695));
#4548 = CARTESIAN_POINT('',(-3.735539940501,-5.96263906853));
#4549 = CARTESIAN_POINT('',(-3.829610363918,-5.967489011306));
#4550 = CARTESIAN_POINT('',(-3.92650871188,-5.972866787183));
#4551 = CARTESIAN_POINT('',(-4.026353089729,-5.97853462965));
#4552 = CARTESIAN_POINT('',(-4.129356814205,-5.98416767356));
#4553 = CARTESIAN_POINT('',(-4.235823819264,-5.989361407915));
#4554 = CARTESIAN_POINT('',(-4.346174183955,-5.993664763505));
#4555 = CARTESIAN_POINT('',(-4.573170387644,-5.999576446594));
#4556 = CARTESIAN_POINT('',(-4.686908678135,-6.001176955619));
#4557 = CARTESIAN_POINT('',(-4.801049167238,-6.001136549044));
#4558 = CARTESIAN_POINT('',(-4.914620586655,-5.999330522745));
#4559 = CARTESIAN_POINT('',(-5.026665481173,-5.995955304326));
#4560 = CARTESIAN_POINT('',(-5.136093215953,-5.991466976423));
#4561 = CARTESIAN_POINT('',(-5.241484970917,-5.986423522796));
#4562 = CARTESIAN_POINT('',(-5.472670039565,-5.974532651102));
#4563 = CARTESIAN_POINT('',(-5.598168781506,-5.967410898691));
#4564 = CARTESIAN_POINT('',(-5.718724980197,-5.960711932321));
#4565 = CARTESIAN_POINT('',(-5.835444566372,-5.954962099315));
#4566 = CARTESIAN_POINT('',(-5.949299449456,-5.9504781949));
#4567 = CARTESIAN_POINT('',(-6.061223895437,-5.947431463443));
#4568 = CARTESIAN_POINT('',(-6.172159880199,-5.945906403822));
#4569 = CARTESIAN_POINT('',(-6.28318530718,-5.945906403822));
#4570 = ( GEOMETRIC_REPRESENTATION_CONTEXT(2) 
PARAMETRIC_REPRESENTATION_CONTEXT() REPRESENTATION_CONTEXT('2D SPACE',''
  ) );
#4571 = ADVANCED_FACE('',(#4572),#828,.T.);
#4572 = FACE_BOUND('',#4573,.T.);
#4573 = EDGE_LOOP('',(#4574,#4575,#4594,#4595));
#4574 = ORIENTED_EDGE('',*,*,#813,.F.);
#4575 = ORIENTED_EDGE('',*,*,#4576,.T.);
#4576 = EDGE_CURVE('',#781,#1949,#4577,.T.);
#4577 = SURFACE_CURVE('',#4578,(#4582,#4588),.PCURVE_S1.);
#4578 = LINE('',#4579,#4580);
#4579 = CARTESIAN_POINT('',(-31.60202241292,7.586974325317,-1.));
#4580 = VECTOR('',#4581,1.);
#4581 = DIRECTION('',(-0.,-0.,-1.));
#4582 = PCURVE('',#828,#4583);
#4583 = DEFINITIONAL_REPRESENTATION('',(#4584),#4587);
#4584 = B_SPLINE_CURVE_WITH_KNOTS('',1,(#4585,#4586),.UNSPECIFIED.,.F.,
  .F.,(2,2),(-10.0000006,5.999999999062E-07),.PIECEWISE_BEZIER_KNOTS.);
#4585 = CARTESIAN_POINT('',(81.5,-11.0000006));
#4586 = CARTESIAN_POINT('',(81.5,-0.9999994));
#4587 = ( GEOMETRIC_REPRESENTATION_CONTEXT(2) 
PARAMETRIC_REPRESENTATION_CONTEXT() REPRESENTATION_CONTEXT('2D SPACE',''
  ) );
#4588 = PCURVE('',#801,#4589);
#4589 = DEFINITIONAL_REPRESENTATION('',(#4590),#4593);
#4590 = B_SPLINE_CURVE_WITH_KNOTS('',1,(#4591,#4592),.UNSPECIFIED.,.F.,
  .F.,(2,2),(-10.0000006,5.999999999062E-07),.PIECEWISE_BEZIER_KNOTS.);
#4591 = CARTESIAN_POINT('',(-2.905973204571,-10.0000006));
#4592 = CARTESIAN_POINT('',(-2.905973204571,5.999999999062E-07));
#4593 = ( GEOMETRIC_REPRESENTATION_CONTEXT(2) 
PARAMETRIC_REPRESENTATION_CONTEXT() REPRESENTATION_CONTEXT('2D SPACE',''
  ) );
#4594 = ORIENTED_EDGE('',*,*,#1976,.T.);
#4595 = ORIENTED_EDGE('',*,*,#4376,.F.);
#4596 = ADVANCED_FACE('',(#4597),#801,.T.);
#4597 = FACE_BOUND('',#4598,.F.);
#4598 = EDGE_LOOP('',(#4599,#4600,#4601,#4602));
#4599 = ORIENTED_EDGE('',*,*,#1948,.T.);
#4600 = ORIENTED_EDGE('',*,*,#2889,.F.);
#4601 = ORIENTED_EDGE('',*,*,#780,.F.);
#4602 = ORIENTED_EDGE('',*,*,#4576,.T.);
#4603 = ADVANCED_FACE('',(#4604),#727,.F.);
#4604 = FACE_BOUND('',#4605,.T.);
#4605 = EDGE_LOOP('',(#4606,#4607,#4608,#4627));
#4606 = ORIENTED_EDGE('',*,*,#2937,.T.);
#4607 = ORIENTED_EDGE('',*,*,#706,.T.);
#4608 = ORIENTED_EDGE('',*,*,#4609,.F.);
#4609 = EDGE_CURVE('',#2964,#674,#4610,.T.);
#4610 = SURFACE_CURVE('',#4611,(#4615,#4621),.PCURVE_S1.);
#4611 = LINE('',#4612,#4613);
#4612 = CARTESIAN_POINT('',(-25.57987567845,21.631457654879,0.));
#4613 = VECTOR('',#4614,1.);
#4614 = DIRECTION('',(-0.,-0.,-1.));
#4615 = PCURVE('',#727,#4616);
#4616 = DEFINITIONAL_REPRESENTATION('',(#4617),#4620);
#4617 = B_SPLINE_CURVE_WITH_KNOTS('',1,(#4618,#4619),.UNSPECIFIED.,.F.,
  .F.,(2,2),(-30.0000006,-7.9999994),.PIECEWISE_BEZIER_KNOTS.);
#4618 = CARTESIAN_POINT('',(-2.439633158679,-30.0000006));
#4619 = CARTESIAN_POINT('',(-2.439633158679,-7.9999994));
#4620 = ( GEOMETRIC_REPRESENTATION_CONTEXT(2) 
PARAMETRIC_REPRESENTATION_CONTEXT() REPRESENTATION_CONTEXT('2D SPACE',''
  ) );
#4621 = PCURVE('',#694,#4622);
#4622 = DEFINITIONAL_REPRESENTATION('',(#4623),#4626);
#4623 = B_SPLINE_CURVE_WITH_KNOTS('',1,(#4624,#4625),.UNSPECIFIED.,.F.,
  .F.,(2,2),(-30.,-8.),.PIECEWISE_BEZIER_KNOTS.);
#4624 = CARTESIAN_POINT('',(-3.416460225921,-23.));
#4625 = CARTESIAN_POINT('',(-3.416460225921,-1.));
#4626 = ( GEOMETRIC_REPRESENTATION_CONTEXT(2) 
PARAMETRIC_REPRESENTATION_CONTEXT() REPRESENTATION_CONTEXT('2D SPACE',''
  ) );
#4627 = ORIENTED_EDGE('',*,*,#2963,.T.);
#4628 = ADVANCED_FACE('',(#4629),#694,.T.);
#4629 = FACE_BOUND('',#4630,.F.);
#4630 = EDGE_LOOP('',(#4631,#4632,#4633,#4634));
#4631 = ORIENTED_EDGE('',*,*,#2987,.T.);
#4632 = ORIENTED_EDGE('',*,*,#3126,.T.);
#4633 = ORIENTED_EDGE('',*,*,#673,.T.);
#4634 = ORIENTED_EDGE('',*,*,#4609,.F.);
#4635 = ADVANCED_FACE('',(#4636),#1634,.F.);
#4636 = FACE_BOUND('',#4637,.T.);
#4637 = EDGE_LOOP('',(#4638,#4659,#4660,#4661));
#4638 = ORIENTED_EDGE('',*,*,#4639,.T.);
#4639 = EDGE_CURVE('',#2705,#1618,#4640,.T.);
#4640 = SEAM_CURVE('',#4641,(#4645,#4652),.PCURVE_S1.);
#4641 = LINE('',#4642,#4643);
#4642 = CARTESIAN_POINT('',(27.791292245957,3.412341615344,0.));
#4643 = VECTOR('',#4644,1.);
#4644 = DIRECTION('',(0.,0.,1.));
#4645 = PCURVE('',#1634,#4646);
#4646 = DEFINITIONAL_REPRESENTATION('',(#4647),#4651);
#4647 = LINE('',#4648,#4649);
#4648 = CARTESIAN_POINT('',(-0.,0.));
#4649 = VECTOR('',#4650,1.);
#4650 = DIRECTION('',(-0.,-1.));
#4651 = ( GEOMETRIC_REPRESENTATION_CONTEXT(2) 
PARAMETRIC_REPRESENTATION_CONTEXT() REPRESENTATION_CONTEXT('2D SPACE',''
  ) );
#4652 = PCURVE('',#1634,#4653);
#4653 = DEFINITIONAL_REPRESENTATION('',(#4654),#4658);
#4654 = LINE('',#4655,#4656);
#4655 = CARTESIAN_POINT('',(-6.28318530718,0.));
#4656 = VECTOR('',#4657,1.);
#4657 = DIRECTION('',(-0.,-1.));
#4658 = ( GEOMETRIC_REPRESENTATION_CONTEXT(2) 
PARAMETRIC_REPRESENTATION_CONTEXT() REPRESENTATION_CONTEXT('2D SPACE',''
  ) );
#4659 = ORIENTED_EDGE('',*,*,#1617,.T.);
#4660 = ORIENTED_EDGE('',*,*,#4639,.F.);
#4661 = ORIENTED_EDGE('',*,*,#2704,.F.);
#4662 = ADVANCED_FACE('',(#4663),#1812,.F.);
#4663 = FACE_BOUND('',#4664,.T.);
#4664 = EDGE_LOOP('',(#4665,#4698,#4719,#4720));
#4665 = ORIENTED_EDGE('',*,*,#4666,.T.);
#4666 = EDGE_CURVE('',#4667,#4667,#4669,.T.);
#4667 = VERTEX_POINT('',#4668);
#4668 = CARTESIAN_POINT('',(24.2,22.5,2.6));
#4669 = SURFACE_CURVE('',#4670,(#4675,#4682),.PCURVE_S1.);
#4670 = CIRCLE('',#4671,1.7);
#4671 = AXIS2_PLACEMENT_3D('',#4672,#4673,#4674);
#4672 = CARTESIAN_POINT('',(22.5,22.5,2.6));
#4673 = DIRECTION('',(0.,0.,-1.));
#4674 = DIRECTION('',(1.,0.,0.));
#4675 = PCURVE('',#1812,#4676);
#4676 = DEFINITIONAL_REPRESENTATION('',(#4677),#4681);
#4677 = LINE('',#4678,#4679);
#4678 = CARTESIAN_POINT('',(-6.28318530718,-3.6));
#4679 = VECTOR('',#4680,1.);
#4680 = DIRECTION('',(1.,-0.));
#4681 = ( GEOMETRIC_REPRESENTATION_CONTEXT(2) 
PARAMETRIC_REPRESENTATION_CONTEXT() REPRESENTATION_CONTEXT('2D SPACE',''
  ) );
#4682 = PCURVE('',#4683,#4688);
#4683 = PLANE('',#4684);
#4684 = AXIS2_PLACEMENT_3D('',#4685,#4686,#4687);
#4685 = CARTESIAN_POINT('',(22.5,22.5,2.6));
#4686 = DIRECTION('',(0.,0.,1.));
#4687 = DIRECTION('',(1.,0.,-0.));
#4688 = DEFINITIONAL_REPRESENTATION('',(#4689),#4697);
#4689 = ( BOUNDED_CURVE() B_SPLINE_CURVE(2,(#4690,#4691,#4692,#4693,
#4694,#4695,#4696),.UNSPECIFIED.,.T.,.F.) B_SPLINE_CURVE_WITH_KNOTS((1,2
    ,2,2,2,1),(-2.094395102393,0.,2.094395102393,4.188790204786,
6.28318530718,8.377580409573),.UNSPECIFIED.) CURVE() 
GEOMETRIC_REPRESENTATION_ITEM() RATIONAL_B_SPLINE_CURVE((1.,0.5,1.,0.5,
1.,0.5,1.)) REPRESENTATION_ITEM('') );
#4690 = CARTESIAN_POINT('',(1.7,3.552713678801E-15));
#4691 = CARTESIAN_POINT('',(1.7,-2.944486372867));
#4692 = CARTESIAN_POINT('',(-0.85,-1.472243186434));
#4693 = CARTESIAN_POINT('',(-3.4,3.13633376709E-15));
#4694 = CARTESIAN_POINT('',(-0.85,1.472243186434));
#4695 = CARTESIAN_POINT('',(1.7,2.944486372867));
#4696 = CARTESIAN_POINT('',(1.7,3.552713678801E-15));
#4697 = ( GEOMETRIC_REPRESENTATION_CONTEXT(2) 
PARAMETRIC_REPRESENTATION_CONTEXT() REPRESENTATION_CONTEXT('2D SPACE',''
  ) );
#4698 = ORIENTED_EDGE('',*,*,#4699,.T.);
#4699 = EDGE_CURVE('',#4667,#1792,#4700,.T.);
#4700 = SEAM_CURVE('',#4701,(#4705,#4712),.PCURVE_S1.);
#4701 = LINE('',#4702,#4703);
#4702 = CARTESIAN_POINT('',(24.2,22.5,-1.));
#4703 = VECTOR('',#4704,1.);
#4704 = DIRECTION('',(0.,0.,1.));
#4705 = PCURVE('',#1812,#4706);
#4706 = DEFINITIONAL_REPRESENTATION('',(#4707),#4711);
#4707 = LINE('',#4708,#4709);
#4708 = CARTESIAN_POINT('',(-6.28318530718,0.));
#4709 = VECTOR('',#4710,1.);
#4710 = DIRECTION('',(-0.,-1.));
#4711 = ( GEOMETRIC_REPRESENTATION_CONTEXT(2) 
PARAMETRIC_REPRESENTATION_CONTEXT() REPRESENTATION_CONTEXT('2D SPACE',''
  ) );
#4712 = PCURVE('',#1812,#4713);
#4713 = DEFINITIONAL_REPRESENTATION('',(#4714),#4718);
#4714 = LINE('',#4715,#4716);
#4715 = CARTESIAN_POINT('',(-0.,0.));
#4716 = VECTOR('',#4717,1.);
#4717 = DIRECTION('',(-0.,-1.));
#4718 = ( GEOMETRIC_REPRESENTATION_CONTEXT(2) 
PARAMETRIC_REPRESENTATION_CONTEXT() REPRESENTATION_CONTEXT('2D SPACE',''
  ) );
#4719 = ORIENTED_EDGE('',*,*,#1791,.F.);
#4720 = ORIENTED_EDGE('',*,*,#4699,.F.);
#4721 = ADVANCED_FACE('',(#4722),#2247,.T.);
#4722 = FACE_BOUND('',#4723,.T.);
#4723 = EDGE_LOOP('',(#4724,#4725,#4748,#4776));
#4724 = ORIENTED_EDGE('',*,*,#2230,.T.);
#4725 = ORIENTED_EDGE('',*,*,#4726,.T.);
#4726 = EDGE_CURVE('',#2233,#4727,#4729,.T.);
#4727 = VERTEX_POINT('',#4728);
#4728 = CARTESIAN_POINT('',(-20.85455173281,-19.65,2.6));
#4729 = SURFACE_CURVE('',#4730,(#4734,#4741),.PCURVE_S1.);
#4730 = LINE('',#4731,#4732);
#4731 = CARTESIAN_POINT('',(-20.85455173281,-19.65,-1.));
#4732 = VECTOR('',#4733,1.);
#4733 = DIRECTION('',(0.,0.,1.));
#4734 = PCURVE('',#2247,#4735);
#4735 = DEFINITIONAL_REPRESENTATION('',(#4736),#4740);
#4736 = LINE('',#4737,#4738);
#4737 = CARTESIAN_POINT('',(0.,0.));
#4738 = VECTOR('',#4739,1.);
#4739 = DIRECTION('',(0.,-1.));
#4740 = ( GEOMETRIC_REPRESENTATION_CONTEXT(2) 
PARAMETRIC_REPRESENTATION_CONTEXT() REPRESENTATION_CONTEXT('2D SPACE',''
  ) );
#4741 = PCURVE('',#2273,#4742);
#4742 = DEFINITIONAL_REPRESENTATION('',(#4743),#4747);
#4743 = LINE('',#4744,#4745);
#4744 = CARTESIAN_POINT('',(3.290896534381,0.));
#4745 = VECTOR('',#4746,1.);
#4746 = DIRECTION('',(0.,-1.));
#4747 = ( GEOMETRIC_REPRESENTATION_CONTEXT(2) 
PARAMETRIC_REPRESENTATION_CONTEXT() REPRESENTATION_CONTEXT('2D SPACE',''
  ) );
#4748 = ORIENTED_EDGE('',*,*,#4749,.T.);
#4749 = EDGE_CURVE('',#4727,#4750,#4752,.T.);
#4750 = VERTEX_POINT('',#4751);
#4751 = CARTESIAN_POINT('',(-24.14544826719,-19.65,2.6));
#4752 = SURFACE_CURVE('',#4753,(#4757,#4764),.PCURVE_S1.);
#4753 = LINE('',#4754,#4755);
#4754 = CARTESIAN_POINT('',(-20.85455173281,-19.65,2.6));
#4755 = VECTOR('',#4756,1.);
#4756 = DIRECTION('',(-1.,1.349447499217E-16,0.));
#4757 = PCURVE('',#2247,#4758);
#4758 = DEFINITIONAL_REPRESENTATION('',(#4759),#4763);
#4759 = LINE('',#4760,#4761);
#4760 = CARTESIAN_POINT('',(0.,-3.6));
#4761 = VECTOR('',#4762,1.);
#4762 = DIRECTION('',(1.,0.));
#4763 = ( GEOMETRIC_REPRESENTATION_CONTEXT(2) 
PARAMETRIC_REPRESENTATION_CONTEXT() REPRESENTATION_CONTEXT('2D SPACE',''
  ) );
#4764 = PCURVE('',#4765,#4770);
#4765 = PLANE('',#4766);
#4766 = AXIS2_PLACEMENT_3D('',#4767,#4768,#4769);
#4767 = CARTESIAN_POINT('',(-22.5,-22.5,2.6));
#4768 = DIRECTION('',(0.,0.,1.));
#4769 = DIRECTION('',(1.,0.,-0.));
#4770 = DEFINITIONAL_REPRESENTATION('',(#4771),#4775);
#4771 = LINE('',#4772,#4773);
#4772 = CARTESIAN_POINT('',(1.64544826719,2.85));
#4773 = VECTOR('',#4774,1.);
#4774 = DIRECTION('',(-1.,1.349447499217E-16));
#4775 = ( GEOMETRIC_REPRESENTATION_CONTEXT(2) 
PARAMETRIC_REPRESENTATION_CONTEXT() REPRESENTATION_CONTEXT('2D SPACE',''
  ) );
#4776 = ORIENTED_EDGE('',*,*,#4777,.F.);
#4777 = EDGE_CURVE('',#2231,#4750,#4778,.T.);
#4778 = SURFACE_CURVE('',#4779,(#4783,#4790),.PCURVE_S1.);
#4779 = LINE('',#4780,#4781);
#4780 = CARTESIAN_POINT('',(-24.14544826719,-19.65,-1.));
#4781 = VECTOR('',#4782,1.);
#4782 = DIRECTION('',(0.,0.,1.));
#4783 = PCURVE('',#2247,#4784);
#4784 = DEFINITIONAL_REPRESENTATION('',(#4785),#4789);
#4785 = LINE('',#4786,#4787);
#4786 = CARTESIAN_POINT('',(3.290896534381,0.));
#4787 = VECTOR('',#4788,1.);
#4788 = DIRECTION('',(0.,-1.));
#4789 = ( GEOMETRIC_REPRESENTATION_CONTEXT(2) 
PARAMETRIC_REPRESENTATION_CONTEXT() REPRESENTATION_CONTEXT('2D SPACE',''
  ) );
#4790 = PCURVE('',#2375,#4791);
#4791 = DEFINITIONAL_REPRESENTATION('',(#4792),#4796);
#4792 = LINE('',#4793,#4794);
#4793 = CARTESIAN_POINT('',(0.,0.));
#4794 = VECTOR('',#4795,1.);
#4795 = DIRECTION('',(0.,-1.));
#4796 = ( GEOMETRIC_REPRESENTATION_CONTEXT(2) 
PARAMETRIC_REPRESENTATION_CONTEXT() REPRESENTATION_CONTEXT('2D SPACE',''
  ) );
#4797 = ADVANCED_FACE('',(#4798),#2375,.T.);
#4798 = FACE_BOUND('',#4799,.T.);
#4799 = EDGE_LOOP('',(#4800,#4801,#4802,#4825));
#4800 = ORIENTED_EDGE('',*,*,#2362,.T.);
#4801 = ORIENTED_EDGE('',*,*,#4777,.T.);
#4802 = ORIENTED_EDGE('',*,*,#4803,.T.);
#4803 = EDGE_CURVE('',#4750,#4804,#4806,.T.);
#4804 = VERTEX_POINT('',#4805);
#4805 = CARTESIAN_POINT('',(-25.79089653438,-22.5,2.6));
#4806 = SURFACE_CURVE('',#4807,(#4811,#4818),.PCURVE_S1.);
#4807 = LINE('',#4808,#4809);
#4808 = CARTESIAN_POINT('',(-24.14544826719,-19.65,2.6));
#4809 = VECTOR('',#4810,1.);
#4810 = DIRECTION('',(-0.5,-0.866025403784,0.));
#4811 = PCURVE('',#2375,#4812);
#4812 = DEFINITIONAL_REPRESENTATION('',(#4813),#4817);
#4813 = LINE('',#4814,#4815);
#4814 = CARTESIAN_POINT('',(0.,-3.6));
#4815 = VECTOR('',#4816,1.);
#4816 = DIRECTION('',(1.,0.));
#4817 = ( GEOMETRIC_REPRESENTATION_CONTEXT(2) 
PARAMETRIC_REPRESENTATION_CONTEXT() REPRESENTATION_CONTEXT('2D SPACE',''
  ) );
#4818 = PCURVE('',#4765,#4819);
#4819 = DEFINITIONAL_REPRESENTATION('',(#4820),#4824);
#4820 = LINE('',#4821,#4822);
#4821 = CARTESIAN_POINT('',(-1.64544826719,2.85));
#4822 = VECTOR('',#4823,1.);
#4823 = DIRECTION('',(-0.5,-0.866025403784));
#4824 = ( GEOMETRIC_REPRESENTATION_CONTEXT(2) 
PARAMETRIC_REPRESENTATION_CONTEXT() REPRESENTATION_CONTEXT('2D SPACE',''
  ) );
#4825 = ORIENTED_EDGE('',*,*,#4826,.F.);
#4826 = EDGE_CURVE('',#2337,#4804,#4827,.T.);
#4827 = SURFACE_CURVE('',#4828,(#4832,#4839),.PCURVE_S1.);
#4828 = LINE('',#4829,#4830);
#4829 = CARTESIAN_POINT('',(-25.79089653438,-22.5,-1.));
#4830 = VECTOR('',#4831,1.);
#4831 = DIRECTION('',(0.,0.,1.));
#4832 = PCURVE('',#2375,#4833);
#4833 = DEFINITIONAL_REPRESENTATION('',(#4834),#4838);
#4834 = LINE('',#4835,#4836);
#4835 = CARTESIAN_POINT('',(3.290896534381,0.));
#4836 = VECTOR('',#4837,1.);
#4837 = DIRECTION('',(0.,-1.));
#4838 = ( GEOMETRIC_REPRESENTATION_CONTEXT(2) 
PARAMETRIC_REPRESENTATION_CONTEXT() REPRESENTATION_CONTEXT('2D SPACE',''
  ) );
#4839 = PCURVE('',#2351,#4840);
#4840 = DEFINITIONAL_REPRESENTATION('',(#4841),#4845);
#4841 = LINE('',#4842,#4843);
#4842 = CARTESIAN_POINT('',(0.,0.));
#4843 = VECTOR('',#4844,1.);
#4844 = DIRECTION('',(0.,-1.));
#4845 = ( GEOMETRIC_REPRESENTATION_CONTEXT(2) 
PARAMETRIC_REPRESENTATION_CONTEXT() REPRESENTATION_CONTEXT('2D SPACE',''
  ) );
#4846 = ADVANCED_FACE('',(#4847),#2273,.T.);
#4847 = FACE_BOUND('',#4848,.T.);
#4848 = EDGE_LOOP('',(#4849,#4850,#4873,#4894));
#4849 = ORIENTED_EDGE('',*,*,#2258,.T.);
#4850 = ORIENTED_EDGE('',*,*,#4851,.T.);
#4851 = EDGE_CURVE('',#2259,#4852,#4854,.T.);
#4852 = VERTEX_POINT('',#4853);
#4853 = CARTESIAN_POINT('',(-19.20910346561,-22.5,2.6));
#4854 = SURFACE_CURVE('',#4855,(#4859,#4866),.PCURVE_S1.);
#4855 = LINE('',#4856,#4857);
#4856 = CARTESIAN_POINT('',(-19.20910346561,-22.5,-1.));
#4857 = VECTOR('',#4858,1.);
#4858 = DIRECTION('',(0.,0.,1.));
#4859 = PCURVE('',#2273,#4860);
#4860 = DEFINITIONAL_REPRESENTATION('',(#4861),#4865);
#4861 = LINE('',#4862,#4863);
#4862 = CARTESIAN_POINT('',(0.,0.));
#4863 = VECTOR('',#4864,1.);
#4864 = DIRECTION('',(0.,-1.));
#4865 = ( GEOMETRIC_REPRESENTATION_CONTEXT(2) 
PARAMETRIC_REPRESENTATION_CONTEXT() REPRESENTATION_CONTEXT('2D SPACE',''
  ) );
#4866 = PCURVE('',#2299,#4867);
#4867 = DEFINITIONAL_REPRESENTATION('',(#4868),#4872);
#4868 = LINE('',#4869,#4870);
#4869 = CARTESIAN_POINT('',(3.290896534381,0.));
#4870 = VECTOR('',#4871,1.);
#4871 = DIRECTION('',(0.,-1.));
#4872 = ( GEOMETRIC_REPRESENTATION_CONTEXT(2) 
PARAMETRIC_REPRESENTATION_CONTEXT() REPRESENTATION_CONTEXT('2D SPACE',''
  ) );
#4873 = ORIENTED_EDGE('',*,*,#4874,.T.);
#4874 = EDGE_CURVE('',#4852,#4727,#4875,.T.);
#4875 = SURFACE_CURVE('',#4876,(#4880,#4887),.PCURVE_S1.);
#4876 = LINE('',#4877,#4878);
#4877 = CARTESIAN_POINT('',(-19.20910346561,-22.5,2.6));
#4878 = VECTOR('',#4879,1.);
#4879 = DIRECTION('',(-0.5,0.866025403784,0.));
#4880 = PCURVE('',#2273,#4881);
#4881 = DEFINITIONAL_REPRESENTATION('',(#4882),#4886);
#4882 = LINE('',#4883,#4884);
#4883 = CARTESIAN_POINT('',(0.,-3.6));
#4884 = VECTOR('',#4885,1.);
#4885 = DIRECTION('',(1.,0.));
#4886 = ( GEOMETRIC_REPRESENTATION_CONTEXT(2) 
PARAMETRIC_REPRESENTATION_CONTEXT() REPRESENTATION_CONTEXT('2D SPACE',''
  ) );
#4887 = PCURVE('',#4765,#4888);
#4888 = DEFINITIONAL_REPRESENTATION('',(#4889),#4893);
#4889 = LINE('',#4890,#4891);
#4890 = CARTESIAN_POINT('',(3.290896534381,-3.552713678801E-15));
#4891 = VECTOR('',#4892,1.);
#4892 = DIRECTION('',(-0.5,0.866025403784));
#4893 = ( GEOMETRIC_REPRESENTATION_CONTEXT(2) 
PARAMETRIC_REPRESENTATION_CONTEXT() REPRESENTATION_CONTEXT('2D SPACE',''
  ) );
#4894 = ORIENTED_EDGE('',*,*,#4726,.F.);
#4895 = ADVANCED_FACE('',(#4896),#2351,.T.);
#4896 = FACE_BOUND('',#4897,.T.);
#4897 = EDGE_LOOP('',(#4898,#4899,#4900,#4923));
#4898 = ORIENTED_EDGE('',*,*,#2336,.T.);
#4899 = ORIENTED_EDGE('',*,*,#4826,.T.);
#4900 = ORIENTED_EDGE('',*,*,#4901,.T.);
#4901 = EDGE_CURVE('',#4804,#4902,#4904,.T.);
#4902 = VERTEX_POINT('',#4903);
#4903 = CARTESIAN_POINT('',(-24.14544826719,-25.35,2.6));
#4904 = SURFACE_CURVE('',#4905,(#4909,#4916),.PCURVE_S1.);
#4905 = LINE('',#4906,#4907);
#4906 = CARTESIAN_POINT('',(-25.79089653438,-22.5,2.6));
#4907 = VECTOR('',#4908,1.);
#4908 = DIRECTION('',(0.5,-0.866025403784,0.));
#4909 = PCURVE('',#2351,#4910);
#4910 = DEFINITIONAL_REPRESENTATION('',(#4911),#4915);
#4911 = LINE('',#4912,#4913);
#4912 = CARTESIAN_POINT('',(0.,-3.6));
#4913 = VECTOR('',#4914,1.);
#4914 = DIRECTION('',(1.,0.));
#4915 = ( GEOMETRIC_REPRESENTATION_CONTEXT(2) 
PARAMETRIC_REPRESENTATION_CONTEXT() REPRESENTATION_CONTEXT('2D SPACE',''
  ) );
#4916 = PCURVE('',#4765,#4917);
#4917 = DEFINITIONAL_REPRESENTATION('',(#4918),#4922);
#4918 = LINE('',#4919,#4920);
#4919 = CARTESIAN_POINT('',(-3.290896534381,-3.552713678801E-15));
#4920 = VECTOR('',#4921,1.);
#4921 = DIRECTION('',(0.5,-0.866025403784));
#4922 = ( GEOMETRIC_REPRESENTATION_CONTEXT(2) 
PARAMETRIC_REPRESENTATION_CONTEXT() REPRESENTATION_CONTEXT('2D SPACE',''
  ) );
#4923 = ORIENTED_EDGE('',*,*,#4924,.F.);
#4924 = EDGE_CURVE('',#2311,#4902,#4925,.T.);
#4925 = SURFACE_CURVE('',#4926,(#4930,#4937),.PCURVE_S1.);
#4926 = LINE('',#4927,#4928);
#4927 = CARTESIAN_POINT('',(-24.14544826719,-25.35,-1.));
#4928 = VECTOR('',#4929,1.);
#4929 = DIRECTION('',(0.,0.,1.));
#4930 = PCURVE('',#2351,#4931);
#4931 = DEFINITIONAL_REPRESENTATION('',(#4932),#4936);
#4932 = LINE('',#4933,#4934);
#4933 = CARTESIAN_POINT('',(3.290896534381,0.));
#4934 = VECTOR('',#4935,1.);
#4935 = DIRECTION('',(0.,-1.));
#4936 = ( GEOMETRIC_REPRESENTATION_CONTEXT(2) 
PARAMETRIC_REPRESENTATION_CONTEXT() REPRESENTATION_CONTEXT('2D SPACE',''
  ) );
#4937 = PCURVE('',#2325,#4938);
#4938 = DEFINITIONAL_REPRESENTATION('',(#4939),#4943);
#4939 = LINE('',#4940,#4941);
#4940 = CARTESIAN_POINT('',(0.,0.));
#4941 = VECTOR('',#4942,1.);
#4942 = DIRECTION('',(0.,-1.));
#4943 = ( GEOMETRIC_REPRESENTATION_CONTEXT(2) 
PARAMETRIC_REPRESENTATION_CONTEXT() REPRESENTATION_CONTEXT('2D SPACE',''
  ) );
#4944 = ADVANCED_FACE('',(#4945),#2299,.T.);
#4945 = FACE_BOUND('',#4946,.T.);
#4946 = EDGE_LOOP('',(#4947,#4948,#4971,#4992));
#4947 = ORIENTED_EDGE('',*,*,#2284,.T.);
#4948 = ORIENTED_EDGE('',*,*,#4949,.T.);
#4949 = EDGE_CURVE('',#2285,#4950,#4952,.T.);
#4950 = VERTEX_POINT('',#4951);
#4951 = CARTESIAN_POINT('',(-20.85455173281,-25.35,2.6));
#4952 = SURFACE_CURVE('',#4953,(#4957,#4964),.PCURVE_S1.);
#4953 = LINE('',#4954,#4955);
#4954 = CARTESIAN_POINT('',(-20.85455173281,-25.35,-1.));
#4955 = VECTOR('',#4956,1.);
#4956 = DIRECTION('',(0.,0.,1.));
#4957 = PCURVE('',#2299,#4958);
#4958 = DEFINITIONAL_REPRESENTATION('',(#4959),#4963);
#4959 = LINE('',#4960,#4961);
#4960 = CARTESIAN_POINT('',(0.,0.));
#4961 = VECTOR('',#4962,1.);
#4962 = DIRECTION('',(0.,-1.));
#4963 = ( GEOMETRIC_REPRESENTATION_CONTEXT(2) 
PARAMETRIC_REPRESENTATION_CONTEXT() REPRESENTATION_CONTEXT('2D SPACE',''
  ) );
#4964 = PCURVE('',#2325,#4965);
#4965 = DEFINITIONAL_REPRESENTATION('',(#4966),#4970);
#4966 = LINE('',#4967,#4968);
#4967 = CARTESIAN_POINT('',(3.290896534381,0.));
#4968 = VECTOR('',#4969,1.);
#4969 = DIRECTION('',(0.,-1.));
#4970 = ( GEOMETRIC_REPRESENTATION_CONTEXT(2) 
PARAMETRIC_REPRESENTATION_CONTEXT() REPRESENTATION_CONTEXT('2D SPACE',''
  ) );
#4971 = ORIENTED_EDGE('',*,*,#4972,.T.);
#4972 = EDGE_CURVE('',#4950,#4852,#4973,.T.);
#4973 = SURFACE_CURVE('',#4974,(#4978,#4985),.PCURVE_S1.);
#4974 = LINE('',#4975,#4976);
#4975 = CARTESIAN_POINT('',(-20.85455173281,-25.35,2.6));
#4976 = VECTOR('',#4977,1.);
#4977 = DIRECTION('',(0.5,0.866025403784,0.));
#4978 = PCURVE('',#2299,#4979);
#4979 = DEFINITIONAL_REPRESENTATION('',(#4980),#4984);
#4980 = LINE('',#4981,#4982);
#4981 = CARTESIAN_POINT('',(0.,-3.6));
#4982 = VECTOR('',#4983,1.);
#4983 = DIRECTION('',(1.,0.));
#4984 = ( GEOMETRIC_REPRESENTATION_CONTEXT(2) 
PARAMETRIC_REPRESENTATION_CONTEXT() REPRESENTATION_CONTEXT('2D SPACE',''
  ) );
#4985 = PCURVE('',#4765,#4986);
#4986 = DEFINITIONAL_REPRESENTATION('',(#4987),#4991);
#4987 = LINE('',#4988,#4989);
#4988 = CARTESIAN_POINT('',(1.64544826719,-2.85));
#4989 = VECTOR('',#4990,1.);
#4990 = DIRECTION('',(0.5,0.866025403784));
#4991 = ( GEOMETRIC_REPRESENTATION_CONTEXT(2) 
PARAMETRIC_REPRESENTATION_CONTEXT() REPRESENTATION_CONTEXT('2D SPACE',''
  ) );
#4992 = ORIENTED_EDGE('',*,*,#4851,.F.);
#4993 = ADVANCED_FACE('',(#4994),#2325,.T.);
#4994 = FACE_BOUND('',#4995,.T.);
#4995 = EDGE_LOOP('',(#4996,#4997,#4998,#5019));
#4996 = ORIENTED_EDGE('',*,*,#2310,.T.);
#4997 = ORIENTED_EDGE('',*,*,#4924,.T.);
#4998 = ORIENTED_EDGE('',*,*,#4999,.T.);
#4999 = EDGE_CURVE('',#4902,#4950,#5000,.T.);
#5000 = SURFACE_CURVE('',#5001,(#5005,#5012),.PCURVE_S1.);
#5001 = LINE('',#5002,#5003);
#5002 = CARTESIAN_POINT('',(-24.14544826719,-25.35,2.6));
#5003 = VECTOR('',#5004,1.);
#5004 = DIRECTION('',(1.,-6.747237496083E-16,0.));
#5005 = PCURVE('',#2325,#5006);
#5006 = DEFINITIONAL_REPRESENTATION('',(#5007),#5011);
#5007 = LINE('',#5008,#5009);
#5008 = CARTESIAN_POINT('',(0.,-3.6));
#5009 = VECTOR('',#5010,1.);
#5010 = DIRECTION('',(1.,0.));
#5011 = ( GEOMETRIC_REPRESENTATION_CONTEXT(2) 
PARAMETRIC_REPRESENTATION_CONTEXT() REPRESENTATION_CONTEXT('2D SPACE',''
  ) );
#5012 = PCURVE('',#4765,#5013);
#5013 = DEFINITIONAL_REPRESENTATION('',(#5014),#5018);
#5014 = LINE('',#5015,#5016);
#5015 = CARTESIAN_POINT('',(-1.64544826719,-2.85));
#5016 = VECTOR('',#5017,1.);
#5017 = DIRECTION('',(1.,-6.747237496083E-16));
#5018 = ( GEOMETRIC_REPRESENTATION_CONTEXT(2) 
PARAMETRIC_REPRESENTATION_CONTEXT() REPRESENTATION_CONTEXT('2D SPACE',''
  ) );
#5019 = ORIENTED_EDGE('',*,*,#4949,.F.);
#5020 = ADVANCED_FACE('',(#5021),#2405,.T.);
#5021 = FACE_BOUND('',#5022,.T.);
#5022 = EDGE_LOOP('',(#5023,#5024,#5047,#5075));
#5023 = ORIENTED_EDGE('',*,*,#2388,.T.);
#5024 = ORIENTED_EDGE('',*,*,#5025,.T.);
#5025 = EDGE_CURVE('',#2391,#5026,#5028,.T.);
#5026 = VERTEX_POINT('',#5027);
#5027 = CARTESIAN_POINT('',(24.14544826719,-19.65,2.6));
#5028 = SURFACE_CURVE('',#5029,(#5033,#5040),.PCURVE_S1.);
#5029 = LINE('',#5030,#5031);
#5030 = CARTESIAN_POINT('',(24.14544826719,-19.65,-1.));
#5031 = VECTOR('',#5032,1.);
#5032 = DIRECTION('',(0.,0.,1.));
#5033 = PCURVE('',#2405,#5034);
#5034 = DEFINITIONAL_REPRESENTATION('',(#5035),#5039);
#5035 = LINE('',#5036,#5037);
#5036 = CARTESIAN_POINT('',(0.,0.));
#5037 = VECTOR('',#5038,1.);
#5038 = DIRECTION('',(0.,-1.));
#5039 = ( GEOMETRIC_REPRESENTATION_CONTEXT(2) 
PARAMETRIC_REPRESENTATION_CONTEXT() REPRESENTATION_CONTEXT('2D SPACE',''
  ) );
#5040 = PCURVE('',#2431,#5041);
#5041 = DEFINITIONAL_REPRESENTATION('',(#5042),#5046);
#5042 = LINE('',#5043,#5044);
#5043 = CARTESIAN_POINT('',(3.290896534381,0.));
#5044 = VECTOR('',#5045,1.);
#5045 = DIRECTION('',(0.,-1.));
#5046 = ( GEOMETRIC_REPRESENTATION_CONTEXT(2) 
PARAMETRIC_REPRESENTATION_CONTEXT() REPRESENTATION_CONTEXT('2D SPACE',''
  ) );
#5047 = ORIENTED_EDGE('',*,*,#5048,.T.);
#5048 = EDGE_CURVE('',#5026,#5049,#5051,.T.);
#5049 = VERTEX_POINT('',#5050);
#5050 = CARTESIAN_POINT('',(20.85455173281,-19.65,2.6));
#5051 = SURFACE_CURVE('',#5052,(#5056,#5063),.PCURVE_S1.);
#5052 = LINE('',#5053,#5054);
#5053 = CARTESIAN_POINT('',(24.14544826719,-19.65,2.6));
#5054 = VECTOR('',#5055,1.);
#5055 = DIRECTION('',(-1.,1.349447499217E-16,0.));
#5056 = PCURVE('',#2405,#5057);
#5057 = DEFINITIONAL_REPRESENTATION('',(#5058),#5062);
#5058 = LINE('',#5059,#5060);
#5059 = CARTESIAN_POINT('',(0.,-3.6));
#5060 = VECTOR('',#5061,1.);
#5061 = DIRECTION('',(1.,0.));
#5062 = ( GEOMETRIC_REPRESENTATION_CONTEXT(2) 
PARAMETRIC_REPRESENTATION_CONTEXT() REPRESENTATION_CONTEXT('2D SPACE',''
  ) );
#5063 = PCURVE('',#5064,#5069);
#5064 = PLANE('',#5065);
#5065 = AXIS2_PLACEMENT_3D('',#5066,#5067,#5068);
#5066 = CARTESIAN_POINT('',(22.5,-22.5,2.6));
#5067 = DIRECTION('',(0.,0.,1.));
#5068 = DIRECTION('',(1.,0.,-0.));
#5069 = DEFINITIONAL_REPRESENTATION('',(#5070),#5074);
#5070 = LINE('',#5071,#5072);
#5071 = CARTESIAN_POINT('',(1.64544826719,2.85));
#5072 = VECTOR('',#5073,1.);
#5073 = DIRECTION('',(-1.,1.349447499217E-16));
#5074 = ( GEOMETRIC_REPRESENTATION_CONTEXT(2) 
PARAMETRIC_REPRESENTATION_CONTEXT() REPRESENTATION_CONTEXT('2D SPACE',''
  ) );
#5075 = ORIENTED_EDGE('',*,*,#5076,.F.);
#5076 = EDGE_CURVE('',#2389,#5049,#5077,.T.);
#5077 = SURFACE_CURVE('',#5078,(#5082,#5089),.PCURVE_S1.);
#5078 = LINE('',#5079,#5080);
#5079 = CARTESIAN_POINT('',(20.85455173281,-19.65,-1.));
#5080 = VECTOR('',#5081,1.);
#5081 = DIRECTION('',(0.,0.,1.));
#5082 = PCURVE('',#2405,#5083);
#5083 = DEFINITIONAL_REPRESENTATION('',(#5084),#5088);
#5084 = LINE('',#5085,#5086);
#5085 = CARTESIAN_POINT('',(3.290896534381,0.));
#5086 = VECTOR('',#5087,1.);
#5087 = DIRECTION('',(0.,-1.));
#5088 = ( GEOMETRIC_REPRESENTATION_CONTEXT(2) 
PARAMETRIC_REPRESENTATION_CONTEXT() REPRESENTATION_CONTEXT('2D SPACE',''
  ) );
#5089 = PCURVE('',#2533,#5090);
#5090 = DEFINITIONAL_REPRESENTATION('',(#5091),#5095);
#5091 = LINE('',#5092,#5093);
#5092 = CARTESIAN_POINT('',(0.,0.));
#5093 = VECTOR('',#5094,1.);
#5094 = DIRECTION('',(0.,-1.));
#5095 = ( GEOMETRIC_REPRESENTATION_CONTEXT(2) 
PARAMETRIC_REPRESENTATION_CONTEXT() REPRESENTATION_CONTEXT('2D SPACE',''
  ) );
#5096 = ADVANCED_FACE('',(#5097),#2533,.T.);
#5097 = FACE_BOUND('',#5098,.T.);
#5098 = EDGE_LOOP('',(#5099,#5100,#5101,#5124));
#5099 = ORIENTED_EDGE('',*,*,#2520,.T.);
#5100 = ORIENTED_EDGE('',*,*,#5076,.T.);
#5101 = ORIENTED_EDGE('',*,*,#5102,.T.);
#5102 = EDGE_CURVE('',#5049,#5103,#5105,.T.);
#5103 = VERTEX_POINT('',#5104);
#5104 = CARTESIAN_POINT('',(19.209103465619,-22.5,2.6));
#5105 = SURFACE_CURVE('',#5106,(#5110,#5117),.PCURVE_S1.);
#5106 = LINE('',#5107,#5108);
#5107 = CARTESIAN_POINT('',(20.85455173281,-19.65,2.6));
#5108 = VECTOR('',#5109,1.);
#5109 = DIRECTION('',(-0.5,-0.866025403784,0.));
#5110 = PCURVE('',#2533,#5111);
#5111 = DEFINITIONAL_REPRESENTATION('',(#5112),#5116);
#5112 = LINE('',#5113,#5114);
#5113 = CARTESIAN_POINT('',(0.,-3.6));
#5114 = VECTOR('',#5115,1.);
#5115 = DIRECTION('',(1.,0.));
#5116 = ( GEOMETRIC_REPRESENTATION_CONTEXT(2) 
PARAMETRIC_REPRESENTATION_CONTEXT() REPRESENTATION_CONTEXT('2D SPACE',''
  ) );
#5117 = PCURVE('',#5064,#5118);
#5118 = DEFINITIONAL_REPRESENTATION('',(#5119),#5123);
#5119 = LINE('',#5120,#5121);
#5120 = CARTESIAN_POINT('',(-1.64544826719,2.85));
#5121 = VECTOR('',#5122,1.);
#5122 = DIRECTION('',(-0.5,-0.866025403784));
#5123 = ( GEOMETRIC_REPRESENTATION_CONTEXT(2) 
PARAMETRIC_REPRESENTATION_CONTEXT() REPRESENTATION_CONTEXT('2D SPACE',''
  ) );
#5124 = ORIENTED_EDGE('',*,*,#5125,.F.);
#5125 = EDGE_CURVE('',#2495,#5103,#5126,.T.);
#5126 = SURFACE_CURVE('',#5127,(#5131,#5138),.PCURVE_S1.);
#5127 = LINE('',#5128,#5129);
#5128 = CARTESIAN_POINT('',(19.209103465619,-22.5,-1.));
#5129 = VECTOR('',#5130,1.);
#5130 = DIRECTION('',(0.,0.,1.));
#5131 = PCURVE('',#2533,#5132);
#5132 = DEFINITIONAL_REPRESENTATION('',(#5133),#5137);
#5133 = LINE('',#5134,#5135);
#5134 = CARTESIAN_POINT('',(3.290896534381,0.));
#5135 = VECTOR('',#5136,1.);
#5136 = DIRECTION('',(0.,-1.));
#5137 = ( GEOMETRIC_REPRESENTATION_CONTEXT(2) 
PARAMETRIC_REPRESENTATION_CONTEXT() REPRESENTATION_CONTEXT('2D SPACE',''
  ) );
#5138 = PCURVE('',#2509,#5139);
#5139 = DEFINITIONAL_REPRESENTATION('',(#5140),#5144);
#5140 = LINE('',#5141,#5142);
#5141 = CARTESIAN_POINT('',(0.,0.));
#5142 = VECTOR('',#5143,1.);
#5143 = DIRECTION('',(0.,-1.));
#5144 = ( GEOMETRIC_REPRESENTATION_CONTEXT(2) 
PARAMETRIC_REPRESENTATION_CONTEXT() REPRESENTATION_CONTEXT('2D SPACE',''
  ) );
#5145 = ADVANCED_FACE('',(#5146),#2431,.T.);
#5146 = FACE_BOUND('',#5147,.T.);
#5147 = EDGE_LOOP('',(#5148,#5149,#5172,#5193));
#5148 = ORIENTED_EDGE('',*,*,#2416,.T.);
#5149 = ORIENTED_EDGE('',*,*,#5150,.T.);
#5150 = EDGE_CURVE('',#2417,#5151,#5153,.T.);
#5151 = VERTEX_POINT('',#5152);
#5152 = CARTESIAN_POINT('',(25.790896534381,-22.5,2.6));
#5153 = SURFACE_CURVE('',#5154,(#5158,#5165),.PCURVE_S1.);
#5154 = LINE('',#5155,#5156);
#5155 = CARTESIAN_POINT('',(25.790896534381,-22.5,-1.));
#5156 = VECTOR('',#5157,1.);
#5157 = DIRECTION('',(0.,0.,1.));
#5158 = PCURVE('',#2431,#5159);
#5159 = DEFINITIONAL_REPRESENTATION('',(#5160),#5164);
#5160 = LINE('',#5161,#5162);
#5161 = CARTESIAN_POINT('',(0.,0.));
#5162 = VECTOR('',#5163,1.);
#5163 = DIRECTION('',(0.,-1.));
#5164 = ( GEOMETRIC_REPRESENTATION_CONTEXT(2) 
PARAMETRIC_REPRESENTATION_CONTEXT() REPRESENTATION_CONTEXT('2D SPACE',''
  ) );
#5165 = PCURVE('',#2457,#5166);
#5166 = DEFINITIONAL_REPRESENTATION('',(#5167),#5171);
#5167 = LINE('',#5168,#5169);
#5168 = CARTESIAN_POINT('',(3.290896534381,0.));
#5169 = VECTOR('',#5170,1.);
#5170 = DIRECTION('',(0.,-1.));
#5171 = ( GEOMETRIC_REPRESENTATION_CONTEXT(2) 
PARAMETRIC_REPRESENTATION_CONTEXT() REPRESENTATION_CONTEXT('2D SPACE',''
  ) );
#5172 = ORIENTED_EDGE('',*,*,#5173,.T.);
#5173 = EDGE_CURVE('',#5151,#5026,#5174,.T.);
#5174 = SURFACE_CURVE('',#5175,(#5179,#5186),.PCURVE_S1.);
#5175 = LINE('',#5176,#5177);
#5176 = CARTESIAN_POINT('',(25.790896534381,-22.5,2.6));
#5177 = VECTOR('',#5178,1.);
#5178 = DIRECTION('',(-0.5,0.866025403784,0.));
#5179 = PCURVE('',#2431,#5180);
#5180 = DEFINITIONAL_REPRESENTATION('',(#5181),#5185);
#5181 = LINE('',#5182,#5183);
#5182 = CARTESIAN_POINT('',(0.,-3.6));
#5183 = VECTOR('',#5184,1.);
#5184 = DIRECTION('',(1.,0.));
#5185 = ( GEOMETRIC_REPRESENTATION_CONTEXT(2) 
PARAMETRIC_REPRESENTATION_CONTEXT() REPRESENTATION_CONTEXT('2D SPACE',''
  ) );
#5186 = PCURVE('',#5064,#5187);
#5187 = DEFINITIONAL_REPRESENTATION('',(#5188),#5192);
#5188 = LINE('',#5189,#5190);
#5189 = CARTESIAN_POINT('',(3.290896534381,-3.552713678801E-15));
#5190 = VECTOR('',#5191,1.);
#5191 = DIRECTION('',(-0.5,0.866025403784));
#5192 = ( GEOMETRIC_REPRESENTATION_CONTEXT(2) 
PARAMETRIC_REPRESENTATION_CONTEXT() REPRESENTATION_CONTEXT('2D SPACE',''
  ) );
#5193 = ORIENTED_EDGE('',*,*,#5025,.F.);
#5194 = ADVANCED_FACE('',(#5195),#2509,.T.);
#5195 = FACE_BOUND('',#5196,.T.);
#5196 = EDGE_LOOP('',(#5197,#5198,#5199,#5222));
#5197 = ORIENTED_EDGE('',*,*,#2494,.T.);
#5198 = ORIENTED_EDGE('',*,*,#5125,.T.);
#5199 = ORIENTED_EDGE('',*,*,#5200,.T.);
#5200 = EDGE_CURVE('',#5103,#5201,#5203,.T.);
#5201 = VERTEX_POINT('',#5202);
#5202 = CARTESIAN_POINT('',(20.85455173281,-25.35,2.6));
#5203 = SURFACE_CURVE('',#5204,(#5208,#5215),.PCURVE_S1.);
#5204 = LINE('',#5205,#5206);
#5205 = CARTESIAN_POINT('',(19.209103465619,-22.5,2.6));
#5206 = VECTOR('',#5207,1.);
#5207 = DIRECTION('',(0.5,-0.866025403784,0.));
#5208 = PCURVE('',#2509,#5209);
#5209 = DEFINITIONAL_REPRESENTATION('',(#5210),#5214);
#5210 = LINE('',#5211,#5212);
#5211 = CARTESIAN_POINT('',(0.,-3.6));
#5212 = VECTOR('',#5213,1.);
#5213 = DIRECTION('',(1.,0.));
#5214 = ( GEOMETRIC_REPRESENTATION_CONTEXT(2) 
PARAMETRIC_REPRESENTATION_CONTEXT() REPRESENTATION_CONTEXT('2D SPACE',''
  ) );
#5215 = PCURVE('',#5064,#5216);
#5216 = DEFINITIONAL_REPRESENTATION('',(#5217),#5221);
#5217 = LINE('',#5218,#5219);
#5218 = CARTESIAN_POINT('',(-3.290896534381,-3.552713678801E-15));
#5219 = VECTOR('',#5220,1.);
#5220 = DIRECTION('',(0.5,-0.866025403784));
#5221 = ( GEOMETRIC_REPRESENTATION_CONTEXT(2) 
PARAMETRIC_REPRESENTATION_CONTEXT() REPRESENTATION_CONTEXT('2D SPACE',''
  ) );
#5222 = ORIENTED_EDGE('',*,*,#5223,.F.);
#5223 = EDGE_CURVE('',#2469,#5201,#5224,.T.);
#5224 = SURFACE_CURVE('',#5225,(#5229,#5236),.PCURVE_S1.);
#5225 = LINE('',#5226,#5227);
#5226 = CARTESIAN_POINT('',(20.85455173281,-25.35,-1.));
#5227 = VECTOR('',#5228,1.);
#5228 = DIRECTION('',(0.,0.,1.));
#5229 = PCURVE('',#2509,#5230);
#5230 = DEFINITIONAL_REPRESENTATION('',(#5231),#5235);
#5231 = LINE('',#5232,#5233);
#5232 = CARTESIAN_POINT('',(3.290896534381,0.));
#5233 = VECTOR('',#5234,1.);
#5234 = DIRECTION('',(0.,-1.));
#5235 = ( GEOMETRIC_REPRESENTATION_CONTEXT(2) 
PARAMETRIC_REPRESENTATION_CONTEXT() REPRESENTATION_CONTEXT('2D SPACE',''
  ) );
#5236 = PCURVE('',#2483,#5237);
#5237 = DEFINITIONAL_REPRESENTATION('',(#5238),#5242);
#5238 = LINE('',#5239,#5240);
#5239 = CARTESIAN_POINT('',(0.,0.));
#5240 = VECTOR('',#5241,1.);
#5241 = DIRECTION('',(0.,-1.));
#5242 = ( GEOMETRIC_REPRESENTATION_CONTEXT(2) 
PARAMETRIC_REPRESENTATION_CONTEXT() REPRESENTATION_CONTEXT('2D SPACE',''
  ) );
#5243 = ADVANCED_FACE('',(#5244),#2457,.T.);
#5244 = FACE_BOUND('',#5245,.T.);
#5245 = EDGE_LOOP('',(#5246,#5247,#5270,#5291));
#5246 = ORIENTED_EDGE('',*,*,#2442,.T.);
#5247 = ORIENTED_EDGE('',*,*,#5248,.T.);
#5248 = EDGE_CURVE('',#2443,#5249,#5251,.T.);
#5249 = VERTEX_POINT('',#5250);
#5250 = CARTESIAN_POINT('',(24.14544826719,-25.35,2.6));
#5251 = SURFACE_CURVE('',#5252,(#5256,#5263),.PCURVE_S1.);
#5252 = LINE('',#5253,#5254);
#5253 = CARTESIAN_POINT('',(24.14544826719,-25.35,-1.));
#5254 = VECTOR('',#5255,1.);
#5255 = DIRECTION('',(0.,0.,1.));
#5256 = PCURVE('',#2457,#5257);
#5257 = DEFINITIONAL_REPRESENTATION('',(#5258),#5262);
#5258 = LINE('',#5259,#5260);
#5259 = CARTESIAN_POINT('',(0.,0.));
#5260 = VECTOR('',#5261,1.);
#5261 = DIRECTION('',(0.,-1.));
#5262 = ( GEOMETRIC_REPRESENTATION_CONTEXT(2) 
PARAMETRIC_REPRESENTATION_CONTEXT() REPRESENTATION_CONTEXT('2D SPACE',''
  ) );
#5263 = PCURVE('',#2483,#5264);
#5264 = DEFINITIONAL_REPRESENTATION('',(#5265),#5269);
#5265 = LINE('',#5266,#5267);
#5266 = CARTESIAN_POINT('',(3.290896534381,0.));
#5267 = VECTOR('',#5268,1.);
#5268 = DIRECTION('',(0.,-1.));
#5269 = ( GEOMETRIC_REPRESENTATION_CONTEXT(2) 
PARAMETRIC_REPRESENTATION_CONTEXT() REPRESENTATION_CONTEXT('2D SPACE',''
  ) );
#5270 = ORIENTED_EDGE('',*,*,#5271,.T.);
#5271 = EDGE_CURVE('',#5249,#5151,#5272,.T.);
#5272 = SURFACE_CURVE('',#5273,(#5277,#5284),.PCURVE_S1.);
#5273 = LINE('',#5274,#5275);
#5274 = CARTESIAN_POINT('',(24.14544826719,-25.35,2.6));
#5275 = VECTOR('',#5276,1.);
#5276 = DIRECTION('',(0.5,0.866025403784,0.));
#5277 = PCURVE('',#2457,#5278);
#5278 = DEFINITIONAL_REPRESENTATION('',(#5279),#5283);
#5279 = LINE('',#5280,#5281);
#5280 = CARTESIAN_POINT('',(0.,-3.6));
#5281 = VECTOR('',#5282,1.);
#5282 = DIRECTION('',(1.,0.));
#5283 = ( GEOMETRIC_REPRESENTATION_CONTEXT(2) 
PARAMETRIC_REPRESENTATION_CONTEXT() REPRESENTATION_CONTEXT('2D SPACE',''
  ) );
#5284 = PCURVE('',#5064,#5285);
#5285 = DEFINITIONAL_REPRESENTATION('',(#5286),#5290);
#5286 = LINE('',#5287,#5288);
#5287 = CARTESIAN_POINT('',(1.64544826719,-2.85));
#5288 = VECTOR('',#5289,1.);
#5289 = DIRECTION('',(0.5,0.866025403784));
#5290 = ( GEOMETRIC_REPRESENTATION_CONTEXT(2) 
PARAMETRIC_REPRESENTATION_CONTEXT() REPRESENTATION_CONTEXT('2D SPACE',''
  ) );
#5291 = ORIENTED_EDGE('',*,*,#5150,.F.);
#5292 = ADVANCED_FACE('',(#5293),#2483,.T.);
#5293 = FACE_BOUND('',#5294,.T.);
#5294 = EDGE_LOOP('',(#5295,#5296,#5297,#5318));
#5295 = ORIENTED_EDGE('',*,*,#2468,.T.);
#5296 = ORIENTED_EDGE('',*,*,#5223,.T.);
#5297 = ORIENTED_EDGE('',*,*,#5298,.T.);
#5298 = EDGE_CURVE('',#5201,#5249,#5299,.T.);
#5299 = SURFACE_CURVE('',#5300,(#5304,#5311),.PCURVE_S1.);
#5300 = LINE('',#5301,#5302);
#5301 = CARTESIAN_POINT('',(20.85455173281,-25.35,2.6));
#5302 = VECTOR('',#5303,1.);
#5303 = DIRECTION('',(1.,-6.747237496083E-16,0.));
#5304 = PCURVE('',#2483,#5305);
#5305 = DEFINITIONAL_REPRESENTATION('',(#5306),#5310);
#5306 = LINE('',#5307,#5308);
#5307 = CARTESIAN_POINT('',(0.,-3.6));
#5308 = VECTOR('',#5309,1.);
#5309 = DIRECTION('',(1.,0.));
#5310 = ( GEOMETRIC_REPRESENTATION_CONTEXT(2) 
PARAMETRIC_REPRESENTATION_CONTEXT() REPRESENTATION_CONTEXT('2D SPACE',''
  ) );
#5311 = PCURVE('',#5064,#5312);
#5312 = DEFINITIONAL_REPRESENTATION('',(#5313),#5317);
#5313 = LINE('',#5314,#5315);
#5314 = CARTESIAN_POINT('',(-1.64544826719,-2.85));
#5315 = VECTOR('',#5316,1.);
#5316 = DIRECTION('',(1.,-6.747237496083E-16));
#5317 = ( GEOMETRIC_REPRESENTATION_CONTEXT(2) 
PARAMETRIC_REPRESENTATION_CONTEXT() REPRESENTATION_CONTEXT('2D SPACE',''
  ) );
#5318 = ORIENTED_EDGE('',*,*,#5248,.F.);
#5319 = ADVANCED_FACE('',(#5320),#2563,.T.);
#5320 = FACE_BOUND('',#5321,.T.);
#5321 = EDGE_LOOP('',(#5322,#5323,#5346,#5374));
#5322 = ORIENTED_EDGE('',*,*,#2546,.T.);
#5323 = ORIENTED_EDGE('',*,*,#5324,.T.);
#5324 = EDGE_CURVE('',#2549,#5325,#5327,.T.);
#5325 = VERTEX_POINT('',#5326);
#5326 = CARTESIAN_POINT('',(-20.85455173281,25.35,2.6));
#5327 = SURFACE_CURVE('',#5328,(#5332,#5339),.PCURVE_S1.);
#5328 = LINE('',#5329,#5330);
#5329 = CARTESIAN_POINT('',(-20.85455173281,25.35,-1.));
#5330 = VECTOR('',#5331,1.);
#5331 = DIRECTION('',(0.,0.,1.));
#5332 = PCURVE('',#2563,#5333);
#5333 = DEFINITIONAL_REPRESENTATION('',(#5334),#5338);
#5334 = LINE('',#5335,#5336);
#5335 = CARTESIAN_POINT('',(0.,0.));
#5336 = VECTOR('',#5337,1.);
#5337 = DIRECTION('',(0.,-1.));
#5338 = ( GEOMETRIC_REPRESENTATION_CONTEXT(2) 
PARAMETRIC_REPRESENTATION_CONTEXT() REPRESENTATION_CONTEXT('2D SPACE',''
  ) );
#5339 = PCURVE('',#2589,#5340);
#5340 = DEFINITIONAL_REPRESENTATION('',(#5341),#5345);
#5341 = LINE('',#5342,#5343);
#5342 = CARTESIAN_POINT('',(3.290896534381,0.));
#5343 = VECTOR('',#5344,1.);
#5344 = DIRECTION('',(0.,-1.));
#5345 = ( GEOMETRIC_REPRESENTATION_CONTEXT(2) 
PARAMETRIC_REPRESENTATION_CONTEXT() REPRESENTATION_CONTEXT('2D SPACE',''
  ) );
#5346 = ORIENTED_EDGE('',*,*,#5347,.T.);
#5347 = EDGE_CURVE('',#5325,#5348,#5350,.T.);
#5348 = VERTEX_POINT('',#5349);
#5349 = CARTESIAN_POINT('',(-24.14544826719,25.35,2.6));
#5350 = SURFACE_CURVE('',#5351,(#5355,#5362),.PCURVE_S1.);
#5351 = LINE('',#5352,#5353);
#5352 = CARTESIAN_POINT('',(-20.85455173281,25.35,2.6));
#5353 = VECTOR('',#5354,1.);
#5354 = DIRECTION('',(-1.,1.349447499217E-16,0.));
#5355 = PCURVE('',#2563,#5356);
#5356 = DEFINITIONAL_REPRESENTATION('',(#5357),#5361);
#5357 = LINE('',#5358,#5359);
#5358 = CARTESIAN_POINT('',(0.,-3.6));
#5359 = VECTOR('',#5360,1.);
#5360 = DIRECTION('',(1.,0.));
#5361 = ( GEOMETRIC_REPRESENTATION_CONTEXT(2) 
PARAMETRIC_REPRESENTATION_CONTEXT() REPRESENTATION_CONTEXT('2D SPACE',''
  ) );
#5362 = PCURVE('',#5363,#5368);
#5363 = PLANE('',#5364);
#5364 = AXIS2_PLACEMENT_3D('',#5365,#5366,#5367);
#5365 = CARTESIAN_POINT('',(-22.5,22.5,2.6));
#5366 = DIRECTION('',(0.,0.,1.));
#5367 = DIRECTION('',(1.,0.,-0.));
#5368 = DEFINITIONAL_REPRESENTATION('',(#5369),#5373);
#5369 = LINE('',#5370,#5371);
#5370 = CARTESIAN_POINT('',(1.64544826719,2.85));
#5371 = VECTOR('',#5372,1.);
#5372 = DIRECTION('',(-1.,1.349447499217E-16));
#5373 = ( GEOMETRIC_REPRESENTATION_CONTEXT(2) 
PARAMETRIC_REPRESENTATION_CONTEXT() REPRESENTATION_CONTEXT('2D SPACE',''
  ) );
#5374 = ORIENTED_EDGE('',*,*,#5375,.F.);
#5375 = EDGE_CURVE('',#2547,#5348,#5376,.T.);
#5376 = SURFACE_CURVE('',#5377,(#5381,#5388),.PCURVE_S1.);
#5377 = LINE('',#5378,#5379);
#5378 = CARTESIAN_POINT('',(-24.14544826719,25.35,-1.));
#5379 = VECTOR('',#5380,1.);
#5380 = DIRECTION('',(0.,0.,1.));
#5381 = PCURVE('',#2563,#5382);
#5382 = DEFINITIONAL_REPRESENTATION('',(#5383),#5387);
#5383 = LINE('',#5384,#5385);
#5384 = CARTESIAN_POINT('',(3.290896534381,0.));
#5385 = VECTOR('',#5386,1.);
#5386 = DIRECTION('',(0.,-1.));
#5387 = ( GEOMETRIC_REPRESENTATION_CONTEXT(2) 
PARAMETRIC_REPRESENTATION_CONTEXT() REPRESENTATION_CONTEXT('2D SPACE',''
  ) );
#5388 = PCURVE('',#2691,#5389);
#5389 = DEFINITIONAL_REPRESENTATION('',(#5390),#5394);
#5390 = LINE('',#5391,#5392);
#5391 = CARTESIAN_POINT('',(0.,0.));
#5392 = VECTOR('',#5393,1.);
#5393 = DIRECTION('',(0.,-1.));
#5394 = ( GEOMETRIC_REPRESENTATION_CONTEXT(2) 
PARAMETRIC_REPRESENTATION_CONTEXT() REPRESENTATION_CONTEXT('2D SPACE',''
  ) );
#5395 = ADVANCED_FACE('',(#5396),#2691,.T.);
#5396 = FACE_BOUND('',#5397,.T.);
#5397 = EDGE_LOOP('',(#5398,#5399,#5400,#5423));
#5398 = ORIENTED_EDGE('',*,*,#2678,.T.);
#5399 = ORIENTED_EDGE('',*,*,#5375,.T.);
#5400 = ORIENTED_EDGE('',*,*,#5401,.T.);
#5401 = EDGE_CURVE('',#5348,#5402,#5404,.T.);
#5402 = VERTEX_POINT('',#5403);
#5403 = CARTESIAN_POINT('',(-25.79089653438,22.5,2.6));
#5404 = SURFACE_CURVE('',#5405,(#5409,#5416),.PCURVE_S1.);
#5405 = LINE('',#5406,#5407);
#5406 = CARTESIAN_POINT('',(-24.14544826719,25.35,2.6));
#5407 = VECTOR('',#5408,1.);
#5408 = DIRECTION('',(-0.5,-0.866025403784,0.));
#5409 = PCURVE('',#2691,#5410);
#5410 = DEFINITIONAL_REPRESENTATION('',(#5411),#5415);
#5411 = LINE('',#5412,#5413);
#5412 = CARTESIAN_POINT('',(0.,-3.6));
#5413 = VECTOR('',#5414,1.);
#5414 = DIRECTION('',(1.,0.));
#5415 = ( GEOMETRIC_REPRESENTATION_CONTEXT(2) 
PARAMETRIC_REPRESENTATION_CONTEXT() REPRESENTATION_CONTEXT('2D SPACE',''
  ) );
#5416 = PCURVE('',#5363,#5417);
#5417 = DEFINITIONAL_REPRESENTATION('',(#5418),#5422);
#5418 = LINE('',#5419,#5420);
#5419 = CARTESIAN_POINT('',(-1.64544826719,2.85));
#5420 = VECTOR('',#5421,1.);
#5421 = DIRECTION('',(-0.5,-0.866025403784));
#5422 = ( GEOMETRIC_REPRESENTATION_CONTEXT(2) 
PARAMETRIC_REPRESENTATION_CONTEXT() REPRESENTATION_CONTEXT('2D SPACE',''
  ) );
#5423 = ORIENTED_EDGE('',*,*,#5424,.F.);
#5424 = EDGE_CURVE('',#2653,#5402,#5425,.T.);
#5425 = SURFACE_CURVE('',#5426,(#5430,#5437),.PCURVE_S1.);
#5426 = LINE('',#5427,#5428);
#5427 = CARTESIAN_POINT('',(-25.79089653438,22.5,-1.));
#5428 = VECTOR('',#5429,1.);
#5429 = DIRECTION('',(0.,0.,1.));
#5430 = PCURVE('',#2691,#5431);
#5431 = DEFINITIONAL_REPRESENTATION('',(#5432),#5436);
#5432 = LINE('',#5433,#5434);
#5433 = CARTESIAN_POINT('',(3.290896534381,0.));
#5434 = VECTOR('',#5435,1.);
#5435 = DIRECTION('',(0.,-1.));
#5436 = ( GEOMETRIC_REPRESENTATION_CONTEXT(2) 
PARAMETRIC_REPRESENTATION_CONTEXT() REPRESENTATION_CONTEXT('2D SPACE',''
  ) );
#5437 = PCURVE('',#2667,#5438);
#5438 = DEFINITIONAL_REPRESENTATION('',(#5439),#5443);
#5439 = LINE('',#5440,#5441);
#5440 = CARTESIAN_POINT('',(0.,0.));
#5441 = VECTOR('',#5442,1.);
#5442 = DIRECTION('',(0.,-1.));
#5443 = ( GEOMETRIC_REPRESENTATION_CONTEXT(2) 
PARAMETRIC_REPRESENTATION_CONTEXT() REPRESENTATION_CONTEXT('2D SPACE',''
  ) );
#5444 = ADVANCED_FACE('',(#5445),#2589,.T.);
#5445 = FACE_BOUND('',#5446,.T.);
#5446 = EDGE_LOOP('',(#5447,#5448,#5471,#5492));
#5447 = ORIENTED_EDGE('',*,*,#2574,.T.);
#5448 = ORIENTED_EDGE('',*,*,#5449,.T.);
#5449 = EDGE_CURVE('',#2575,#5450,#5452,.T.);
#5450 = VERTEX_POINT('',#5451);
#5451 = CARTESIAN_POINT('',(-19.20910346561,22.5,2.6));
#5452 = SURFACE_CURVE('',#5453,(#5457,#5464),.PCURVE_S1.);
#5453 = LINE('',#5454,#5455);
#5454 = CARTESIAN_POINT('',(-19.20910346561,22.5,-1.));
#5455 = VECTOR('',#5456,1.);
#5456 = DIRECTION('',(0.,0.,1.));
#5457 = PCURVE('',#2589,#5458);
#5458 = DEFINITIONAL_REPRESENTATION('',(#5459),#5463);
#5459 = LINE('',#5460,#5461);
#5460 = CARTESIAN_POINT('',(0.,0.));
#5461 = VECTOR('',#5462,1.);
#5462 = DIRECTION('',(0.,-1.));
#5463 = ( GEOMETRIC_REPRESENTATION_CONTEXT(2) 
PARAMETRIC_REPRESENTATION_CONTEXT() REPRESENTATION_CONTEXT('2D SPACE',''
  ) );
#5464 = PCURVE('',#2615,#5465);
#5465 = DEFINITIONAL_REPRESENTATION('',(#5466),#5470);
#5466 = LINE('',#5467,#5468);
#5467 = CARTESIAN_POINT('',(3.290896534381,0.));
#5468 = VECTOR('',#5469,1.);
#5469 = DIRECTION('',(0.,-1.));
#5470 = ( GEOMETRIC_REPRESENTATION_CONTEXT(2) 
PARAMETRIC_REPRESENTATION_CONTEXT() REPRESENTATION_CONTEXT('2D SPACE',''
  ) );
#5471 = ORIENTED_EDGE('',*,*,#5472,.T.);
#5472 = EDGE_CURVE('',#5450,#5325,#5473,.T.);
#5473 = SURFACE_CURVE('',#5474,(#5478,#5485),.PCURVE_S1.);
#5474 = LINE('',#5475,#5476);
#5475 = CARTESIAN_POINT('',(-19.20910346561,22.5,2.6));
#5476 = VECTOR('',#5477,1.);
#5477 = DIRECTION('',(-0.5,0.866025403784,0.));
#5478 = PCURVE('',#2589,#5479);
#5479 = DEFINITIONAL_REPRESENTATION('',(#5480),#5484);
#5480 = LINE('',#5481,#5482);
#5481 = CARTESIAN_POINT('',(0.,-3.6));
#5482 = VECTOR('',#5483,1.);
#5483 = DIRECTION('',(1.,0.));
#5484 = ( GEOMETRIC_REPRESENTATION_CONTEXT(2) 
PARAMETRIC_REPRESENTATION_CONTEXT() REPRESENTATION_CONTEXT('2D SPACE',''
  ) );
#5485 = PCURVE('',#5363,#5486);
#5486 = DEFINITIONAL_REPRESENTATION('',(#5487),#5491);
#5487 = LINE('',#5488,#5489);
#5488 = CARTESIAN_POINT('',(3.290896534381,3.552713678801E-15));
#5489 = VECTOR('',#5490,1.);
#5490 = DIRECTION('',(-0.5,0.866025403784));
#5491 = ( GEOMETRIC_REPRESENTATION_CONTEXT(2) 
PARAMETRIC_REPRESENTATION_CONTEXT() REPRESENTATION_CONTEXT('2D SPACE',''
  ) );
#5492 = ORIENTED_EDGE('',*,*,#5324,.F.);
#5493 = ADVANCED_FACE('',(#5494),#2667,.T.);
#5494 = FACE_BOUND('',#5495,.T.);
#5495 = EDGE_LOOP('',(#5496,#5497,#5498,#5521));
#5496 = ORIENTED_EDGE('',*,*,#2652,.T.);
#5497 = ORIENTED_EDGE('',*,*,#5424,.T.);
#5498 = ORIENTED_EDGE('',*,*,#5499,.T.);
#5499 = EDGE_CURVE('',#5402,#5500,#5502,.T.);
#5500 = VERTEX_POINT('',#5501);
#5501 = CARTESIAN_POINT('',(-24.14544826719,19.65,2.6));
#5502 = SURFACE_CURVE('',#5503,(#5507,#5514),.PCURVE_S1.);
#5503 = LINE('',#5504,#5505);
#5504 = CARTESIAN_POINT('',(-25.79089653438,22.5,2.6));
#5505 = VECTOR('',#5506,1.);
#5506 = DIRECTION('',(0.5,-0.866025403784,0.));
#5507 = PCURVE('',#2667,#5508);
#5508 = DEFINITIONAL_REPRESENTATION('',(#5509),#5513);
#5509 = LINE('',#5510,#5511);
#5510 = CARTESIAN_POINT('',(0.,-3.6));
#5511 = VECTOR('',#5512,1.);
#5512 = DIRECTION('',(1.,0.));
#5513 = ( GEOMETRIC_REPRESENTATION_CONTEXT(2) 
PARAMETRIC_REPRESENTATION_CONTEXT() REPRESENTATION_CONTEXT('2D SPACE',''
  ) );
#5514 = PCURVE('',#5363,#5515);
#5515 = DEFINITIONAL_REPRESENTATION('',(#5516),#5520);
#5516 = LINE('',#5517,#5518);
#5517 = CARTESIAN_POINT('',(-3.290896534381,3.552713678801E-15));
#5518 = VECTOR('',#5519,1.);
#5519 = DIRECTION('',(0.5,-0.866025403784));
#5520 = ( GEOMETRIC_REPRESENTATION_CONTEXT(2) 
PARAMETRIC_REPRESENTATION_CONTEXT() REPRESENTATION_CONTEXT('2D SPACE',''
  ) );
#5521 = ORIENTED_EDGE('',*,*,#5522,.F.);
#5522 = EDGE_CURVE('',#2627,#5500,#5523,.T.);
#5523 = SURFACE_CURVE('',#5524,(#5528,#5535),.PCURVE_S1.);
#5524 = LINE('',#5525,#5526);
#5525 = CARTESIAN_POINT('',(-24.14544826719,19.65,-1.));
#5526 = VECTOR('',#5527,1.);
#5527 = DIRECTION('',(0.,0.,1.));
#5528 = PCURVE('',#2667,#5529);
#5529 = DEFINITIONAL_REPRESENTATION('',(#5530),#5534);
#5530 = LINE('',#5531,#5532);
#5531 = CARTESIAN_POINT('',(3.290896534381,0.));
#5532 = VECTOR('',#5533,1.);
#5533 = DIRECTION('',(0.,-1.));
#5534 = ( GEOMETRIC_REPRESENTATION_CONTEXT(2) 
PARAMETRIC_REPRESENTATION_CONTEXT() REPRESENTATION_CONTEXT('2D SPACE',''
  ) );
#5535 = PCURVE('',#2641,#5536);
#5536 = DEFINITIONAL_REPRESENTATION('',(#5537),#5541);
#5537 = LINE('',#5538,#5539);
#5538 = CARTESIAN_POINT('',(0.,0.));
#5539 = VECTOR('',#5540,1.);
#5540 = DIRECTION('',(0.,-1.));
#5541 = ( GEOMETRIC_REPRESENTATION_CONTEXT(2) 
PARAMETRIC_REPRESENTATION_CONTEXT() REPRESENTATION_CONTEXT('2D SPACE',''
  ) );
#5542 = ADVANCED_FACE('',(#5543),#2615,.T.);
#5543 = FACE_BOUND('',#5544,.T.);
#5544 = EDGE_LOOP('',(#5545,#5546,#5569,#5590));
#5545 = ORIENTED_EDGE('',*,*,#2600,.T.);
#5546 = ORIENTED_EDGE('',*,*,#5547,.T.);
#5547 = EDGE_CURVE('',#2601,#5548,#5550,.T.);
#5548 = VERTEX_POINT('',#5549);
#5549 = CARTESIAN_POINT('',(-20.85455173281,19.65,2.6));
#5550 = SURFACE_CURVE('',#5551,(#5555,#5562),.PCURVE_S1.);
#5551 = LINE('',#5552,#5553);
#5552 = CARTESIAN_POINT('',(-20.85455173281,19.65,-1.));
#5553 = VECTOR('',#5554,1.);
#5554 = DIRECTION('',(0.,0.,1.));
#5555 = PCURVE('',#2615,#5556);
#5556 = DEFINITIONAL_REPRESENTATION('',(#5557),#5561);
#5557 = LINE('',#5558,#5559);
#5558 = CARTESIAN_POINT('',(0.,0.));
#5559 = VECTOR('',#5560,1.);
#5560 = DIRECTION('',(0.,-1.));
#5561 = ( GEOMETRIC_REPRESENTATION_CONTEXT(2) 
PARAMETRIC_REPRESENTATION_CONTEXT() REPRESENTATION_CONTEXT('2D SPACE',''
  ) );
#5562 = PCURVE('',#2641,#5563);
#5563 = DEFINITIONAL_REPRESENTATION('',(#5564),#5568);
#5564 = LINE('',#5565,#5566);
#5565 = CARTESIAN_POINT('',(3.290896534381,0.));
#5566 = VECTOR('',#5567,1.);
#5567 = DIRECTION('',(0.,-1.));
#5568 = ( GEOMETRIC_REPRESENTATION_CONTEXT(2) 
PARAMETRIC_REPRESENTATION_CONTEXT() REPRESENTATION_CONTEXT('2D SPACE',''
  ) );
#5569 = ORIENTED_EDGE('',*,*,#5570,.T.);
#5570 = EDGE_CURVE('',#5548,#5450,#5571,.T.);
#5571 = SURFACE_CURVE('',#5572,(#5576,#5583),.PCURVE_S1.);
#5572 = LINE('',#5573,#5574);
#5573 = CARTESIAN_POINT('',(-20.85455173281,19.65,2.6));
#5574 = VECTOR('',#5575,1.);
#5575 = DIRECTION('',(0.5,0.866025403784,0.));
#5576 = PCURVE('',#2615,#5577);
#5577 = DEFINITIONAL_REPRESENTATION('',(#5578),#5582);
#5578 = LINE('',#5579,#5580);
#5579 = CARTESIAN_POINT('',(0.,-3.6));
#5580 = VECTOR('',#5581,1.);
#5581 = DIRECTION('',(1.,0.));
#5582 = ( GEOMETRIC_REPRESENTATION_CONTEXT(2) 
PARAMETRIC_REPRESENTATION_CONTEXT() REPRESENTATION_CONTEXT('2D SPACE',''
  ) );
#5583 = PCURVE('',#5363,#5584);
#5584 = DEFINITIONAL_REPRESENTATION('',(#5585),#5589);
#5585 = LINE('',#5586,#5587);
#5586 = CARTESIAN_POINT('',(1.64544826719,-2.85));
#5587 = VECTOR('',#5588,1.);
#5588 = DIRECTION('',(0.5,0.866025403784));
#5589 = ( GEOMETRIC_REPRESENTATION_CONTEXT(2) 
PARAMETRIC_REPRESENTATION_CONTEXT() REPRESENTATION_CONTEXT('2D SPACE',''
  ) );
#5590 = ORIENTED_EDGE('',*,*,#5449,.F.);
#5591 = ADVANCED_FACE('',(#5592),#2641,.T.);
#5592 = FACE_BOUND('',#5593,.T.);
#5593 = EDGE_LOOP('',(#5594,#5595,#5596,#5617));
#5594 = ORIENTED_EDGE('',*,*,#2626,.T.);
#5595 = ORIENTED_EDGE('',*,*,#5522,.T.);
#5596 = ORIENTED_EDGE('',*,*,#5597,.T.);
#5597 = EDGE_CURVE('',#5500,#5548,#5598,.T.);
#5598 = SURFACE_CURVE('',#5599,(#5603,#5610),.PCURVE_S1.);
#5599 = LINE('',#5600,#5601);
#5600 = CARTESIAN_POINT('',(-24.14544826719,19.65,2.6));
#5601 = VECTOR('',#5602,1.);
#5602 = DIRECTION('',(1.,-6.747237496083E-16,0.));
#5603 = PCURVE('',#2641,#5604);
#5604 = DEFINITIONAL_REPRESENTATION('',(#5605),#5609);
#5605 = LINE('',#5606,#5607);
#5606 = CARTESIAN_POINT('',(0.,-3.6));
#5607 = VECTOR('',#5608,1.);
#5608 = DIRECTION('',(1.,0.));
#5609 = ( GEOMETRIC_REPRESENTATION_CONTEXT(2) 
PARAMETRIC_REPRESENTATION_CONTEXT() REPRESENTATION_CONTEXT('2D SPACE',''
  ) );
#5610 = PCURVE('',#5363,#5611);
#5611 = DEFINITIONAL_REPRESENTATION('',(#5612),#5616);
#5612 = LINE('',#5613,#5614);
#5613 = CARTESIAN_POINT('',(-1.64544826719,-2.85));
#5614 = VECTOR('',#5615,1.);
#5615 = DIRECTION('',(1.,-6.747237496083E-16));
#5616 = ( GEOMETRIC_REPRESENTATION_CONTEXT(2) 
PARAMETRIC_REPRESENTATION_CONTEXT() REPRESENTATION_CONTEXT('2D SPACE',''
  ) );
#5617 = ORIENTED_EDGE('',*,*,#5547,.F.);
#5618 = ADVANCED_FACE('',(#5619),#2747,.T.);
#5619 = FACE_BOUND('',#5620,.T.);
#5620 = EDGE_LOOP('',(#5621,#5622,#5645,#5668));
#5621 = ORIENTED_EDGE('',*,*,#2730,.T.);
#5622 = ORIENTED_EDGE('',*,*,#5623,.T.);
#5623 = EDGE_CURVE('',#2733,#5624,#5626,.T.);
#5624 = VERTEX_POINT('',#5625);
#5625 = CARTESIAN_POINT('',(24.14544826719,25.35,2.6));
#5626 = SURFACE_CURVE('',#5627,(#5631,#5638),.PCURVE_S1.);
#5627 = LINE('',#5628,#5629);
#5628 = CARTESIAN_POINT('',(24.14544826719,25.35,-1.));
#5629 = VECTOR('',#5630,1.);
#5630 = DIRECTION('',(0.,0.,1.));
#5631 = PCURVE('',#2747,#5632);
#5632 = DEFINITIONAL_REPRESENTATION('',(#5633),#5637);
#5633 = LINE('',#5634,#5635);
#5634 = CARTESIAN_POINT('',(0.,0.));
#5635 = VECTOR('',#5636,1.);
#5636 = DIRECTION('',(0.,-1.));
#5637 = ( GEOMETRIC_REPRESENTATION_CONTEXT(2) 
PARAMETRIC_REPRESENTATION_CONTEXT() REPRESENTATION_CONTEXT('2D SPACE',''
  ) );
#5638 = PCURVE('',#2773,#5639);
#5639 = DEFINITIONAL_REPRESENTATION('',(#5640),#5644);
#5640 = LINE('',#5641,#5642);
#5641 = CARTESIAN_POINT('',(3.290896534381,0.));
#5642 = VECTOR('',#5643,1.);
#5643 = DIRECTION('',(0.,-1.));
#5644 = ( GEOMETRIC_REPRESENTATION_CONTEXT(2) 
PARAMETRIC_REPRESENTATION_CONTEXT() REPRESENTATION_CONTEXT('2D SPACE',''
  ) );
#5645 = ORIENTED_EDGE('',*,*,#5646,.T.);
#5646 = EDGE_CURVE('',#5624,#5647,#5649,.T.);
#5647 = VERTEX_POINT('',#5648);
#5648 = CARTESIAN_POINT('',(20.85455173281,25.35,2.6));
#5649 = SURFACE_CURVE('',#5650,(#5654,#5661),.PCURVE_S1.);
#5650 = LINE('',#5651,#5652);
#5651 = CARTESIAN_POINT('',(24.14544826719,25.35,2.6));
#5652 = VECTOR('',#5653,1.);
#5653 = DIRECTION('',(-1.,1.349447499217E-16,0.));
#5654 = PCURVE('',#2747,#5655);
#5655 = DEFINITIONAL_REPRESENTATION('',(#5656),#5660);
#5656 = LINE('',#5657,#5658);
#5657 = CARTESIAN_POINT('',(0.,-3.6));
#5658 = VECTOR('',#5659,1.);
#5659 = DIRECTION('',(1.,0.));
#5660 = ( GEOMETRIC_REPRESENTATION_CONTEXT(2) 
PARAMETRIC_REPRESENTATION_CONTEXT() REPRESENTATION_CONTEXT('2D SPACE',''
  ) );
#5661 = PCURVE('',#4683,#5662);
#5662 = DEFINITIONAL_REPRESENTATION('',(#5663),#5667);
#5663 = LINE('',#5664,#5665);
#5664 = CARTESIAN_POINT('',(1.64544826719,2.85));
#5665 = VECTOR('',#5666,1.);
#5666 = DIRECTION('',(-1.,1.349447499217E-16));
#5667 = ( GEOMETRIC_REPRESENTATION_CONTEXT(2) 
PARAMETRIC_REPRESENTATION_CONTEXT() REPRESENTATION_CONTEXT('2D SPACE',''
  ) );
#5668 = ORIENTED_EDGE('',*,*,#5669,.F.);
#5669 = EDGE_CURVE('',#2731,#5647,#5670,.T.);
#5670 = SURFACE_CURVE('',#5671,(#5675,#5682),.PCURVE_S1.);
#5671 = LINE('',#5672,#5673);
#5672 = CARTESIAN_POINT('',(20.85455173281,25.35,-1.));
#5673 = VECTOR('',#5674,1.);
#5674 = DIRECTION('',(0.,0.,1.));
#5675 = PCURVE('',#2747,#5676);
#5676 = DEFINITIONAL_REPRESENTATION('',(#5677),#5681);
#5677 = LINE('',#5678,#5679);
#5678 = CARTESIAN_POINT('',(3.290896534381,0.));
#5679 = VECTOR('',#5680,1.);
#5680 = DIRECTION('',(0.,-1.));
#5681 = ( GEOMETRIC_REPRESENTATION_CONTEXT(2) 
PARAMETRIC_REPRESENTATION_CONTEXT() REPRESENTATION_CONTEXT('2D SPACE',''
  ) );
#5682 = PCURVE('',#2875,#5683);
#5683 = DEFINITIONAL_REPRESENTATION('',(#5684),#5688);
#5684 = LINE('',#5685,#5686);
#5685 = CARTESIAN_POINT('',(0.,0.));
#5686 = VECTOR('',#5687,1.);
#5687 = DIRECTION('',(0.,-1.));
#5688 = ( GEOMETRIC_REPRESENTATION_CONTEXT(2) 
PARAMETRIC_REPRESENTATION_CONTEXT() REPRESENTATION_CONTEXT('2D SPACE',''
  ) );
#5689 = ADVANCED_FACE('',(#5690),#2875,.T.);
#5690 = FACE_BOUND('',#5691,.T.);
#5691 = EDGE_LOOP('',(#5692,#5693,#5694,#5717));
#5692 = ORIENTED_EDGE('',*,*,#2862,.T.);
#5693 = ORIENTED_EDGE('',*,*,#5669,.T.);
#5694 = ORIENTED_EDGE('',*,*,#5695,.T.);
#5695 = EDGE_CURVE('',#5647,#5696,#5698,.T.);
#5696 = VERTEX_POINT('',#5697);
#5697 = CARTESIAN_POINT('',(19.209103465619,22.5,2.6));
#5698 = SURFACE_CURVE('',#5699,(#5703,#5710),.PCURVE_S1.);
#5699 = LINE('',#5700,#5701);
#5700 = CARTESIAN_POINT('',(20.85455173281,25.35,2.6));
#5701 = VECTOR('',#5702,1.);
#5702 = DIRECTION('',(-0.5,-0.866025403784,0.));
#5703 = PCURVE('',#2875,#5704);
#5704 = DEFINITIONAL_REPRESENTATION('',(#5705),#5709);
#5705 = LINE('',#5706,#5707);
#5706 = CARTESIAN_POINT('',(0.,-3.6));
#5707 = VECTOR('',#5708,1.);
#5708 = DIRECTION('',(1.,0.));
#5709 = ( GEOMETRIC_REPRESENTATION_CONTEXT(2) 
PARAMETRIC_REPRESENTATION_CONTEXT() REPRESENTATION_CONTEXT('2D SPACE',''
  ) );
#5710 = PCURVE('',#4683,#5711);
#5711 = DEFINITIONAL_REPRESENTATION('',(#5712),#5716);
#5712 = LINE('',#5713,#5714);
#5713 = CARTESIAN_POINT('',(-1.64544826719,2.85));
#5714 = VECTOR('',#5715,1.);
#5715 = DIRECTION('',(-0.5,-0.866025403784));
#5716 = ( GEOMETRIC_REPRESENTATION_CONTEXT(2) 
PARAMETRIC_REPRESENTATION_CONTEXT() REPRESENTATION_CONTEXT('2D SPACE',''
  ) );
#5717 = ORIENTED_EDGE('',*,*,#5718,.F.);
#5718 = EDGE_CURVE('',#2837,#5696,#5719,.T.);
#5719 = SURFACE_CURVE('',#5720,(#5724,#5731),.PCURVE_S1.);
#5720 = LINE('',#5721,#5722);
#5721 = CARTESIAN_POINT('',(19.209103465619,22.5,-1.));
#5722 = VECTOR('',#5723,1.);
#5723 = DIRECTION('',(0.,0.,1.));
#5724 = PCURVE('',#2875,#5725);
#5725 = DEFINITIONAL_REPRESENTATION('',(#5726),#5730);
#5726 = LINE('',#5727,#5728);
#5727 = CARTESIAN_POINT('',(3.290896534381,0.));
#5728 = VECTOR('',#5729,1.);
#5729 = DIRECTION('',(0.,-1.));
#5730 = ( GEOMETRIC_REPRESENTATION_CONTEXT(2) 
PARAMETRIC_REPRESENTATION_CONTEXT() REPRESENTATION_CONTEXT('2D SPACE',''
  ) );
#5731 = PCURVE('',#2851,#5732);
#5732 = DEFINITIONAL_REPRESENTATION('',(#5733),#5737);
#5733 = LINE('',#5734,#5735);
#5734 = CARTESIAN_POINT('',(0.,0.));
#5735 = VECTOR('',#5736,1.);
#5736 = DIRECTION('',(0.,-1.));
#5737 = ( GEOMETRIC_REPRESENTATION_CONTEXT(2) 
PARAMETRIC_REPRESENTATION_CONTEXT() REPRESENTATION_CONTEXT('2D SPACE',''
  ) );
#5738 = ADVANCED_FACE('',(#5739),#2773,.T.);
#5739 = FACE_BOUND('',#5740,.T.);
#5740 = EDGE_LOOP('',(#5741,#5742,#5765,#5786));
#5741 = ORIENTED_EDGE('',*,*,#2758,.T.);
#5742 = ORIENTED_EDGE('',*,*,#5743,.T.);
#5743 = EDGE_CURVE('',#2759,#5744,#5746,.T.);
#5744 = VERTEX_POINT('',#5745);
#5745 = CARTESIAN_POINT('',(25.790896534381,22.5,2.6));
#5746 = SURFACE_CURVE('',#5747,(#5751,#5758),.PCURVE_S1.);
#5747 = LINE('',#5748,#5749);
#5748 = CARTESIAN_POINT('',(25.790896534381,22.5,-1.));
#5749 = VECTOR('',#5750,1.);
#5750 = DIRECTION('',(0.,0.,1.));
#5751 = PCURVE('',#2773,#5752);
#5752 = DEFINITIONAL_REPRESENTATION('',(#5753),#5757);
#5753 = LINE('',#5754,#5755);
#5754 = CARTESIAN_POINT('',(0.,0.));
#5755 = VECTOR('',#5756,1.);
#5756 = DIRECTION('',(0.,-1.));
#5757 = ( GEOMETRIC_REPRESENTATION_CONTEXT(2) 
PARAMETRIC_REPRESENTATION_CONTEXT() REPRESENTATION_CONTEXT('2D SPACE',''
  ) );
#5758 = PCURVE('',#2799,#5759);
#5759 = DEFINITIONAL_REPRESENTATION('',(#5760),#5764);
#5760 = LINE('',#5761,#5762);
#5761 = CARTESIAN_POINT('',(3.290896534381,0.));
#5762 = VECTOR('',#5763,1.);
#5763 = DIRECTION('',(0.,-1.));
#5764 = ( GEOMETRIC_REPRESENTATION_CONTEXT(2) 
PARAMETRIC_REPRESENTATION_CONTEXT() REPRESENTATION_CONTEXT('2D SPACE',''
  ) );
#5765 = ORIENTED_EDGE('',*,*,#5766,.T.);
#5766 = EDGE_CURVE('',#5744,#5624,#5767,.T.);
#5767 = SURFACE_CURVE('',#5768,(#5772,#5779),.PCURVE_S1.);
#5768 = LINE('',#5769,#5770);
#5769 = CARTESIAN_POINT('',(25.790896534381,22.5,2.6));
#5770 = VECTOR('',#5771,1.);
#5771 = DIRECTION('',(-0.5,0.866025403784,0.));
#5772 = PCURVE('',#2773,#5773);
#5773 = DEFINITIONAL_REPRESENTATION('',(#5774),#5778);
#5774 = LINE('',#5775,#5776);
#5775 = CARTESIAN_POINT('',(0.,-3.6));
#5776 = VECTOR('',#5777,1.);
#5777 = DIRECTION('',(1.,0.));
#5778 = ( GEOMETRIC_REPRESENTATION_CONTEXT(2) 
PARAMETRIC_REPRESENTATION_CONTEXT() REPRESENTATION_CONTEXT('2D SPACE',''
  ) );
#5779 = PCURVE('',#4683,#5780);
#5780 = DEFINITIONAL_REPRESENTATION('',(#5781),#5785);
#5781 = LINE('',#5782,#5783);
#5782 = CARTESIAN_POINT('',(3.290896534381,3.552713678801E-15));
#5783 = VECTOR('',#5784,1.);
#5784 = DIRECTION('',(-0.5,0.866025403784));
#5785 = ( GEOMETRIC_REPRESENTATION_CONTEXT(2) 
PARAMETRIC_REPRESENTATION_CONTEXT() REPRESENTATION_CONTEXT('2D SPACE',''
  ) );
#5786 = ORIENTED_EDGE('',*,*,#5623,.F.);
#5787 = ADVANCED_FACE('',(#5788),#2851,.T.);
#5788 = FACE_BOUND('',#5789,.T.);
#5789 = EDGE_LOOP('',(#5790,#5791,#5792,#5815));
#5790 = ORIENTED_EDGE('',*,*,#2836,.T.);
#5791 = ORIENTED_EDGE('',*,*,#5718,.T.);
#5792 = ORIENTED_EDGE('',*,*,#5793,.T.);
#5793 = EDGE_CURVE('',#5696,#5794,#5796,.T.);
#5794 = VERTEX_POINT('',#5795);
#5795 = CARTESIAN_POINT('',(20.85455173281,19.65,2.6));
#5796 = SURFACE_CURVE('',#5797,(#5801,#5808),.PCURVE_S1.);
#5797 = LINE('',#5798,#5799);
#5798 = CARTESIAN_POINT('',(19.209103465619,22.5,2.6));
#5799 = VECTOR('',#5800,1.);
#5800 = DIRECTION('',(0.5,-0.866025403784,0.));
#5801 = PCURVE('',#2851,#5802);
#5802 = DEFINITIONAL_REPRESENTATION('',(#5803),#5807);
#5803 = LINE('',#5804,#5805);
#5804 = CARTESIAN_POINT('',(0.,-3.6));
#5805 = VECTOR('',#5806,1.);
#5806 = DIRECTION('',(1.,0.));
#5807 = ( GEOMETRIC_REPRESENTATION_CONTEXT(2) 
PARAMETRIC_REPRESENTATION_CONTEXT() REPRESENTATION_CONTEXT('2D SPACE',''
  ) );
#5808 = PCURVE('',#4683,#5809);
#5809 = DEFINITIONAL_REPRESENTATION('',(#5810),#5814);
#5810 = LINE('',#5811,#5812);
#5811 = CARTESIAN_POINT('',(-3.290896534381,3.552713678801E-15));
#5812 = VECTOR('',#5813,1.);
#5813 = DIRECTION('',(0.5,-0.866025403784));
#5814 = ( GEOMETRIC_REPRESENTATION_CONTEXT(2) 
PARAMETRIC_REPRESENTATION_CONTEXT() REPRESENTATION_CONTEXT('2D SPACE',''
  ) );
#5815 = ORIENTED_EDGE('',*,*,#5816,.F.);
#5816 = EDGE_CURVE('',#2811,#5794,#5817,.T.);
#5817 = SURFACE_CURVE('',#5818,(#5822,#5829),.PCURVE_S1.);
#5818 = LINE('',#5819,#5820);
#5819 = CARTESIAN_POINT('',(20.85455173281,19.65,-1.));
#5820 = VECTOR('',#5821,1.);
#5821 = DIRECTION('',(0.,0.,1.));
#5822 = PCURVE('',#2851,#5823);
#5823 = DEFINITIONAL_REPRESENTATION('',(#5824),#5828);
#5824 = LINE('',#5825,#5826);
#5825 = CARTESIAN_POINT('',(3.290896534381,0.));
#5826 = VECTOR('',#5827,1.);
#5827 = DIRECTION('',(0.,-1.));
#5828 = ( GEOMETRIC_REPRESENTATION_CONTEXT(2) 
PARAMETRIC_REPRESENTATION_CONTEXT() REPRESENTATION_CONTEXT('2D SPACE',''
  ) );
#5829 = PCURVE('',#2825,#5830);
#5830 = DEFINITIONAL_REPRESENTATION('',(#5831),#5835);
#5831 = LINE('',#5832,#5833);
#5832 = CARTESIAN_POINT('',(0.,0.));
#5833 = VECTOR('',#5834,1.);
#5834 = DIRECTION('',(0.,-1.));
#5835 = ( GEOMETRIC_REPRESENTATION_CONTEXT(2) 
PARAMETRIC_REPRESENTATION_CONTEXT() REPRESENTATION_CONTEXT('2D SPACE',''
  ) );
#5836 = ADVANCED_FACE('',(#5837),#2799,.T.);
#5837 = FACE_BOUND('',#5838,.T.);
#5838 = EDGE_LOOP('',(#5839,#5840,#5863,#5884));
#5839 = ORIENTED_EDGE('',*,*,#2784,.T.);
#5840 = ORIENTED_EDGE('',*,*,#5841,.T.);
#5841 = EDGE_CURVE('',#2785,#5842,#5844,.T.);
#5842 = VERTEX_POINT('',#5843);
#5843 = CARTESIAN_POINT('',(24.14544826719,19.65,2.6));
#5844 = SURFACE_CURVE('',#5845,(#5849,#5856),.PCURVE_S1.);
#5845 = LINE('',#5846,#5847);
#5846 = CARTESIAN_POINT('',(24.14544826719,19.65,-1.));
#5847 = VECTOR('',#5848,1.);
#5848 = DIRECTION('',(0.,0.,1.));
#5849 = PCURVE('',#2799,#5850);
#5850 = DEFINITIONAL_REPRESENTATION('',(#5851),#5855);
#5851 = LINE('',#5852,#5853);
#5852 = CARTESIAN_POINT('',(0.,0.));
#5853 = VECTOR('',#5854,1.);
#5854 = DIRECTION('',(0.,-1.));
#5855 = ( GEOMETRIC_REPRESENTATION_CONTEXT(2) 
PARAMETRIC_REPRESENTATION_CONTEXT() REPRESENTATION_CONTEXT('2D SPACE',''
  ) );
#5856 = PCURVE('',#2825,#5857);
#5857 = DEFINITIONAL_REPRESENTATION('',(#5858),#5862);
#5858 = LINE('',#5859,#5860);
#5859 = CARTESIAN_POINT('',(3.290896534381,0.));
#5860 = VECTOR('',#5861,1.);
#5861 = DIRECTION('',(0.,-1.));
#5862 = ( GEOMETRIC_REPRESENTATION_CONTEXT(2) 
PARAMETRIC_REPRESENTATION_CONTEXT() REPRESENTATION_CONTEXT('2D SPACE',''
  ) );
#5863 = ORIENTED_EDGE('',*,*,#5864,.T.);
#5864 = EDGE_CURVE('',#5842,#5744,#5865,.T.);
#5865 = SURFACE_CURVE('',#5866,(#5870,#5877),.PCURVE_S1.);
#5866 = LINE('',#5867,#5868);
#5867 = CARTESIAN_POINT('',(24.14544826719,19.65,2.6));
#5868 = VECTOR('',#5869,1.);
#5869 = DIRECTION('',(0.5,0.866025403784,0.));
#5870 = PCURVE('',#2799,#5871);
#5871 = DEFINITIONAL_REPRESENTATION('',(#5872),#5876);
#5872 = LINE('',#5873,#5874);
#5873 = CARTESIAN_POINT('',(0.,-3.6));
#5874 = VECTOR('',#5875,1.);
#5875 = DIRECTION('',(1.,0.));
#5876 = ( GEOMETRIC_REPRESENTATION_CONTEXT(2) 
PARAMETRIC_REPRESENTATION_CONTEXT() REPRESENTATION_CONTEXT('2D SPACE',''
  ) );
#5877 = PCURVE('',#4683,#5878);
#5878 = DEFINITIONAL_REPRESENTATION('',(#5879),#5883);
#5879 = LINE('',#5880,#5881);
#5880 = CARTESIAN_POINT('',(1.64544826719,-2.85));
#5881 = VECTOR('',#5882,1.);
#5882 = DIRECTION('',(0.5,0.866025403784));
#5883 = ( GEOMETRIC_REPRESENTATION_CONTEXT(2) 
PARAMETRIC_REPRESENTATION_CONTEXT() REPRESENTATION_CONTEXT('2D SPACE',''
  ) );
#5884 = ORIENTED_EDGE('',*,*,#5743,.F.);
#5885 = ADVANCED_FACE('',(#5886),#2825,.T.);
#5886 = FACE_BOUND('',#5887,.T.);
#5887 = EDGE_LOOP('',(#5888,#5889,#5890,#5911));
#5888 = ORIENTED_EDGE('',*,*,#2810,.T.);
#5889 = ORIENTED_EDGE('',*,*,#5816,.T.);
#5890 = ORIENTED_EDGE('',*,*,#5891,.T.);
#5891 = EDGE_CURVE('',#5794,#5842,#5892,.T.);
#5892 = SURFACE_CURVE('',#5893,(#5897,#5904),.PCURVE_S1.);
#5893 = LINE('',#5894,#5895);
#5894 = CARTESIAN_POINT('',(20.85455173281,19.65,2.6));
#5895 = VECTOR('',#5896,1.);
#5896 = DIRECTION('',(1.,-6.747237496083E-16,0.));
#5897 = PCURVE('',#2825,#5898);
#5898 = DEFINITIONAL_REPRESENTATION('',(#5899),#5903);
#5899 = LINE('',#5900,#5901);
#5900 = CARTESIAN_POINT('',(0.,-3.6));
#5901 = VECTOR('',#5902,1.);
#5902 = DIRECTION('',(1.,0.));
#5903 = ( GEOMETRIC_REPRESENTATION_CONTEXT(2) 
PARAMETRIC_REPRESENTATION_CONTEXT() REPRESENTATION_CONTEXT('2D SPACE',''
  ) );
#5904 = PCURVE('',#4683,#5905);
#5905 = DEFINITIONAL_REPRESENTATION('',(#5906),#5910);
#5906 = LINE('',#5907,#5908);
#5907 = CARTESIAN_POINT('',(-1.64544826719,-2.85));
#5908 = VECTOR('',#5909,1.);
#5909 = DIRECTION('',(1.,-6.747237496083E-16));
#5910 = ( GEOMETRIC_REPRESENTATION_CONTEXT(2) 
PARAMETRIC_REPRESENTATION_CONTEXT() REPRESENTATION_CONTEXT('2D SPACE',''
  ) );
#5911 = ORIENTED_EDGE('',*,*,#5841,.F.);
#5912 = ADVANCED_FACE('',(#5913),#3056,.F.);
#5913 = FACE_BOUND('',#5914,.T.);
#5914 = EDGE_LOOP('',(#5915,#5943,#5964,#5965));
#5915 = ORIENTED_EDGE('',*,*,#5916,.T.);
#5916 = EDGE_CURVE('',#5917,#5917,#5919,.T.);
#5917 = VERTEX_POINT('',#5918);
#5918 = CARTESIAN_POINT('',(-20.8,22.5,2.6));
#5919 = SURFACE_CURVE('',#5920,(#5925,#5932),.PCURVE_S1.);
#5920 = CIRCLE('',#5921,1.7);
#5921 = AXIS2_PLACEMENT_3D('',#5922,#5923,#5924);
#5922 = CARTESIAN_POINT('',(-22.5,22.5,2.6));
#5923 = DIRECTION('',(0.,0.,-1.));
#5924 = DIRECTION('',(1.,0.,0.));
#5925 = PCURVE('',#3056,#5926);
#5926 = DEFINITIONAL_REPRESENTATION('',(#5927),#5931);
#5927 = LINE('',#5928,#5929);
#5928 = CARTESIAN_POINT('',(-6.28318530718,-3.6));
#5929 = VECTOR('',#5930,1.);
#5930 = DIRECTION('',(1.,-0.));
#5931 = ( GEOMETRIC_REPRESENTATION_CONTEXT(2) 
PARAMETRIC_REPRESENTATION_CONTEXT() REPRESENTATION_CONTEXT('2D SPACE',''
  ) );
#5932 = PCURVE('',#5363,#5933);
#5933 = DEFINITIONAL_REPRESENTATION('',(#5934),#5942);
#5934 = ( BOUNDED_CURVE() B_SPLINE_CURVE(2,(#5935,#5936,#5937,#5938,
#5939,#5940,#5941),.UNSPECIFIED.,.T.,.F.) B_SPLINE_CURVE_WITH_KNOTS((1,2
    ,2,2,2,1),(-2.094395102393,0.,2.094395102393,4.188790204786,
6.28318530718,8.377580409573),.UNSPECIFIED.) CURVE() 
GEOMETRIC_REPRESENTATION_ITEM() RATIONAL_B_SPLINE_CURVE((1.,0.5,1.,0.5,
1.,0.5,1.)) REPRESENTATION_ITEM('') );
#5935 = CARTESIAN_POINT('',(1.7,3.552713678801E-15));
#5936 = CARTESIAN_POINT('',(1.7,-2.944486372867));
#5937 = CARTESIAN_POINT('',(-0.85,-1.472243186434));
#5938 = CARTESIAN_POINT('',(-3.4,3.13633376709E-15));
#5939 = CARTESIAN_POINT('',(-0.85,1.472243186434));
#5940 = CARTESIAN_POINT('',(1.7,2.944486372867));
#5941 = CARTESIAN_POINT('',(1.7,3.552713678801E-15));
#5942 = ( GEOMETRIC_REPRESENTATION_CONTEXT(2) 
PARAMETRIC_REPRESENTATION_CONTEXT() REPRESENTATION_CONTEXT('2D SPACE',''
  ) );
#5943 = ORIENTED_EDGE('',*,*,#5944,.T.);
#5944 = EDGE_CURVE('',#5917,#3036,#5945,.T.);
#5945 = SEAM_CURVE('',#5946,(#5950,#5957),.PCURVE_S1.);
#5946 = LINE('',#5947,#5948);
#5947 = CARTESIAN_POINT('',(-20.8,22.5,-1.));
#5948 = VECTOR('',#5949,1.);
#5949 = DIRECTION('',(0.,0.,1.));
#5950 = PCURVE('',#3056,#5951);
#5951 = DEFINITIONAL_REPRESENTATION('',(#5952),#5956);
#5952 = LINE('',#5953,#5954);
#5953 = CARTESIAN_POINT('',(-6.28318530718,0.));
#5954 = VECTOR('',#5955,1.);
#5955 = DIRECTION('',(-0.,-1.));
#5956 = ( GEOMETRIC_REPRESENTATION_CONTEXT(2) 
PARAMETRIC_REPRESENTATION_CONTEXT() REPRESENTATION_CONTEXT('2D SPACE',''
  ) );
#5957 = PCURVE('',#3056,#5958);
#5958 = DEFINITIONAL_REPRESENTATION('',(#5959),#5963);
#5959 = LINE('',#5960,#5961);
#5960 = CARTESIAN_POINT('',(-0.,0.));
#5961 = VECTOR('',#5962,1.);
#5962 = DIRECTION('',(-0.,-1.));
#5963 = ( GEOMETRIC_REPRESENTATION_CONTEXT(2) 
PARAMETRIC_REPRESENTATION_CONTEXT() REPRESENTATION_CONTEXT('2D SPACE',''
  ) );
#5964 = ORIENTED_EDGE('',*,*,#3035,.F.);
#5965 = ORIENTED_EDGE('',*,*,#5944,.F.);
#5966 = ADVANCED_FACE('',(#5967,#5970),#3088,.T.);
#5967 = FACE_BOUND('',#5968,.T.);
#5968 = EDGE_LOOP('',(#5969));
#5969 = ORIENTED_EDGE('',*,*,#3071,.T.);
#5970 = FACE_BOUND('',#5971,.T.);
#5971 = EDGE_LOOP('',(#5972));
#5972 = ORIENTED_EDGE('',*,*,#5973,.T.);
#5973 = EDGE_CURVE('',#5974,#5974,#5976,.T.);
#5974 = VERTEX_POINT('',#5975);
#5975 = CARTESIAN_POINT('',(-1.4,31.,4.));
#5976 = SURFACE_CURVE('',#5977,(#5982,#5993),.PCURVE_S1.);
#5977 = CIRCLE('',#5978,1.4);
#5978 = AXIS2_PLACEMENT_3D('',#5979,#5980,#5981);
#5979 = CARTESIAN_POINT('',(3.441691376338E-15,31.,4.));
#5980 = DIRECTION('',(-1.110223024625E-16,-1.,-0.));
#5981 = DIRECTION('',(-1.,1.110223024625E-16,0.));
#5982 = PCURVE('',#3088,#5983);
#5983 = DEFINITIONAL_REPRESENTATION('',(#5984),#5992);
#5984 = ( BOUNDED_CURVE() B_SPLINE_CURVE(2,(#5985,#5986,#5987,#5988,
#5989,#5990,#5991),.UNSPECIFIED.,.T.,.F.) B_SPLINE_CURVE_WITH_KNOTS((1,2
    ,2,2,2,1),(-2.094395102393,0.,2.094395102393,4.188790204786,
6.28318530718,8.377580409573),.UNSPECIFIED.) CURVE() 
GEOMETRIC_REPRESENTATION_ITEM() RATIONAL_B_SPLINE_CURVE((1.,0.5,1.,0.5,
1.,0.5,1.)) REPRESENTATION_ITEM('') );
#5985 = CARTESIAN_POINT('',(0.,-1.4));
#5986 = CARTESIAN_POINT('',(-2.424871130596,-1.4));
#5987 = CARTESIAN_POINT('',(-1.212435565298,0.7));
#5988 = CARTESIAN_POINT('',(-3.429011037613E-16,2.8));
#5989 = CARTESIAN_POINT('',(1.212435565298,0.7));
#5990 = CARTESIAN_POINT('',(2.424871130596,-1.4));
#5991 = CARTESIAN_POINT('',(0.,-1.4));
#5992 = ( GEOMETRIC_REPRESENTATION_CONTEXT(2) 
PARAMETRIC_REPRESENTATION_CONTEXT() REPRESENTATION_CONTEXT('2D SPACE',''
  ) );
#5993 = PCURVE('',#5994,#5999);
#5994 = CYLINDRICAL_SURFACE('',#5995,1.4);
#5995 = AXIS2_PLACEMENT_3D('',#5996,#5997,#5998);
#5996 = CARTESIAN_POINT('',(3.330669073875E-15,30.,4.));
#5997 = DIRECTION('',(-1.110223024625E-16,-1.,-0.));
#5998 = DIRECTION('',(-1.,1.110223024625E-16,0.));
#5999 = DEFINITIONAL_REPRESENTATION('',(#6000),#6004);
#6000 = LINE('',#6001,#6002);
#6001 = CARTESIAN_POINT('',(-6.28318530718,-1.));
#6002 = VECTOR('',#6003,1.);
#6003 = DIRECTION('',(1.,-0.));
#6004 = ( GEOMETRIC_REPRESENTATION_CONTEXT(2) 
PARAMETRIC_REPRESENTATION_CONTEXT() REPRESENTATION_CONTEXT('2D SPACE',''
  ) );
#6005 = ADVANCED_FACE('',(#6006),#3394,.F.);
#6006 = FACE_BOUND('',#6007,.T.);
#6007 = EDGE_LOOP('',(#6008,#6037,#6058,#6059));
#6008 = ORIENTED_EDGE('',*,*,#6009,.F.);
#6009 = EDGE_CURVE('',#6010,#6010,#6012,.T.);
#6010 = VERTEX_POINT('',#6011);
#6011 = CARTESIAN_POINT('',(31.,2.,4.));
#6012 = SURFACE_CURVE('',#6013,(#6018,#6025),.PCURVE_S1.);
#6013 = CIRCLE('',#6014,2.);
#6014 = AXIS2_PLACEMENT_3D('',#6015,#6016,#6017);
#6015 = CARTESIAN_POINT('',(31.,0.,4.));
#6016 = DIRECTION('',(1.,0.,0.));
#6017 = DIRECTION('',(0.,1.,0.));
#6018 = PCURVE('',#3394,#6019);
#6019 = DEFINITIONAL_REPRESENTATION('',(#6020),#6024);
#6020 = LINE('',#6021,#6022);
#6021 = CARTESIAN_POINT('',(-0.,0.));
#6022 = VECTOR('',#6023,1.);
#6023 = DIRECTION('',(-1.,0.));
#6024 = ( GEOMETRIC_REPRESENTATION_CONTEXT(2) 
PARAMETRIC_REPRESENTATION_CONTEXT() REPRESENTATION_CONTEXT('2D SPACE',''
  ) );
#6025 = PCURVE('',#6026,#6031);
#6026 = PLANE('',#6027);
#6027 = AXIS2_PLACEMENT_3D('',#6028,#6029,#6030);
#6028 = CARTESIAN_POINT('',(31.,-1.281975124256E-16,4.));
#6029 = DIRECTION('',(1.,0.,0.));
#6030 = DIRECTION('',(0.,0.,1.));
#6031 = DEFINITIONAL_REPRESENTATION('',(#6032),#6036);
#6032 = CIRCLE('',#6033,2.);
#6033 = AXIS2_PLACEMENT_2D('',#6034,#6035);
#6034 = CARTESIAN_POINT('',(0.,-1.281975124256E-16));
#6035 = DIRECTION('',(0.,-1.));
#6036 = ( GEOMETRIC_REPRESENTATION_CONTEXT(2) 
PARAMETRIC_REPRESENTATION_CONTEXT() REPRESENTATION_CONTEXT('2D SPACE',''
  ) );
#6037 = ORIENTED_EDGE('',*,*,#6038,.T.);
#6038 = EDGE_CURVE('',#6010,#3283,#6039,.T.);
#6039 = SEAM_CURVE('',#6040,(#6044,#6051),.PCURVE_S1.);
#6040 = LINE('',#6041,#6042);
#6041 = CARTESIAN_POINT('',(31.,2.,4.));
#6042 = VECTOR('',#6043,1.);
#6043 = DIRECTION('',(1.,0.,0.));
#6044 = PCURVE('',#3394,#6045);
#6045 = DEFINITIONAL_REPRESENTATION('',(#6046),#6050);
#6046 = LINE('',#6047,#6048);
#6047 = CARTESIAN_POINT('',(-6.28318530718,0.));
#6048 = VECTOR('',#6049,1.);
#6049 = DIRECTION('',(-0.,-1.));
#6050 = ( GEOMETRIC_REPRESENTATION_CONTEXT(2) 
PARAMETRIC_REPRESENTATION_CONTEXT() REPRESENTATION_CONTEXT('2D SPACE',''
  ) );
#6051 = PCURVE('',#3394,#6052);
#6052 = DEFINITIONAL_REPRESENTATION('',(#6053),#6057);
#6053 = LINE('',#6054,#6055);
#6054 = CARTESIAN_POINT('',(-0.,0.));
#6055 = VECTOR('',#6056,1.);
#6056 = DIRECTION('',(-0.,-1.));
#6057 = ( GEOMETRIC_REPRESENTATION_CONTEXT(2) 
PARAMETRIC_REPRESENTATION_CONTEXT() REPRESENTATION_CONTEXT('2D SPACE',''
  ) );
#6058 = ORIENTED_EDGE('',*,*,#3282,.T.);
#6059 = ORIENTED_EDGE('',*,*,#6038,.F.);
#6060 = ADVANCED_FACE('',(#6061,#6069),#3658,.T.);
#6061 = FACE_BOUND('',#6062,.T.);
#6062 = EDGE_LOOP('',(#6063,#6064,#6065,#6066,#6067,#6068));
#6063 = ORIENTED_EDGE('',*,*,#4059,.F.);
#6064 = ORIENTED_EDGE('',*,*,#3642,.T.);
#6065 = ORIENTED_EDGE('',*,*,#3870,.F.);
#6066 = ORIENTED_EDGE('',*,*,#3938,.F.);
#6067 = ORIENTED_EDGE('',*,*,#3964,.T.);
#6068 = ORIENTED_EDGE('',*,*,#4034,.F.);
#6069 = FACE_BOUND('',#6070,.T.);
#6070 = EDGE_LOOP('',(#6071));
#6071 = ORIENTED_EDGE('',*,*,#6072,.T.);
#6072 = EDGE_CURVE('',#6073,#6073,#6075,.T.);
#6073 = VERTEX_POINT('',#6074);
#6074 = CARTESIAN_POINT('',(24.2,-22.5,30.));
#6075 = SURFACE_CURVE('',#6076,(#6081,#6092),.PCURVE_S1.);
#6076 = CIRCLE('',#6077,1.7);
#6077 = AXIS2_PLACEMENT_3D('',#6078,#6079,#6080);
#6078 = CARTESIAN_POINT('',(22.5,-22.5,30.));
#6079 = DIRECTION('',(0.,0.,-1.));
#6080 = DIRECTION('',(1.,0.,0.));
#6081 = PCURVE('',#3658,#6082);
#6082 = DEFINITIONAL_REPRESENTATION('',(#6083),#6091);
#6083 = ( BOUNDED_CURVE() B_SPLINE_CURVE(2,(#6084,#6085,#6086,#6087,
#6088,#6089,#6090),.UNSPECIFIED.,.T.,.F.) B_SPLINE_CURVE_WITH_KNOTS((1,2
    ,2,2,2,1),(-2.094395102393,0.,2.094395102393,4.188790204786,
6.28318530718,8.377580409573),.UNSPECIFIED.) CURVE() 
GEOMETRIC_REPRESENTATION_ITEM() RATIONAL_B_SPLINE_CURVE((1.,0.5,1.,0.5,
1.,0.5,1.)) REPRESENTATION_ITEM('') );
#6084 = CARTESIAN_POINT('',(24.2,-22.5));
#6085 = CARTESIAN_POINT('',(24.2,-25.44448637286));
#6086 = CARTESIAN_POINT('',(21.65,-23.97224318643));
#6087 = CARTESIAN_POINT('',(19.1,-22.5));
#6088 = CARTESIAN_POINT('',(21.65,-21.02775681356));
#6089 = CARTESIAN_POINT('',(24.2,-19.55551362713));
#6090 = CARTESIAN_POINT('',(24.2,-22.5));
#6091 = ( GEOMETRIC_REPRESENTATION_CONTEXT(2) 
PARAMETRIC_REPRESENTATION_CONTEXT() REPRESENTATION_CONTEXT('2D SPACE',''
  ) );
#6092 = PCURVE('',#6093,#6098);
#6093 = CYLINDRICAL_SURFACE('',#6094,1.7);
#6094 = AXIS2_PLACEMENT_3D('',#6095,#6096,#6097);
#6095 = CARTESIAN_POINT('',(22.5,-22.5,-1.));
#6096 = DIRECTION('',(-0.,-0.,-1.));
#6097 = DIRECTION('',(1.,0.,0.));
#6098 = DEFINITIONAL_REPRESENTATION('',(#6099),#6103);
#6099 = LINE('',#6100,#6101);
#6100 = CARTESIAN_POINT('',(-6.28318530718,-31.));
#6101 = VECTOR('',#6102,1.);
#6102 = DIRECTION('',(1.,-0.));
#6103 = ( GEOMETRIC_REPRESENTATION_CONTEXT(2) 
PARAMETRIC_REPRESENTATION_CONTEXT() REPRESENTATION_CONTEXT('2D SPACE',''
  ) );
#6104 = ADVANCED_FACE('',(#6105,#6113),#3589,.T.);
#6105 = FACE_BOUND('',#6106,.T.);
#6106 = EDGE_LOOP('',(#6107,#6108,#6109,#6110,#6111,#6112));
#6107 = ORIENTED_EDGE('',*,*,#4275,.F.);
#6108 = ORIENTED_EDGE('',*,*,#3573,.T.);
#6109 = ORIENTED_EDGE('',*,*,#4086,.F.);
#6110 = ORIENTED_EDGE('',*,*,#4154,.F.);
#6111 = ORIENTED_EDGE('',*,*,#4179,.T.);
#6112 = ORIENTED_EDGE('',*,*,#4250,.F.);
#6113 = FACE_BOUND('',#6114,.T.);
#6114 = EDGE_LOOP('',(#6115));
#6115 = ORIENTED_EDGE('',*,*,#6116,.T.);
#6116 = EDGE_CURVE('',#6117,#6117,#6119,.T.);
#6117 = VERTEX_POINT('',#6118);
#6118 = CARTESIAN_POINT('',(-20.8,-22.5,30.));
#6119 = SURFACE_CURVE('',#6120,(#6125,#6136),.PCURVE_S1.);
#6120 = CIRCLE('',#6121,1.7);
#6121 = AXIS2_PLACEMENT_3D('',#6122,#6123,#6124);
#6122 = CARTESIAN_POINT('',(-22.5,-22.5,30.));
#6123 = DIRECTION('',(0.,0.,-1.));
#6124 = DIRECTION('',(1.,0.,0.));
#6125 = PCURVE('',#3589,#6126);
#6126 = DEFINITIONAL_REPRESENTATION('',(#6127),#6135);
#6127 = ( BOUNDED_CURVE() B_SPLINE_CURVE(2,(#6128,#6129,#6130,#6131,
#6132,#6133,#6134),.UNSPECIFIED.,.T.,.F.) B_SPLINE_CURVE_WITH_KNOTS((1,2
    ,2,2,2,1),(-2.094395102393,0.,2.094395102393,4.188790204786,
6.28318530718,8.377580409573),.UNSPECIFIED.) CURVE() 
GEOMETRIC_REPRESENTATION_ITEM() RATIONAL_B_SPLINE_CURVE((1.,0.5,1.,0.5,
1.,0.5,1.)) REPRESENTATION_ITEM('') );
#6128 = CARTESIAN_POINT('',(-20.8,-22.5));
#6129 = CARTESIAN_POINT('',(-20.8,-25.44448637286));
#6130 = CARTESIAN_POINT('',(-23.35,-23.97224318643));
#6131 = CARTESIAN_POINT('',(-25.9,-22.5));
#6132 = CARTESIAN_POINT('',(-23.35,-21.02775681356));
#6133 = CARTESIAN_POINT('',(-20.8,-19.55551362713));
#6134 = CARTESIAN_POINT('',(-20.8,-22.5));
#6135 = ( GEOMETRIC_REPRESENTATION_CONTEXT(2) 
PARAMETRIC_REPRESENTATION_CONTEXT() REPRESENTATION_CONTEXT('2D SPACE',''
  ) );
#6136 = PCURVE('',#6137,#6142);
#6137 = CYLINDRICAL_SURFACE('',#6138,1.7);
#6138 = AXIS2_PLACEMENT_3D('',#6139,#6140,#6141);
#6139 = CARTESIAN_POINT('',(-22.5,-22.5,-1.));
#6140 = DIRECTION('',(-0.,-0.,-1.));
#6141 = DIRECTION('',(1.,0.,0.));
#6142 = DEFINITIONAL_REPRESENTATION('',(#6143),#6147);
#6143 = LINE('',#6144,#6145);
#6144 = CARTESIAN_POINT('',(-6.28318530718,-31.));
#6145 = VECTOR('',#6146,1.);
#6146 = DIRECTION('',(1.,-0.));
#6147 = ( GEOMETRIC_REPRESENTATION_CONTEXT(2) 
PARAMETRIC_REPRESENTATION_CONTEXT() REPRESENTATION_CONTEXT('2D SPACE',''
  ) );
#6148 = ADVANCED_FACE('',(#6149),#3806,.F.);
#6149 = FACE_BOUND('',#6150,.T.);
#6150 = EDGE_LOOP('',(#6151,#6180,#6201,#6202));
#6151 = ORIENTED_EDGE('',*,*,#6152,.F.);
#6152 = EDGE_CURVE('',#6153,#6153,#6155,.T.);
#6153 = VERTEX_POINT('',#6154);
#6154 = CARTESIAN_POINT('',(2.,-31.,4.));
#6155 = SURFACE_CURVE('',#6156,(#6161,#6168),.PCURVE_S1.);
#6156 = CIRCLE('',#6157,2.);
#6157 = AXIS2_PLACEMENT_3D('',#6158,#6159,#6160);
#6158 = CARTESIAN_POINT('',(-6.883382752676E-15,-31.,4.));
#6159 = DIRECTION('',(-2.22044604925E-16,-1.,0.));
#6160 = DIRECTION('',(1.,-2.22044604925E-16,0.));
#6161 = PCURVE('',#3806,#6162);
#6162 = DEFINITIONAL_REPRESENTATION('',(#6163),#6167);
#6163 = LINE('',#6164,#6165);
#6164 = CARTESIAN_POINT('',(-0.,0.));
#6165 = VECTOR('',#6166,1.);
#6166 = DIRECTION('',(-1.,0.));
#6167 = ( GEOMETRIC_REPRESENTATION_CONTEXT(2) 
PARAMETRIC_REPRESENTATION_CONTEXT() REPRESENTATION_CONTEXT('2D SPACE',''
  ) );
#6168 = PCURVE('',#6169,#6174);
#6169 = PLANE('',#6170);
#6170 = AXIS2_PLACEMENT_3D('',#6171,#6172,#6173);
#6171 = CARTESIAN_POINT('',(-7.011580265102E-15,-31.,4.));
#6172 = DIRECTION('',(-2.22044604925E-16,-1.,0.));
#6173 = DIRECTION('',(0.,0.,1.));
#6174 = DEFINITIONAL_REPRESENTATION('',(#6175),#6179);
#6175 = CIRCLE('',#6176,2.);
#6176 = AXIS2_PLACEMENT_2D('',#6177,#6178);
#6177 = CARTESIAN_POINT('',(0.,-1.281975124256E-16));
#6178 = DIRECTION('',(0.,-1.));
#6179 = ( GEOMETRIC_REPRESENTATION_CONTEXT(2) 
PARAMETRIC_REPRESENTATION_CONTEXT() REPRESENTATION_CONTEXT('2D SPACE',''
  ) );
#6180 = ORIENTED_EDGE('',*,*,#6181,.T.);
#6181 = EDGE_CURVE('',#6153,#3695,#6182,.T.);
#6182 = SEAM_CURVE('',#6183,(#6187,#6194),.PCURVE_S1.);
#6183 = LINE('',#6184,#6185);
#6184 = CARTESIAN_POINT('',(2.,-31.,4.));
#6185 = VECTOR('',#6186,1.);
#6186 = DIRECTION('',(-2.22044604925E-16,-1.,0.));
#6187 = PCURVE('',#3806,#6188);
#6188 = DEFINITIONAL_REPRESENTATION('',(#6189),#6193);
#6189 = LINE('',#6190,#6191);
#6190 = CARTESIAN_POINT('',(-6.28318530718,0.));
#6191 = VECTOR('',#6192,1.);
#6192 = DIRECTION('',(-0.,-1.));
#6193 = ( GEOMETRIC_REPRESENTATION_CONTEXT(2) 
PARAMETRIC_REPRESENTATION_CONTEXT() REPRESENTATION_CONTEXT('2D SPACE',''
  ) );
#6194 = PCURVE('',#3806,#6195);
#6195 = DEFINITIONAL_REPRESENTATION('',(#6196),#6200);
#6196 = LINE('',#6197,#6198);
#6197 = CARTESIAN_POINT('',(-0.,0.));
#6198 = VECTOR('',#6199,1.);
#6199 = DIRECTION('',(-0.,-1.));
#6200 = ( GEOMETRIC_REPRESENTATION_CONTEXT(2) 
PARAMETRIC_REPRESENTATION_CONTEXT() REPRESENTATION_CONTEXT('2D SPACE',''
  ) );
#6201 = ORIENTED_EDGE('',*,*,#3694,.T.);
#6202 = ORIENTED_EDGE('',*,*,#6181,.F.);
#6203 = ADVANCED_FACE('',(#6204),#4512,.F.);
#6204 = FACE_BOUND('',#6205,.T.);
#6205 = EDGE_LOOP('',(#6206,#6235,#6256,#6257));
#6206 = ORIENTED_EDGE('',*,*,#6207,.F.);
#6207 = EDGE_CURVE('',#6208,#6208,#6210,.T.);
#6208 = VERTEX_POINT('',#6209);
#6209 = CARTESIAN_POINT('',(-31.,-2.,4.));
#6210 = SURFACE_CURVE('',#6211,(#6216,#6223),.PCURVE_S1.);
#6211 = CIRCLE('',#6212,2.);
#6212 = AXIS2_PLACEMENT_3D('',#6213,#6214,#6215);
#6213 = CARTESIAN_POINT('',(-31.,3.796405077357E-15,4.));
#6214 = DIRECTION('',(-1.,1.224646799147E-16,0.));
#6215 = DIRECTION('',(-1.224646799147E-16,-1.,0.));
#6216 = PCURVE('',#4512,#6217);
#6217 = DEFINITIONAL_REPRESENTATION('',(#6218),#6222);
#6218 = LINE('',#6219,#6220);
#6219 = CARTESIAN_POINT('',(-0.,0.));
#6220 = VECTOR('',#6221,1.);
#6221 = DIRECTION('',(-1.,0.));
#6222 = ( GEOMETRIC_REPRESENTATION_CONTEXT(2) 
PARAMETRIC_REPRESENTATION_CONTEXT() REPRESENTATION_CONTEXT('2D SPACE',''
  ) );
#6223 = PCURVE('',#6224,#6229);
#6224 = PLANE('',#6225);
#6225 = AXIS2_PLACEMENT_3D('',#6226,#6227,#6228);
#6226 = CARTESIAN_POINT('',(-31.,3.924602589782E-15,4.));
#6227 = DIRECTION('',(-1.,1.224646799147E-16,0.));
#6228 = DIRECTION('',(0.,0.,1.));
#6229 = DEFINITIONAL_REPRESENTATION('',(#6230),#6234);
#6230 = CIRCLE('',#6231,2.);
#6231 = AXIS2_PLACEMENT_2D('',#6232,#6233);
#6232 = CARTESIAN_POINT('',(0.,-1.281975124256E-16));
#6233 = DIRECTION('',(0.,-1.));
#6234 = ( GEOMETRIC_REPRESENTATION_CONTEXT(2) 
PARAMETRIC_REPRESENTATION_CONTEXT() REPRESENTATION_CONTEXT('2D SPACE',''
  ) );
#6235 = ORIENTED_EDGE('',*,*,#6236,.T.);
#6236 = EDGE_CURVE('',#6208,#4401,#6237,.T.);
#6237 = SEAM_CURVE('',#6238,(#6242,#6249),.PCURVE_S1.);
#6238 = LINE('',#6239,#6240);
#6239 = CARTESIAN_POINT('',(-31.,-2.,4.));
#6240 = VECTOR('',#6241,1.);
#6241 = DIRECTION('',(-1.,1.224646799147E-16,0.));
#6242 = PCURVE('',#4512,#6243);
#6243 = DEFINITIONAL_REPRESENTATION('',(#6244),#6248);
#6244 = LINE('',#6245,#6246);
#6245 = CARTESIAN_POINT('',(-6.28318530718,0.));
#6246 = VECTOR('',#6247,1.);
#6247 = DIRECTION('',(-0.,-1.));
#6248 = ( GEOMETRIC_REPRESENTATION_CONTEXT(2) 
PARAMETRIC_REPRESENTATION_CONTEXT() REPRESENTATION_CONTEXT('2D SPACE',''
  ) );
#6249 = PCURVE('',#4512,#6250);
#6250 = DEFINITIONAL_REPRESENTATION('',(#6251),#6255);
#6251 = LINE('',#6252,#6253);
#6252 = CARTESIAN_POINT('',(-0.,0.));
#6253 = VECTOR('',#6254,1.);
#6254 = DIRECTION('',(-0.,-1.));
#6255 = ( GEOMETRIC_REPRESENTATION_CONTEXT(2) 
PARAMETRIC_REPRESENTATION_CONTEXT() REPRESENTATION_CONTEXT('2D SPACE',''
  ) );
#6256 = ORIENTED_EDGE('',*,*,#4400,.T.);
#6257 = ORIENTED_EDGE('',*,*,#6236,.F.);
#6258 = ADVANCED_FACE('',(#6259,#6267),#4683,.F.);
#6259 = FACE_BOUND('',#6260,.F.);
#6260 = EDGE_LOOP('',(#6261,#6262,#6263,#6264,#6265,#6266));
#6261 = ORIENTED_EDGE('',*,*,#5766,.T.);
#6262 = ORIENTED_EDGE('',*,*,#5646,.T.);
#6263 = ORIENTED_EDGE('',*,*,#5695,.T.);
#6264 = ORIENTED_EDGE('',*,*,#5793,.T.);
#6265 = ORIENTED_EDGE('',*,*,#5891,.T.);
#6266 = ORIENTED_EDGE('',*,*,#5864,.T.);
#6267 = FACE_BOUND('',#6268,.F.);
#6268 = EDGE_LOOP('',(#6269));
#6269 = ORIENTED_EDGE('',*,*,#4666,.T.);
#6270 = ADVANCED_FACE('',(#6271,#6279),#4765,.F.);
#6271 = FACE_BOUND('',#6272,.F.);
#6272 = EDGE_LOOP('',(#6273,#6274,#6275,#6276,#6277,#6278));
#6273 = ORIENTED_EDGE('',*,*,#4874,.T.);
#6274 = ORIENTED_EDGE('',*,*,#4749,.T.);
#6275 = ORIENTED_EDGE('',*,*,#4803,.T.);
#6276 = ORIENTED_EDGE('',*,*,#4901,.T.);
#6277 = ORIENTED_EDGE('',*,*,#4999,.T.);
#6278 = ORIENTED_EDGE('',*,*,#4972,.T.);
#6279 = FACE_BOUND('',#6280,.F.);
#6280 = EDGE_LOOP('',(#6281));
#6281 = ORIENTED_EDGE('',*,*,#6282,.T.);
#6282 = EDGE_CURVE('',#6283,#6283,#6285,.T.);
#6283 = VERTEX_POINT('',#6284);
#6284 = CARTESIAN_POINT('',(-20.8,-22.5,2.6));
#6285 = SURFACE_CURVE('',#6286,(#6291,#6302),.PCURVE_S1.);
#6286 = CIRCLE('',#6287,1.7);
#6287 = AXIS2_PLACEMENT_3D('',#6288,#6289,#6290);
#6288 = CARTESIAN_POINT('',(-22.5,-22.5,2.6));
#6289 = DIRECTION('',(0.,0.,-1.));
#6290 = DIRECTION('',(1.,0.,0.));
#6291 = PCURVE('',#4765,#6292);
#6292 = DEFINITIONAL_REPRESENTATION('',(#6293),#6301);
#6293 = ( BOUNDED_CURVE() B_SPLINE_CURVE(2,(#6294,#6295,#6296,#6297,
#6298,#6299,#6300),.UNSPECIFIED.,.T.,.F.) B_SPLINE_CURVE_WITH_KNOTS((1,2
    ,2,2,2,1),(-2.094395102393,0.,2.094395102393,4.188790204786,
6.28318530718,8.377580409573),.UNSPECIFIED.) CURVE() 
GEOMETRIC_REPRESENTATION_ITEM() RATIONAL_B_SPLINE_CURVE((1.,0.5,1.,0.5,
1.,0.5,1.)) REPRESENTATION_ITEM('') );
#6294 = CARTESIAN_POINT('',(1.7,-3.552713678801E-15));
#6295 = CARTESIAN_POINT('',(1.7,-2.944486372867));
#6296 = CARTESIAN_POINT('',(-0.85,-1.472243186434));
#6297 = CARTESIAN_POINT('',(-3.4,-3.969093590511E-15));
#6298 = CARTESIAN_POINT('',(-0.85,1.472243186434));
#6299 = CARTESIAN_POINT('',(1.7,2.944486372867));
#6300 = CARTESIAN_POINT('',(1.7,-3.552713678801E-15));
#6301 = ( GEOMETRIC_REPRESENTATION_CONTEXT(2) 
PARAMETRIC_REPRESENTATION_CONTEXT() REPRESENTATION_CONTEXT('2D SPACE',''
  ) );
#6302 = PCURVE('',#6137,#6303);
#6303 = DEFINITIONAL_REPRESENTATION('',(#6304),#6308);
#6304 = LINE('',#6305,#6306);
#6305 = CARTESIAN_POINT('',(-6.28318530718,-3.6));
#6306 = VECTOR('',#6307,1.);
#6307 = DIRECTION('',(1.,-0.));
#6308 = ( GEOMETRIC_REPRESENTATION_CONTEXT(2) 
PARAMETRIC_REPRESENTATION_CONTEXT() REPRESENTATION_CONTEXT('2D SPACE',''
  ) );
#6309 = ADVANCED_FACE('',(#6310,#6318),#5064,.F.);
#6310 = FACE_BOUND('',#6311,.F.);
#6311 = EDGE_LOOP('',(#6312,#6313,#6314,#6315,#6316,#6317));
#6312 = ORIENTED_EDGE('',*,*,#5173,.T.);
#6313 = ORIENTED_EDGE('',*,*,#5048,.T.);
#6314 = ORIENTED_EDGE('',*,*,#5102,.T.);
#6315 = ORIENTED_EDGE('',*,*,#5200,.T.);
#6316 = ORIENTED_EDGE('',*,*,#5298,.T.);
#6317 = ORIENTED_EDGE('',*,*,#5271,.T.);
#6318 = FACE_BOUND('',#6319,.F.);
#6319 = EDGE_LOOP('',(#6320));
#6320 = ORIENTED_EDGE('',*,*,#6321,.T.);
#6321 = EDGE_CURVE('',#6322,#6322,#6324,.T.);
#6322 = VERTEX_POINT('',#6323);
#6323 = CARTESIAN_POINT('',(24.2,-22.5,2.6));
#6324 = SURFACE_CURVE('',#6325,(#6330,#6341),.PCURVE_S1.);
#6325 = CIRCLE('',#6326,1.7);
#6326 = AXIS2_PLACEMENT_3D('',#6327,#6328,#6329);
#6327 = CARTESIAN_POINT('',(22.5,-22.5,2.6));
#6328 = DIRECTION('',(0.,0.,-1.));
#6329 = DIRECTION('',(1.,0.,0.));
#6330 = PCURVE('',#5064,#6331);
#6331 = DEFINITIONAL_REPRESENTATION('',(#6332),#6340);
#6332 = ( BOUNDED_CURVE() B_SPLINE_CURVE(2,(#6333,#6334,#6335,#6336,
#6337,#6338,#6339),.UNSPECIFIED.,.T.,.F.) B_SPLINE_CURVE_WITH_KNOTS((1,2
    ,2,2,2,1),(-2.094395102393,0.,2.094395102393,4.188790204786,
6.28318530718,8.377580409573),.UNSPECIFIED.) CURVE() 
GEOMETRIC_REPRESENTATION_ITEM() RATIONAL_B_SPLINE_CURVE((1.,0.5,1.,0.5,
1.,0.5,1.)) REPRESENTATION_ITEM('') );
#6333 = CARTESIAN_POINT('',(1.7,-3.552713678801E-15));
#6334 = CARTESIAN_POINT('',(1.7,-2.944486372867));
#6335 = CARTESIAN_POINT('',(-0.85,-1.472243186434));
#6336 = CARTESIAN_POINT('',(-3.4,-3.969093590511E-15));
#6337 = CARTESIAN_POINT('',(-0.85,1.472243186434));
#6338 = CARTESIAN_POINT('',(1.7,2.944486372867));
#6339 = CARTESIAN_POINT('',(1.7,-3.552713678801E-15));
#6340 = ( GEOMETRIC_REPRESENTATION_CONTEXT(2) 
PARAMETRIC_REPRESENTATION_CONTEXT() REPRESENTATION_CONTEXT('2D SPACE',''
  ) );
#6341 = PCURVE('',#6093,#6342);
#6342 = DEFINITIONAL_REPRESENTATION('',(#6343),#6347);
#6343 = LINE('',#6344,#6345);
#6344 = CARTESIAN_POINT('',(-6.28318530718,-3.6));
#6345 = VECTOR('',#6346,1.);
#6346 = DIRECTION('',(1.,-0.));
#6347 = ( GEOMETRIC_REPRESENTATION_CONTEXT(2) 
PARAMETRIC_REPRESENTATION_CONTEXT() REPRESENTATION_CONTEXT('2D SPACE',''
  ) );
#6348 = ADVANCED_FACE('',(#6349,#6357),#5363,.F.);
#6349 = FACE_BOUND('',#6350,.F.);
#6350 = EDGE_LOOP('',(#6351,#6352,#6353,#6354,#6355,#6356));
#6351 = ORIENTED_EDGE('',*,*,#5472,.T.);
#6352 = ORIENTED_EDGE('',*,*,#5347,.T.);
#6353 = ORIENTED_EDGE('',*,*,#5401,.T.);
#6354 = ORIENTED_EDGE('',*,*,#5499,.T.);
#6355 = ORIENTED_EDGE('',*,*,#5597,.T.);
#6356 = ORIENTED_EDGE('',*,*,#5570,.T.);
#6357 = FACE_BOUND('',#6358,.F.);
#6358 = EDGE_LOOP('',(#6359));
#6359 = ORIENTED_EDGE('',*,*,#5916,.T.);
#6360 = ADVANCED_FACE('',(#6361),#5994,.F.);
#6361 = FACE_BOUND('',#6362,.T.);
#6362 = EDGE_LOOP('',(#6363,#6392,#6413,#6414));
#6363 = ORIENTED_EDGE('',*,*,#6364,.F.);
#6364 = EDGE_CURVE('',#6365,#6365,#6367,.T.);
#6365 = VERTEX_POINT('',#6366);
#6366 = CARTESIAN_POINT('',(-1.4,30.,4.));
#6367 = SURFACE_CURVE('',#6368,(#6373,#6380),.PCURVE_S1.);
#6368 = CIRCLE('',#6369,1.4);
#6369 = AXIS2_PLACEMENT_3D('',#6370,#6371,#6372);
#6370 = CARTESIAN_POINT('',(3.330669073875E-15,30.,4.));
#6371 = DIRECTION('',(1.110223024625E-16,1.,-0.));
#6372 = DIRECTION('',(-1.,1.110223024625E-16,0.));
#6373 = PCURVE('',#5994,#6374);
#6374 = DEFINITIONAL_REPRESENTATION('',(#6375),#6379);
#6375 = LINE('',#6376,#6377);
#6376 = CARTESIAN_POINT('',(-0.,0.));
#6377 = VECTOR('',#6378,1.);
#6378 = DIRECTION('',(-1.,0.));
#6379 = ( GEOMETRIC_REPRESENTATION_CONTEXT(2) 
PARAMETRIC_REPRESENTATION_CONTEXT() REPRESENTATION_CONTEXT('2D SPACE',''
  ) );
#6380 = PCURVE('',#6381,#6386);
#6381 = PLANE('',#6382);
#6382 = AXIS2_PLACEMENT_3D('',#6383,#6384,#6385);
#6383 = CARTESIAN_POINT('',(3.422238725608E-15,30.,4.));
#6384 = DIRECTION('',(1.110223024625E-16,1.,0.));
#6385 = DIRECTION('',(0.,0.,1.));
#6386 = DEFINITIONAL_REPRESENTATION('',(#6387),#6391);
#6387 = CIRCLE('',#6388,1.4);
#6388 = AXIS2_PLACEMENT_2D('',#6389,#6390);
#6389 = CARTESIAN_POINT('',(0.,-9.156965173255E-17));
#6390 = DIRECTION('',(0.,-1.));
#6391 = ( GEOMETRIC_REPRESENTATION_CONTEXT(2) 
PARAMETRIC_REPRESENTATION_CONTEXT() REPRESENTATION_CONTEXT('2D SPACE',''
  ) );
#6392 = ORIENTED_EDGE('',*,*,#6393,.T.);
#6393 = EDGE_CURVE('',#6365,#5974,#6394,.T.);
#6394 = SEAM_CURVE('',#6395,(#6399,#6406),.PCURVE_S1.);
#6395 = LINE('',#6396,#6397);
#6396 = CARTESIAN_POINT('',(-1.4,30.,4.));
#6397 = VECTOR('',#6398,1.);
#6398 = DIRECTION('',(1.110223024625E-16,1.,0.));
#6399 = PCURVE('',#5994,#6400);
#6400 = DEFINITIONAL_REPRESENTATION('',(#6401),#6405);
#6401 = LINE('',#6402,#6403);
#6402 = CARTESIAN_POINT('',(-6.28318530718,0.));
#6403 = VECTOR('',#6404,1.);
#6404 = DIRECTION('',(-0.,-1.));
#6405 = ( GEOMETRIC_REPRESENTATION_CONTEXT(2) 
PARAMETRIC_REPRESENTATION_CONTEXT() REPRESENTATION_CONTEXT('2D SPACE',''
  ) );
#6406 = PCURVE('',#5994,#6407);
#6407 = DEFINITIONAL_REPRESENTATION('',(#6408),#6412);
#6408 = LINE('',#6409,#6410);
#6409 = CARTESIAN_POINT('',(-0.,0.));
#6410 = VECTOR('',#6411,1.);
#6411 = DIRECTION('',(-0.,-1.));
#6412 = ( GEOMETRIC_REPRESENTATION_CONTEXT(2) 
PARAMETRIC_REPRESENTATION_CONTEXT() REPRESENTATION_CONTEXT('2D SPACE',''
  ) );
#6413 = ORIENTED_EDGE('',*,*,#5973,.F.);
#6414 = ORIENTED_EDGE('',*,*,#6393,.F.);
#6415 = ADVANCED_FACE('',(#6416,#6419),#6026,.T.);
#6416 = FACE_BOUND('',#6417,.T.);
#6417 = EDGE_LOOP('',(#6418));
#6418 = ORIENTED_EDGE('',*,*,#6009,.T.);
#6419 = FACE_BOUND('',#6420,.T.);
#6420 = EDGE_LOOP('',(#6421));
#6421 = ORIENTED_EDGE('',*,*,#6422,.T.);
#6422 = EDGE_CURVE('',#6423,#6423,#6425,.T.);
#6423 = VERTEX_POINT('',#6424);
#6424 = CARTESIAN_POINT('',(31.,1.4,4.));
#6425 = SURFACE_CURVE('',#6426,(#6431,#6442),.PCURVE_S1.);
#6426 = CIRCLE('',#6427,1.4);
#6427 = AXIS2_PLACEMENT_3D('',#6428,#6429,#6430);
#6428 = CARTESIAN_POINT('',(31.,0.,4.));
#6429 = DIRECTION('',(-1.,0.,0.));
#6430 = DIRECTION('',(0.,1.,0.));
#6431 = PCURVE('',#6026,#6432);
#6432 = DEFINITIONAL_REPRESENTATION('',(#6433),#6441);
#6433 = ( BOUNDED_CURVE() B_SPLINE_CURVE(2,(#6434,#6435,#6436,#6437,
#6438,#6439,#6440),.UNSPECIFIED.,.T.,.F.) B_SPLINE_CURVE_WITH_KNOTS((1,2
    ,2,2,2,1),(-2.094395102393,0.,2.094395102393,4.188790204786,
6.28318530718,8.377580409573),.UNSPECIFIED.) CURVE() 
GEOMETRIC_REPRESENTATION_ITEM() RATIONAL_B_SPLINE_CURVE((1.,0.5,1.,0.5,
1.,0.5,1.)) REPRESENTATION_ITEM('') );
#6434 = CARTESIAN_POINT('',(0.,-1.4));
#6435 = CARTESIAN_POINT('',(-2.424871130596,-1.4));
#6436 = CARTESIAN_POINT('',(-1.212435565298,0.7));
#6437 = CARTESIAN_POINT('',(-3.429011037613E-16,2.8));
#6438 = CARTESIAN_POINT('',(1.212435565298,0.7));
#6439 = CARTESIAN_POINT('',(2.424871130596,-1.4));
#6440 = CARTESIAN_POINT('',(0.,-1.4));
#6441 = ( GEOMETRIC_REPRESENTATION_CONTEXT(2) 
PARAMETRIC_REPRESENTATION_CONTEXT() REPRESENTATION_CONTEXT('2D SPACE',''
  ) );
#6442 = PCURVE('',#6443,#6448);
#6443 = CYLINDRICAL_SURFACE('',#6444,1.4);
#6444 = AXIS2_PLACEMENT_3D('',#6445,#6446,#6447);
#6445 = CARTESIAN_POINT('',(30.,0.,4.));
#6446 = DIRECTION('',(-1.,-0.,-0.));
#6447 = DIRECTION('',(0.,1.,0.));
#6448 = DEFINITIONAL_REPRESENTATION('',(#6449),#6453);
#6449 = LINE('',#6450,#6451);
#6450 = CARTESIAN_POINT('',(-6.28318530718,-1.));
#6451 = VECTOR('',#6452,1.);
#6452 = DIRECTION('',(1.,-0.));
#6453 = ( GEOMETRIC_REPRESENTATION_CONTEXT(2) 
PARAMETRIC_REPRESENTATION_CONTEXT() REPRESENTATION_CONTEXT('2D SPACE',''
  ) );
#6454 = ADVANCED_FACE('',(#6455),#6093,.F.);
#6455 = FACE_BOUND('',#6456,.T.);
#6456 = EDGE_LOOP('',(#6457,#6458,#6479,#6480));
#6457 = ORIENTED_EDGE('',*,*,#6321,.T.);
#6458 = ORIENTED_EDGE('',*,*,#6459,.T.);
#6459 = EDGE_CURVE('',#6322,#6073,#6460,.T.);
#6460 = SEAM_CURVE('',#6461,(#6465,#6472),.PCURVE_S1.);
#6461 = LINE('',#6462,#6463);
#6462 = CARTESIAN_POINT('',(24.2,-22.5,-1.));
#6463 = VECTOR('',#6464,1.);
#6464 = DIRECTION('',(0.,0.,1.));
#6465 = PCURVE('',#6093,#6466);
#6466 = DEFINITIONAL_REPRESENTATION('',(#6467),#6471);
#6467 = LINE('',#6468,#6469);
#6468 = CARTESIAN_POINT('',(-6.28318530718,0.));
#6469 = VECTOR('',#6470,1.);
#6470 = DIRECTION('',(-0.,-1.));
#6471 = ( GEOMETRIC_REPRESENTATION_CONTEXT(2) 
PARAMETRIC_REPRESENTATION_CONTEXT() REPRESENTATION_CONTEXT('2D SPACE',''
  ) );
#6472 = PCURVE('',#6093,#6473);
#6473 = DEFINITIONAL_REPRESENTATION('',(#6474),#6478);
#6474 = LINE('',#6475,#6476);
#6475 = CARTESIAN_POINT('',(-0.,0.));
#6476 = VECTOR('',#6477,1.);
#6477 = DIRECTION('',(-0.,-1.));
#6478 = ( GEOMETRIC_REPRESENTATION_CONTEXT(2) 
PARAMETRIC_REPRESENTATION_CONTEXT() REPRESENTATION_CONTEXT('2D SPACE',''
  ) );
#6479 = ORIENTED_EDGE('',*,*,#6072,.F.);
#6480 = ORIENTED_EDGE('',*,*,#6459,.F.);
#6481 = ADVANCED_FACE('',(#6482),#6137,.F.);
#6482 = FACE_BOUND('',#6483,.T.);
#6483 = EDGE_LOOP('',(#6484,#6485,#6506,#6507));
#6484 = ORIENTED_EDGE('',*,*,#6282,.T.);
#6485 = ORIENTED_EDGE('',*,*,#6486,.T.);
#6486 = EDGE_CURVE('',#6283,#6117,#6487,.T.);
#6487 = SEAM_CURVE('',#6488,(#6492,#6499),.PCURVE_S1.);
#6488 = LINE('',#6489,#6490);
#6489 = CARTESIAN_POINT('',(-20.8,-22.5,-1.));
#6490 = VECTOR('',#6491,1.);
#6491 = DIRECTION('',(0.,0.,1.));
#6492 = PCURVE('',#6137,#6493);
#6493 = DEFINITIONAL_REPRESENTATION('',(#6494),#6498);
#6494 = LINE('',#6495,#6496);
#6495 = CARTESIAN_POINT('',(-6.28318530718,0.));
#6496 = VECTOR('',#6497,1.);
#6497 = DIRECTION('',(-0.,-1.));
#6498 = ( GEOMETRIC_REPRESENTATION_CONTEXT(2) 
PARAMETRIC_REPRESENTATION_CONTEXT() REPRESENTATION_CONTEXT('2D SPACE',''
  ) );
#6499 = PCURVE('',#6137,#6500);
#6500 = DEFINITIONAL_REPRESENTATION('',(#6501),#6505);
#6501 = LINE('',#6502,#6503);
#6502 = CARTESIAN_POINT('',(-0.,0.));
#6503 = VECTOR('',#6504,1.);
#6504 = DIRECTION('',(-0.,-1.));
#6505 = ( GEOMETRIC_REPRESENTATION_CONTEXT(2) 
PARAMETRIC_REPRESENTATION_CONTEXT() REPRESENTATION_CONTEXT('2D SPACE',''
  ) );
#6506 = ORIENTED_EDGE('',*,*,#6116,.F.);
#6507 = ORIENTED_EDGE('',*,*,#6486,.F.);
#6508 = ADVANCED_FACE('',(#6509,#6512),#6169,.T.);
#6509 = FACE_BOUND('',#6510,.T.);
#6510 = EDGE_LOOP('',(#6511));
#6511 = ORIENTED_EDGE('',*,*,#6152,.T.);
#6512 = FACE_BOUND('',#6513,.T.);
#6513 = EDGE_LOOP('',(#6514));
#6514 = ORIENTED_EDGE('',*,*,#6515,.T.);
#6515 = EDGE_CURVE('',#6516,#6516,#6518,.T.);
#6516 = VERTEX_POINT('',#6517);
#6517 = CARTESIAN_POINT('',(1.4,-31.,4.));
#6518 = SURFACE_CURVE('',#6519,(#6524,#6535),.PCURVE_S1.);
#6519 = CIRCLE('',#6520,1.4);
#6520 = AXIS2_PLACEMENT_3D('',#6521,#6522,#6523);
#6521 = CARTESIAN_POINT('',(-6.883382752676E-15,-31.,4.));
#6522 = DIRECTION('',(2.22044604925E-16,1.,0.));
#6523 = DIRECTION('',(1.,-2.22044604925E-16,0.));
#6524 = PCURVE('',#6169,#6525);
#6525 = DEFINITIONAL_REPRESENTATION('',(#6526),#6534);
#6526 = ( BOUNDED_CURVE() B_SPLINE_CURVE(2,(#6527,#6528,#6529,#6530,
#6531,#6532,#6533),.UNSPECIFIED.,.T.,.F.) B_SPLINE_CURVE_WITH_KNOTS((1,2
    ,2,2,2,1),(-2.094395102393,0.,2.094395102393,4.188790204786,
6.28318530718,8.377580409573),.UNSPECIFIED.) CURVE() 
GEOMETRIC_REPRESENTATION_ITEM() RATIONAL_B_SPLINE_CURVE((1.,0.5,1.,0.5,
1.,0.5,1.)) REPRESENTATION_ITEM('') );
#6527 = CARTESIAN_POINT('',(0.,-1.4));
#6528 = CARTESIAN_POINT('',(-2.424871130596,-1.4));
#6529 = CARTESIAN_POINT('',(-1.212435565298,0.7));
#6530 = CARTESIAN_POINT('',(-3.429011037613E-16,2.8));
#6531 = CARTESIAN_POINT('',(1.212435565298,0.7));
#6532 = CARTESIAN_POINT('',(2.424871130596,-1.4));
#6533 = CARTESIAN_POINT('',(0.,-1.4));
#6534 = ( GEOMETRIC_REPRESENTATION_CONTEXT(2) 
PARAMETRIC_REPRESENTATION_CONTEXT() REPRESENTATION_CONTEXT('2D SPACE',''
  ) );
#6535 = PCURVE('',#6536,#6541);
#6536 = CYLINDRICAL_SURFACE('',#6537,1.4);
#6537 = AXIS2_PLACEMENT_3D('',#6538,#6539,#6540);
#6538 = CARTESIAN_POINT('',(-6.661338147751E-15,-30.,4.));
#6539 = DIRECTION('',(2.22044604925E-16,1.,-0.));
#6540 = DIRECTION('',(1.,-2.22044604925E-16,0.));
#6541 = DEFINITIONAL_REPRESENTATION('',(#6542),#6546);
#6542 = LINE('',#6543,#6544);
#6543 = CARTESIAN_POINT('',(-6.28318530718,-1.));
#6544 = VECTOR('',#6545,1.);
#6545 = DIRECTION('',(1.,-0.));
#6546 = ( GEOMETRIC_REPRESENTATION_CONTEXT(2) 
PARAMETRIC_REPRESENTATION_CONTEXT() REPRESENTATION_CONTEXT('2D SPACE',''
  ) );
#6547 = ADVANCED_FACE('',(#6548,#6551),#6224,.T.);
#6548 = FACE_BOUND('',#6549,.T.);
#6549 = EDGE_LOOP('',(#6550));
#6550 = ORIENTED_EDGE('',*,*,#6207,.T.);
#6551 = FACE_BOUND('',#6552,.T.);
#6552 = EDGE_LOOP('',(#6553));
#6553 = ORIENTED_EDGE('',*,*,#6554,.T.);
#6554 = EDGE_CURVE('',#6555,#6555,#6557,.T.);
#6555 = VERTEX_POINT('',#6556);
#6556 = CARTESIAN_POINT('',(-31.,-1.4,4.));
#6557 = SURFACE_CURVE('',#6558,(#6563,#6574),.PCURVE_S1.);
#6558 = CIRCLE('',#6559,1.4);
#6559 = AXIS2_PLACEMENT_3D('',#6560,#6561,#6562);
#6560 = CARTESIAN_POINT('',(-31.,3.796405077357E-15,4.));
#6561 = DIRECTION('',(1.,-1.224646799147E-16,-0.));
#6562 = DIRECTION('',(-1.224646799147E-16,-1.,0.));
#6563 = PCURVE('',#6224,#6564);
#6564 = DEFINITIONAL_REPRESENTATION('',(#6565),#6573);
#6565 = ( BOUNDED_CURVE() B_SPLINE_CURVE(2,(#6566,#6567,#6568,#6569,
#6570,#6571,#6572),.UNSPECIFIED.,.T.,.F.) B_SPLINE_CURVE_WITH_KNOTS((1,2
    ,2,2,2,1),(-2.094395102393,0.,2.094395102393,4.188790204786,
6.28318530718,8.377580409573),.UNSPECIFIED.) CURVE() 
GEOMETRIC_REPRESENTATION_ITEM() RATIONAL_B_SPLINE_CURVE((1.,0.5,1.,0.5,
1.,0.5,1.)) REPRESENTATION_ITEM('') );
#6566 = CARTESIAN_POINT('',(0.,-1.4));
#6567 = CARTESIAN_POINT('',(-2.424871130596,-1.4));
#6568 = CARTESIAN_POINT('',(-1.212435565298,0.7));
#6569 = CARTESIAN_POINT('',(-3.429011037613E-16,2.8));
#6570 = CARTESIAN_POINT('',(1.212435565298,0.7));
#6571 = CARTESIAN_POINT('',(2.424871130596,-1.4));
#6572 = CARTESIAN_POINT('',(0.,-1.4));
#6573 = ( GEOMETRIC_REPRESENTATION_CONTEXT(2) 
PARAMETRIC_REPRESENTATION_CONTEXT() REPRESENTATION_CONTEXT('2D SPACE',''
  ) );
#6574 = PCURVE('',#6575,#6580);
#6575 = CYLINDRICAL_SURFACE('',#6576,1.4);
#6576 = AXIS2_PLACEMENT_3D('',#6577,#6578,#6579);
#6577 = CARTESIAN_POINT('',(-30.,3.673940397442E-15,4.));
#6578 = DIRECTION('',(1.,-1.224646799147E-16,-0.));
#6579 = DIRECTION('',(-1.224646799147E-16,-1.,0.));
#6580 = DEFINITIONAL_REPRESENTATION('',(#6581),#6585);
#6581 = LINE('',#6582,#6583);
#6582 = CARTESIAN_POINT('',(-6.28318530718,-1.));
#6583 = VECTOR('',#6584,1.);
#6584 = DIRECTION('',(1.,-0.));
#6585 = ( GEOMETRIC_REPRESENTATION_CONTEXT(2) 
PARAMETRIC_REPRESENTATION_CONTEXT() REPRESENTATION_CONTEXT('2D SPACE',''
  ) );
#6586 = ADVANCED_FACE('',(#6587),#6381,.T.);
#6587 = FACE_BOUND('',#6588,.T.);
#6588 = EDGE_LOOP('',(#6589));
#6589 = ORIENTED_EDGE('',*,*,#6364,.T.);
#6590 = ADVANCED_FACE('',(#6591),#6443,.F.);
#6591 = FACE_BOUND('',#6592,.T.);
#6592 = EDGE_LOOP('',(#6593,#6622,#6643,#6644));
#6593 = ORIENTED_EDGE('',*,*,#6594,.F.);
#6594 = EDGE_CURVE('',#6595,#6595,#6597,.T.);
#6595 = VERTEX_POINT('',#6596);
#6596 = CARTESIAN_POINT('',(30.,1.4,4.));
#6597 = SURFACE_CURVE('',#6598,(#6603,#6610),.PCURVE_S1.);
#6598 = CIRCLE('',#6599,1.4);
#6599 = AXIS2_PLACEMENT_3D('',#6600,#6601,#6602);
#6600 = CARTESIAN_POINT('',(30.,0.,4.));
#6601 = DIRECTION('',(1.,0.,0.));
#6602 = DIRECTION('',(0.,1.,0.));
#6603 = PCURVE('',#6443,#6604);
#6604 = DEFINITIONAL_REPRESENTATION('',(#6605),#6609);
#6605 = LINE('',#6606,#6607);
#6606 = CARTESIAN_POINT('',(-0.,0.));
#6607 = VECTOR('',#6608,1.);
#6608 = DIRECTION('',(-1.,0.));
#6609 = ( GEOMETRIC_REPRESENTATION_CONTEXT(2) 
PARAMETRIC_REPRESENTATION_CONTEXT() REPRESENTATION_CONTEXT('2D SPACE',''
  ) );
#6610 = PCURVE('',#6611,#6616);
#6611 = PLANE('',#6612);
#6612 = AXIS2_PLACEMENT_3D('',#6613,#6614,#6615);
#6613 = CARTESIAN_POINT('',(30.,-9.156965173255E-17,4.));
#6614 = DIRECTION('',(1.,0.,0.));
#6615 = DIRECTION('',(0.,0.,1.));
#6616 = DEFINITIONAL_REPRESENTATION('',(#6617),#6621);
#6617 = CIRCLE('',#6618,1.4);
#6618 = AXIS2_PLACEMENT_2D('',#6619,#6620);
#6619 = CARTESIAN_POINT('',(0.,-9.156965173255E-17));
#6620 = DIRECTION('',(0.,-1.));
#6621 = ( GEOMETRIC_REPRESENTATION_CONTEXT(2) 
PARAMETRIC_REPRESENTATION_CONTEXT() REPRESENTATION_CONTEXT('2D SPACE',''
  ) );
#6622 = ORIENTED_EDGE('',*,*,#6623,.T.);
#6623 = EDGE_CURVE('',#6595,#6423,#6624,.T.);
#6624 = SEAM_CURVE('',#6625,(#6629,#6636),.PCURVE_S1.);
#6625 = LINE('',#6626,#6627);
#6626 = CARTESIAN_POINT('',(30.,1.4,4.));
#6627 = VECTOR('',#6628,1.);
#6628 = DIRECTION('',(1.,0.,0.));
#6629 = PCURVE('',#6443,#6630);
#6630 = DEFINITIONAL_REPRESENTATION('',(#6631),#6635);
#6631 = LINE('',#6632,#6633);
#6632 = CARTESIAN_POINT('',(-6.28318530718,0.));
#6633 = VECTOR('',#6634,1.);
#6634 = DIRECTION('',(-0.,-1.));
#6635 = ( GEOMETRIC_REPRESENTATION_CONTEXT(2) 
PARAMETRIC_REPRESENTATION_CONTEXT() REPRESENTATION_CONTEXT('2D SPACE',''
  ) );
#6636 = PCURVE('',#6443,#6637);
#6637 = DEFINITIONAL_REPRESENTATION('',(#6638),#6642);
#6638 = LINE('',#6639,#6640);
#6639 = CARTESIAN_POINT('',(-0.,0.));
#6640 = VECTOR('',#6641,1.);
#6641 = DIRECTION('',(-0.,-1.));
#6642 = ( GEOMETRIC_REPRESENTATION_CONTEXT(2) 
PARAMETRIC_REPRESENTATION_CONTEXT() REPRESENTATION_CONTEXT('2D SPACE',''
  ) );
#6643 = ORIENTED_EDGE('',*,*,#6422,.F.);
#6644 = ORIENTED_EDGE('',*,*,#6623,.F.);
#6645 = ADVANCED_FACE('',(#6646),#6536,.F.);
#6646 = FACE_BOUND('',#6647,.T.);
#6647 = EDGE_LOOP('',(#6648,#6677,#6698,#6699));
#6648 = ORIENTED_EDGE('',*,*,#6649,.F.);
#6649 = EDGE_CURVE('',#6650,#6650,#6652,.T.);
#6650 = VERTEX_POINT('',#6651);
#6651 = CARTESIAN_POINT('',(1.4,-30.,4.));
#6652 = SURFACE_CURVE('',#6653,(#6658,#6665),.PCURVE_S1.);
#6653 = CIRCLE('',#6654,1.4);
#6654 = AXIS2_PLACEMENT_3D('',#6655,#6656,#6657);
#6655 = CARTESIAN_POINT('',(-6.661338147751E-15,-30.,4.));
#6656 = DIRECTION('',(-2.22044604925E-16,-1.,0.));
#6657 = DIRECTION('',(1.,-2.22044604925E-16,0.));
#6658 = PCURVE('',#6536,#6659);
#6659 = DEFINITIONAL_REPRESENTATION('',(#6660),#6664);
#6660 = LINE('',#6661,#6662);
#6661 = CARTESIAN_POINT('',(-0.,0.));
#6662 = VECTOR('',#6663,1.);
#6663 = DIRECTION('',(-1.,0.));
#6664 = ( GEOMETRIC_REPRESENTATION_CONTEXT(2) 
PARAMETRIC_REPRESENTATION_CONTEXT() REPRESENTATION_CONTEXT('2D SPACE',''
  ) );
#6665 = PCURVE('',#6666,#6671);
#6666 = PLANE('',#6667);
#6667 = AXIS2_PLACEMENT_3D('',#6668,#6669,#6670);
#6668 = CARTESIAN_POINT('',(-6.752907799483E-15,-30.,4.));
#6669 = DIRECTION('',(-2.22044604925E-16,-1.,0.));
#6670 = DIRECTION('',(0.,0.,1.));
#6671 = DEFINITIONAL_REPRESENTATION('',(#6672),#6676);
#6672 = CIRCLE('',#6673,1.4);
#6673 = AXIS2_PLACEMENT_2D('',#6674,#6675);
#6674 = CARTESIAN_POINT('',(0.,-9.156965173255E-17));
#6675 = DIRECTION('',(0.,-1.));
#6676 = ( GEOMETRIC_REPRESENTATION_CONTEXT(2) 
PARAMETRIC_REPRESENTATION_CONTEXT() REPRESENTATION_CONTEXT('2D SPACE',''
  ) );
#6677 = ORIENTED_EDGE('',*,*,#6678,.T.);
#6678 = EDGE_CURVE('',#6650,#6516,#6679,.T.);
#6679 = SEAM_CURVE('',#6680,(#6684,#6691),.PCURVE_S1.);
#6680 = LINE('',#6681,#6682);
#6681 = CARTESIAN_POINT('',(1.4,-30.,4.));
#6682 = VECTOR('',#6683,1.);
#6683 = DIRECTION('',(-2.22044604925E-16,-1.,0.));
#6684 = PCURVE('',#6536,#6685);
#6685 = DEFINITIONAL_REPRESENTATION('',(#6686),#6690);
#6686 = LINE('',#6687,#6688);
#6687 = CARTESIAN_POINT('',(-6.28318530718,0.));
#6688 = VECTOR('',#6689,1.);
#6689 = DIRECTION('',(-0.,-1.));
#6690 = ( GEOMETRIC_REPRESENTATION_CONTEXT(2) 
PARAMETRIC_REPRESENTATION_CONTEXT() REPRESENTATION_CONTEXT('2D SPACE',''
  ) );
#6691 = PCURVE('',#6536,#6692);
#6692 = DEFINITIONAL_REPRESENTATION('',(#6693),#6697);
#6693 = LINE('',#6694,#6695);
#6694 = CARTESIAN_POINT('',(-0.,0.));
#6695 = VECTOR('',#6696,1.);
#6696 = DIRECTION('',(-0.,-1.));
#6697 = ( GEOMETRIC_REPRESENTATION_CONTEXT(2) 
PARAMETRIC_REPRESENTATION_CONTEXT() REPRESENTATION_CONTEXT('2D SPACE',''
  ) );
#6698 = ORIENTED_EDGE('',*,*,#6515,.F.);
#6699 = ORIENTED_EDGE('',*,*,#6678,.F.);
#6700 = ADVANCED_FACE('',(#6701),#6575,.F.);
#6701 = FACE_BOUND('',#6702,.T.);
#6702 = EDGE_LOOP('',(#6703,#6732,#6753,#6754));
#6703 = ORIENTED_EDGE('',*,*,#6704,.F.);
#6704 = EDGE_CURVE('',#6705,#6705,#6707,.T.);
#6705 = VERTEX_POINT('',#6706);
#6706 = CARTESIAN_POINT('',(-30.,-1.4,4.));
#6707 = SURFACE_CURVE('',#6708,(#6713,#6720),.PCURVE_S1.);
#6708 = CIRCLE('',#6709,1.4);
#6709 = AXIS2_PLACEMENT_3D('',#6710,#6711,#6712);
#6710 = CARTESIAN_POINT('',(-30.,3.673940397442E-15,4.));
#6711 = DIRECTION('',(-1.,1.224646799147E-16,0.));
#6712 = DIRECTION('',(-1.224646799147E-16,-1.,0.));
#6713 = PCURVE('',#6575,#6714);
#6714 = DEFINITIONAL_REPRESENTATION('',(#6715),#6719);
#6715 = LINE('',#6716,#6717);
#6716 = CARTESIAN_POINT('',(-0.,0.));
#6717 = VECTOR('',#6718,1.);
#6718 = DIRECTION('',(-1.,0.));
#6719 = ( GEOMETRIC_REPRESENTATION_CONTEXT(2) 
PARAMETRIC_REPRESENTATION_CONTEXT() REPRESENTATION_CONTEXT('2D SPACE',''
  ) );
#6720 = PCURVE('',#6721,#6726);
#6721 = PLANE('',#6722);
#6722 = AXIS2_PLACEMENT_3D('',#6723,#6724,#6725);
#6723 = CARTESIAN_POINT('',(-30.,3.765510049175E-15,4.));
#6724 = DIRECTION('',(-1.,1.224646799147E-16,0.));
#6725 = DIRECTION('',(0.,0.,1.));
#6726 = DEFINITIONAL_REPRESENTATION('',(#6727),#6731);
#6727 = CIRCLE('',#6728,1.4);
#6728 = AXIS2_PLACEMENT_2D('',#6729,#6730);
#6729 = CARTESIAN_POINT('',(0.,-9.156965173255E-17));
#6730 = DIRECTION('',(0.,-1.));
#6731 = ( GEOMETRIC_REPRESENTATION_CONTEXT(2) 
PARAMETRIC_REPRESENTATION_CONTEXT() REPRESENTATION_CONTEXT('2D SPACE',''
  ) );
#6732 = ORIENTED_EDGE('',*,*,#6733,.T.);
#6733 = EDGE_CURVE('',#6705,#6555,#6734,.T.);
#6734 = SEAM_CURVE('',#6735,(#6739,#6746),.PCURVE_S1.);
#6735 = LINE('',#6736,#6737);
#6736 = CARTESIAN_POINT('',(-30.,-1.4,4.));
#6737 = VECTOR('',#6738,1.);
#6738 = DIRECTION('',(-1.,1.224646799147E-16,0.));
#6739 = PCURVE('',#6575,#6740);
#6740 = DEFINITIONAL_REPRESENTATION('',(#6741),#6745);
#6741 = LINE('',#6742,#6743);
#6742 = CARTESIAN_POINT('',(-6.28318530718,0.));
#6743 = VECTOR('',#6744,1.);
#6744 = DIRECTION('',(-0.,-1.));
#6745 = ( GEOMETRIC_REPRESENTATION_CONTEXT(2) 
PARAMETRIC_REPRESENTATION_CONTEXT() REPRESENTATION_CONTEXT('2D SPACE',''
  ) );
#6746 = PCURVE('',#6575,#6747);
#6747 = DEFINITIONAL_REPRESENTATION('',(#6748),#6752);
#6748 = LINE('',#6749,#6750);
#6749 = CARTESIAN_POINT('',(-0.,0.));
#6750 = VECTOR('',#6751,1.);
#6751 = DIRECTION('',(-0.,-1.));
#6752 = ( GEOMETRIC_REPRESENTATION_CONTEXT(2) 
PARAMETRIC_REPRESENTATION_CONTEXT() REPRESENTATION_CONTEXT('2D SPACE',''
  ) );
#6753 = ORIENTED_EDGE('',*,*,#6554,.F.);
#6754 = ORIENTED_EDGE('',*,*,#6733,.F.);
#6755 = ADVANCED_FACE('',(#6756),#6611,.T.);
#6756 = FACE_BOUND('',#6757,.T.);
#6757 = EDGE_LOOP('',(#6758));
#6758 = ORIENTED_EDGE('',*,*,#6594,.T.);
#6759 = ADVANCED_FACE('',(#6760),#6666,.T.);
#6760 = FACE_BOUND('',#6761,.T.);
#6761 = EDGE_LOOP('',(#6762));
#6762 = ORIENTED_EDGE('',*,*,#6649,.T.);
#6763 = ADVANCED_FACE('',(#6764),#6721,.T.);
#6764 = FACE_BOUND('',#6765,.T.);
#6765 = EDGE_LOOP('',(#6766));
#6766 = ORIENTED_EDGE('',*,*,#6704,.T.);
#6767 = ( GEOMETRIC_REPRESENTATION_CONTEXT(3) 
GLOBAL_UNCERTAINTY_ASSIGNED_CONTEXT((#6771)) 
GLOBAL_UNIT_ASSIGNED_CONTEXT((#6768,#6769,#6770)) REPRESENTATION_CONTEXT
('Context #1','3D Context with UNIT and UNCERTAINTY') );
#6768 = ( LENGTH_UNIT() NAMED_UNIT(*) SI_UNIT(.MILLI.,.METRE.) );
#6769 = ( NAMED_UNIT(*) PLANE_ANGLE_UNIT() SI_UNIT($,.RADIAN.) );
#6770 = ( NAMED_UNIT(*) SI_UNIT($,.STERADIAN.) SOLID_ANGLE_UNIT() );
#6771 = UNCERTAINTY_MEASURE_WITH_UNIT(LENGTH_MEASURE(1.E-07),#6768,
  'distance_accuracy_value','confusion accuracy');
#6772 = PRODUCT_RELATED_PRODUCT_CATEGORY('part',$,(#7));
ENDSEC;
END-ISO-10303-21;
