ISO-10303-21;
HEADER;
FILE_DESCRIPTION(('Open CASCADE Model'),'2;1');
FILE_NAME('Open CASCADE Shape Model','2026-09-29T12:41:05',('Author'),(
    'Open CASCADE'),'Open CASCADE STEP processor 7.9','Open CASCADE 7.9'
  ,'Unknown');
FILE_SCHEMA(('AUTOMOTIVE_DESIGN { 1 0 10303 214 1 1 1 1 }'));
ENDSEC;
DATA;
#1 = APPLICATION_PROTOCOL_DEFINITION('international standard',
  'automotive_design',2000,#2);
#2 = APPLICATION_CONTEXT(
  'core data for automotive mechanical design processes');
#3 = SHAPE_DEFINITION_REPRESENTATION(#4,#10);
#4 = PRODUCT_DEFINITION_SHAPE('','',#5);
#5 = PRODUCT_DEFINITION('design','',#6,#9);
#6 = PRODUCT_DEFINITION_FORMATION('','',#7);
#7 = PRODUCT('Open CASCADE STEP translator 7.9 2',
  'Open CASCADE STEP translator 7.9 2','',(#8));
#8 = PRODUCT_CONTEXT('',#2,'mechanical');
#9 = PRODUCT_DEFINITION_CONTEXT('part definition',#2,'design');
#10 = ADVANCED_BREP_SHAPE_REPRESENTATION('',(#11,#15),#8271);
#11 = AXIS2_PLACEMENT_3D('',#12,#13,#14);
#12 = CARTESIAN_POINT('',(0.,0.,0.));
#13 = DIRECTION('',(0.,0.,1.));
#14 = DIRECTION('',(1.,0.,-0.));
#15 = MANIFOLD_SOLID_BREP('',#16);
#16 = CLOSED_SHELL('',(#17,#907,#1659,#2417,#2472,#2527,#2582,#2637,
    #2696,#2770,#2817,#2864,#2889,#2958,#3005,#3052,#3077,#3153,#3202,
    #3251,#3382,#3441,#3515,#3562,#3609,#3634,#3703,#3750,#3797,#3822,
    #3881,#3935,#3989,#4048,#4116,#4333,#4381,#4426,#4478,#4523,#4571,
    #4783,#4831,#4876,#4928,#4973,#5021,#5265,#5313,#5358,#5410,#5455,
    #5503,#5742,#5790,#5835,#5887,#5912,#5951,#5990,#6029,#6068,#6075,
    #6196,#6381,#6428,#6475,#6500,#6507,#6629,#6636,#6643,#6692,#6769,
    #6818,#6923,#6972,#7044,#7071,#7118,#7193,#7242,#7351,#7400,#7470,
    #7495,#7550,#7605,#7660,#7715,#7742,#7821,#7921,#7990,#8037,#8084,
    #8109,#8116,#8123,#8152,#8159,#8186,#8213,#8242,#8246,#8250,#8254,
    #8258));
#17 = ADVANCED_FACE('',(#18,#211,#385,#559,#733),#32,.T.);
#18 = FACE_BOUND('',#19,.F.);
#19 = EDGE_LOOP('',(#20,#50,#77,#78,#111,#134,#162,#185));
#20 = ORIENTED_EDGE('',*,*,#21,.F.);
#21 = EDGE_CURVE('',#22,#24,#26,.T.);
#22 = VERTEX_POINT('',#23);
#23 = CARTESIAN_POINT('',(36.724207610729,4.50916570599,87.6));
#24 = VERTEX_POINT('',#25);
#25 = CARTESIAN_POINT('',(36.724207610729,4.50916570599,95.6));
#26 = SEAM_CURVE('',#27,(#31,#43),.PCURVE_S1.);
#27 = LINE('',#28,#29);
#28 = CARTESIAN_POINT('',(36.724207610729,4.50916570599,87.6));
#29 = VECTOR('',#30,1.);
#30 = DIRECTION('',(0.,0.,1.));
#31 = PCURVE('',#32,#37);
#32 = CYLINDRICAL_SURFACE('',#33,37.);
#33 = AXIS2_PLACEMENT_3D('',#34,#35,#36);
#34 = CARTESIAN_POINT('',(0.,0.,92.6));
#35 = DIRECTION('',(0.,-0.,-1.));
#36 = DIRECTION('',(0.992546151641,0.121869343405,0.));
#37 = DEFINITIONAL_REPRESENTATION('',(#38),#42);
#38 = LINE('',#39,#40);
#39 = CARTESIAN_POINT('',(-6.28318530718,5.));
#40 = VECTOR('',#41,1.);
#41 = DIRECTION('',(-0.,-1.));
#42 = ( GEOMETRIC_REPRESENTATION_CONTEXT(2) 
PARAMETRIC_REPRESENTATION_CONTEXT() REPRESENTATION_CONTEXT('2D SPACE',''
  ) );
#43 = PCURVE('',#32,#44);
#44 = DEFINITIONAL_REPRESENTATION('',(#45),#49);
#45 = LINE('',#46,#47);
#46 = CARTESIAN_POINT('',(-0.,5.));
#47 = VECTOR('',#48,1.);
#48 = DIRECTION('',(-0.,-1.));
#49 = ( GEOMETRIC_REPRESENTATION_CONTEXT(2) 
PARAMETRIC_REPRESENTATION_CONTEXT() REPRESENTATION_CONTEXT('2D SPACE',''
  ) );
#50 = ORIENTED_EDGE('',*,*,#51,.F.);
#51 = EDGE_CURVE('',#22,#22,#52,.T.);
#52 = SURFACE_CURVE('',#53,(#58,#65),.PCURVE_S1.);
#53 = CIRCLE('',#54,37.);
#54 = AXIS2_PLACEMENT_3D('',#55,#56,#57);
#55 = CARTESIAN_POINT('',(0.,0.,87.6));
#56 = DIRECTION('',(0.,-0.,1.));
#57 = DIRECTION('',(0.992546151641,0.121869343405,0.));
#58 = PCURVE('',#32,#59);
#59 = DEFINITIONAL_REPRESENTATION('',(#60),#64);
#60 = LINE('',#61,#62);
#61 = CARTESIAN_POINT('',(-0.,5.));
#62 = VECTOR('',#63,1.);
#63 = DIRECTION('',(-1.,0.));
#64 = ( GEOMETRIC_REPRESENTATION_CONTEXT(2) 
PARAMETRIC_REPRESENTATION_CONTEXT() REPRESENTATION_CONTEXT('2D SPACE',''
  ) );
#65 = PCURVE('',#66,#71);
#66 = PLANE('',#67);
#67 = AXIS2_PLACEMENT_3D('',#68,#69,#70);
#68 = CARTESIAN_POINT('',(-2.740115638314E-15,2.907945272208E-15,87.6));
#69 = DIRECTION('',(0.,0.,1.));
#70 = DIRECTION('',(0.992546151641,0.121869343405,0.));
#71 = DEFINITIONAL_REPRESENTATION('',(#72),#76);
#72 = CIRCLE('',#73,37.);
#73 = AXIS2_PLACEMENT_2D('',#74,#75);
#74 = CARTESIAN_POINT('',(2.365301850879E-15,-3.22020598281E-15));
#75 = DIRECTION('',(1.,0.));
#76 = ( GEOMETRIC_REPRESENTATION_CONTEXT(2) 
PARAMETRIC_REPRESENTATION_CONTEXT() REPRESENTATION_CONTEXT('2D SPACE',''
  ) );
#77 = ORIENTED_EDGE('',*,*,#21,.T.);
#78 = ORIENTED_EDGE('',*,*,#79,.F.);
#79 = EDGE_CURVE('',#80,#24,#82,.T.);
#80 = VERTEX_POINT('',#81);
#81 = CARTESIAN_POINT('',(3.867553140903,36.797310128626,95.6));
#82 = SURFACE_CURVE('',#83,(#88,#95),.PCURVE_S1.);
#83 = CIRCLE('',#84,36.99999999976);
#84 = AXIS2_PLACEMENT_3D('',#85,#86,#87);
#85 = CARTESIAN_POINT('',(2.380851071848E-10,2.710809354767E-11,95.6));
#86 = DIRECTION('',(0.,0.,-1.));
#87 = DIRECTION('',(0.992546151641,0.121869343405,0.));
#88 = PCURVE('',#32,#89);
#89 = DEFINITIONAL_REPRESENTATION('',(#90),#94);
#90 = LINE('',#91,#92);
#91 = CARTESIAN_POINT('',(-6.28318530718,-3.));
#92 = VECTOR('',#93,1.);
#93 = DIRECTION('',(1.,-0.));
#94 = ( GEOMETRIC_REPRESENTATION_CONTEXT(2) 
PARAMETRIC_REPRESENTATION_CONTEXT() REPRESENTATION_CONTEXT('2D SPACE',''
  ) );
#95 = PCURVE('',#96,#101);
#96 = PLANE('',#97);
#97 = AXIS2_PLACEMENT_3D('',#98,#99,#100);
#98 = CARTESIAN_POINT('',(-2.740115638314E-15,2.907945272208E-15,95.6));
#99 = DIRECTION('',(0.,0.,1.));
#100 = DIRECTION('',(0.992546151641,0.121869343405,0.));
#101 = DEFINITIONAL_REPRESENTATION('',(#102),#110);
#102 = ( BOUNDED_CURVE() B_SPLINE_CURVE(2,(#103,#104,#105,#106,#107,#108
,#109),.UNSPECIFIED.,.T.,.F.) B_SPLINE_CURVE_WITH_KNOTS((1,2,2,2,2,1),(
    -2.094395102393,0.,2.094395102393,4.188790204786,6.28318530718,
8.377580409573),.UNSPECIFIED.) CURVE() GEOMETRIC_REPRESENTATION_ITEM() 
RATIONAL_B_SPLINE_CURVE((1.,0.5,1.,0.5,1.,0.5,1.)) REPRESENTATION_ITEM(
  '') );
#103 = CARTESIAN_POINT('',(37.,-1.182285697824E-14));
#104 = CARTESIAN_POINT('',(37.000000000004,-64.08587987963));
#105 = CARTESIAN_POINT('',(-18.49999999963,-32.04293993982));
#106 = CARTESIAN_POINT('',(-73.99999999928,-6.322802564567E-12));
#107 = CARTESIAN_POINT('',(-18.49999999964,32.042939939814));
#108 = CARTESIAN_POINT('',(36.999999999996,64.085879879633));
#109 = CARTESIAN_POINT('',(37.,-1.182285697824E-14));
#110 = ( GEOMETRIC_REPRESENTATION_CONTEXT(2) 
PARAMETRIC_REPRESENTATION_CONTEXT() REPRESENTATION_CONTEXT('2D SPACE',''
  ) );
#111 = ORIENTED_EDGE('',*,*,#112,.T.);
#112 = EDGE_CURVE('',#80,#113,#115,.T.);
#113 = VERTEX_POINT('',#114);
#114 = CARTESIAN_POINT('',(-3.867553140903,36.797310128626,95.6));
#115 = SURFACE_CURVE('',#116,(#121,#127),.PCURVE_S1.);
#116 = CIRCLE('',#117,37.);
#117 = AXIS2_PLACEMENT_3D('',#118,#119,#120);
#118 = CARTESIAN_POINT('',(0.,0.,95.6));
#119 = DIRECTION('',(0.,0.,1.));
#120 = DIRECTION('',(1.,0.,0.));
#121 = PCURVE('',#32,#122);
#122 = DEFINITIONAL_REPRESENTATION('',(#123),#126);
#123 = B_SPLINE_CURVE_WITH_KNOTS('',1,(#124,#125),.UNSPECIFIED.,.F.,.F.,
  (2,2),(1.466076571675,1.675516081915),.PIECEWISE_BEZIER_KNOTS.);
#124 = CARTESIAN_POINT('',(-1.343903524042,-3.));
#125 = CARTESIAN_POINT('',(-1.553343034281,-3.));
#126 = ( GEOMETRIC_REPRESENTATION_CONTEXT(2) 
PARAMETRIC_REPRESENTATION_CONTEXT() REPRESENTATION_CONTEXT('2D SPACE',''
  ) );
#127 = PCURVE('',#96,#128);
#128 = DEFINITIONAL_REPRESENTATION('',(#129),#133);
#129 = CIRCLE('',#130,37.);
#130 = AXIS2_PLACEMENT_2D('',#131,#132);
#131 = CARTESIAN_POINT('',(2.365301850879E-15,-3.22020598281E-15));
#132 = DIRECTION('',(0.992546151641,-0.121869343405));
#133 = ( GEOMETRIC_REPRESENTATION_CONTEXT(2) 
PARAMETRIC_REPRESENTATION_CONTEXT() REPRESENTATION_CONTEXT('2D SPACE',''
  ) );
#134 = ORIENTED_EDGE('',*,*,#135,.F.);
#135 = EDGE_CURVE('',#136,#113,#138,.T.);
#136 = VERTEX_POINT('',#137);
#137 = CARTESIAN_POINT('',(-3.867553140903,-36.79731012862,95.6));
#138 = SURFACE_CURVE('',#139,(#144,#151),.PCURVE_S1.);
#139 = CIRCLE('',#140,36.99999999976);
#140 = AXIS2_PLACEMENT_3D('',#141,#142,#143);
#141 = CARTESIAN_POINT('',(2.380851071848E-10,2.710809354767E-11,95.6));
#142 = DIRECTION('',(-3.819731396283E-16,4.014699473511E-17,-1.));
#143 = DIRECTION('',(-0.104528463274,-0.994521895368,0.));
#144 = PCURVE('',#32,#145);
#145 = DEFINITIONAL_REPRESENTATION('',(#146),#150);
#146 = LINE('',#147,#148);
#147 = CARTESIAN_POINT('',(-4.485496177619,-3.));
#148 = VECTOR('',#149,1.);
#149 = DIRECTION('',(1.,-0.));
#150 = ( GEOMETRIC_REPRESENTATION_CONTEXT(2) 
PARAMETRIC_REPRESENTATION_CONTEXT() REPRESENTATION_CONTEXT('2D SPACE',''
  ) );
#151 = PCURVE('',#96,#152);
#152 = DEFINITIONAL_REPRESENTATION('',(#153),#161);
#153 = ( BOUNDED_CURVE() B_SPLINE_CURVE(2,(#154,#155,#156,#157,#158,#159
,#160),.UNSPECIFIED.,.T.,.F.) B_SPLINE_CURVE_WITH_KNOTS((1,2,2,2,2,1),(
    -2.094395102393,0.,2.094395102393,4.188790204786,6.28318530718,
8.377580409573),.UNSPECIFIED.) CURVE() GEOMETRIC_REPRESENTATION_ITEM() 
RATIONAL_B_SPLINE_CURVE((1.,0.5,1.,0.5,1.,0.5,1.)) REPRESENTATION_ITEM(
  '') );
#154 = CARTESIAN_POINT('',(-8.323189010657,-36.05169239677));
#155 = CARTESIAN_POINT('',(-70.7665519407,-21.63550614889));
#156 = CARTESIAN_POINT('',(-27.06008695933,25.233939322318));
#157 = CARTESIAN_POINT('',(16.646378022034,72.103384793533));
#158 = CARTESIAN_POINT('',(35.383275970711,10.817753074445));
#159 = CARTESIAN_POINT('',(54.120173919389,-50.46787864464));
#160 = CARTESIAN_POINT('',(-8.323189010657,-36.05169239677));
#161 = ( GEOMETRIC_REPRESENTATION_CONTEXT(2) 
PARAMETRIC_REPRESENTATION_CONTEXT() REPRESENTATION_CONTEXT('2D SPACE',''
  ) );
#162 = ORIENTED_EDGE('',*,*,#163,.T.);
#163 = EDGE_CURVE('',#136,#164,#166,.T.);
#164 = VERTEX_POINT('',#165);
#165 = CARTESIAN_POINT('',(3.867553140903,-36.79731012862,95.6));
#166 = SURFACE_CURVE('',#167,(#172,#178),.PCURVE_S1.);
#167 = CIRCLE('',#168,37.);
#168 = AXIS2_PLACEMENT_3D('',#169,#170,#171);
#169 = CARTESIAN_POINT('',(0.,0.,95.6));
#170 = DIRECTION('',(0.,0.,1.));
#171 = DIRECTION('',(1.,0.,0.));
#172 = PCURVE('',#32,#173);
#173 = DEFINITIONAL_REPRESENTATION('',(#174),#177);
#174 = B_SPLINE_CURVE_WITH_KNOTS('',1,(#175,#176),.UNSPECIFIED.,.F.,.F.,
  (2,2),(4.607669225265,4.817108735504),.PIECEWISE_BEZIER_KNOTS.);
#175 = CARTESIAN_POINT('',(-4.485496177619,-3.));
#176 = CARTESIAN_POINT('',(-4.694935687858,-3.));
#177 = ( GEOMETRIC_REPRESENTATION_CONTEXT(2) 
PARAMETRIC_REPRESENTATION_CONTEXT() REPRESENTATION_CONTEXT('2D SPACE',''
  ) );
#178 = PCURVE('',#96,#179);
#179 = DEFINITIONAL_REPRESENTATION('',(#180),#184);
#180 = CIRCLE('',#181,37.);
#181 = AXIS2_PLACEMENT_2D('',#182,#183);
#182 = CARTESIAN_POINT('',(2.365301850879E-15,-3.22020598281E-15));
#183 = DIRECTION('',(0.992546151641,-0.121869343405));
#184 = ( GEOMETRIC_REPRESENTATION_CONTEXT(2) 
PARAMETRIC_REPRESENTATION_CONTEXT() REPRESENTATION_CONTEXT('2D SPACE',''
  ) );
#185 = ORIENTED_EDGE('',*,*,#186,.F.);
#186 = EDGE_CURVE('',#24,#164,#187,.T.);
#187 = SURFACE_CURVE('',#188,(#193,#200),.PCURVE_S1.);
#188 = CIRCLE('',#189,36.99999999976);
#189 = AXIS2_PLACEMENT_3D('',#190,#191,#192);
#190 = CARTESIAN_POINT('',(2.380851071848E-10,2.710809354767E-11,95.6));
#191 = DIRECTION('',(-3.816227821133E-16,-4.348042382187E-17,-1.));
#192 = DIRECTION('',(0.992546151641,0.121869343405,-3.840771544674E-16)
  );
#193 = PCURVE('',#32,#194);
#194 = DEFINITIONAL_REPRESENTATION('',(#195),#199);
#195 = LINE('',#196,#197);
#196 = CARTESIAN_POINT('',(-6.28318530718,-3.));
#197 = VECTOR('',#198,1.);
#198 = DIRECTION('',(1.,-0.));
#199 = ( GEOMETRIC_REPRESENTATION_CONTEXT(2) 
PARAMETRIC_REPRESENTATION_CONTEXT() REPRESENTATION_CONTEXT('2D SPACE',''
  ) );
#200 = PCURVE('',#96,#201);
#201 = DEFINITIONAL_REPRESENTATION('',(#202),#210);
#202 = ( BOUNDED_CURVE() B_SPLINE_CURVE(2,(#203,#204,#205,#206,#207,#208
,#209),.UNSPECIFIED.,.T.,.F.) B_SPLINE_CURVE_WITH_KNOTS((1,2,2,2,2,1),(
    -2.094395102393,0.,2.094395102393,4.188790204786,6.28318530718,
8.377580409573),.UNSPECIFIED.) CURVE() GEOMETRIC_REPRESENTATION_ITEM() 
RATIONAL_B_SPLINE_CURVE((1.,0.5,1.,0.5,1.,0.5,1.)) REPRESENTATION_ITEM(
  '') );
#203 = CARTESIAN_POINT('',(37.,-2.580250298299E-15));
#204 = CARTESIAN_POINT('',(37.000000000004,-64.08587987963));
#205 = CARTESIAN_POINT('',(-18.49999999963,-32.04293993982));
#206 = CARTESIAN_POINT('',(-73.99999999928,-6.341287777927E-12));
#207 = CARTESIAN_POINT('',(-18.49999999964,32.042939939814));
#208 = CARTESIAN_POINT('',(36.999999999996,64.085879879633));
#209 = CARTESIAN_POINT('',(37.,-2.580250298299E-15));
#210 = ( GEOMETRIC_REPRESENTATION_CONTEXT(2) 
PARAMETRIC_REPRESENTATION_CONTEXT() REPRESENTATION_CONTEXT('2D SPACE',''
  ) );
#211 = FACE_BOUND('',#212,.F.);
#212 = EDGE_LOOP('',(#213));
#213 = ORIENTED_EDGE('',*,*,#214,.T.);
#214 = EDGE_CURVE('',#215,#215,#217,.T.);
#215 = VERTEX_POINT('',#216);
#216 = CARTESIAN_POINT('',(-2.,36.945906403822,91.6));
#217 = SURFACE_CURVE('',#218,(#270,#325),.PCURVE_S1.);
#218 = B_SPLINE_CURVE_WITH_KNOTS('',8,(#219,#220,#221,#222,#223,#224,
    #225,#226,#227,#228,#229,#230,#231,#232,#233,#234,#235,#236,#237,
    #238,#239,#240,#241,#242,#243,#244,#245,#246,#247,#248,#249,#250,
    #251,#252,#253,#254,#255,#256,#257,#258,#259,#260,#261,#262,#263,
    #264,#265,#266,#267,#268,#269),.UNSPECIFIED.,.T.,.F.,(9,7,7,7,7,7,7,
    9),(0.,0.153622367803,0.28570407931,0.4216761822,0.589529239907,
    0.714916859109,0.837271964345,1.),.UNSPECIFIED.);
#219 = CARTESIAN_POINT('',(-2.,36.945906403822,91.6));
#220 = CARTESIAN_POINT('',(-2.,36.945906403822,91.808664920475));
#221 = CARTESIAN_POINT('',(-1.975119131105,36.947253190751,
    92.01723060774));
#222 = CARTESIAN_POINT('',(-1.925400650079,36.949944974849,
    92.223955227837));
#223 = CARTESIAN_POINT('',(-1.850309835188,36.953915233982,
    92.426957810588));
#224 = CARTESIAN_POINT('',(-1.748916072708,36.959028548703,
    92.623867546019));
#225 = CARTESIAN_POINT('',(-1.620010629217,36.965043587671,
    92.811587801683));
#226 = CARTESIAN_POINT('',(-1.462304156939,36.971568104932,
    92.985949248855));
#227 = CARTESIAN_POINT('',(-1.113676575208,36.983587327114,
    93.274359066813));
#228 = CARTESIAN_POINT('',(-0.925091108525,36.989285227735,
    93.397922612766));
#229 = CARTESIAN_POINT('',(-0.711843107738,36.994551232191,
    93.501346353875));
#230 = CARTESIAN_POINT('',(-0.479059132593,36.998695692852,
    93.576837988989));
#231 = CARTESIAN_POINT('',(-0.233753368075,37.001081664069,
    93.619208183086));
#232 = CARTESIAN_POINT('',(1.608935470028E-02,37.001419593973,
    93.625984665654));
#233 = CARTESIAN_POINT('',(0.262287730728,36.999817342852,
    93.597527699724));
#234 = CARTESIAN_POINT('',(0.739396319819,36.993403137272,
    93.475027034889));
#235 = CARTESIAN_POINT('',(0.961840147285,36.988602887739,
    93.381080972474));
#236 = CARTESIAN_POINT('',(1.16210381436,36.982803118459,93.261689617851
    ));
#237 = CARTESIAN_POINT('',(1.338878071603,36.976583042698,
    93.122274479845));
#238 = CARTESIAN_POINT('',(1.491685098608,36.970441553417,
    92.967579077783));
#239 = CARTESIAN_POINT('',(1.620631533859,36.964759407828,
    92.801811107332));
#240 = CARTESIAN_POINT('',(1.726294534853,36.959800765958,
    92.628706686816));
#241 = CARTESIAN_POINT('',(1.912558733378,36.950679748091,
    92.232875116164));
#242 = CARTESIAN_POINT('',(1.982565236292,36.946923423436,
    92.005710888364));
#243 = CARTESIAN_POINT('',(2.021308189973,36.944736727386,
    91.773779711324));
#244 = CARTESIAN_POINT('',(2.02962730684,36.944253075035,91.539751260271
    ));
#245 = CARTESIAN_POINT('',(2.007655677162,36.945508173497,
    91.306062154948));
#246 = CARTESIAN_POINT('',(1.954905558447,36.948445229505,
    91.075323154152));
#247 = CARTESIAN_POINT('',(1.87036434624,36.952883969818,90.850680900469
    ));
#248 = CARTESIAN_POINT('',(1.66465240177,36.962639068531,90.476492262593
    ));
#249 = CARTESIAN_POINT('',(1.557321247579,36.967489011307,
    90.320799716068));
#250 = CARTESIAN_POINT('',(1.429911305869,36.972866787182,
    90.172341592781));
#251 = CARTESIAN_POINT('',(1.282103620241,36.978534629649,
    90.034334305074));
#252 = CARTESIAN_POINT('',(1.114001530292,36.98416767356,89.910295912719
    ));
#253 = CARTESIAN_POINT('',(0.926199375762,36.989361407915,
    89.804083192342));
#254 = CARTESIAN_POINT('',(0.719935745704,36.993664763506,
    89.719976338931));
#255 = CARTESIAN_POINT('',(0.280206344673,36.999576446594,
    89.607073018376));
#256 = CARTESIAN_POINT('',(5.273106576672E-02,37.001176955619,
    89.578327197807));
#257 = CARTESIAN_POINT('',(-0.178867027811,37.001136549044,
    89.579689345896));
#258 = CARTESIAN_POINT('',(-0.40779460415,36.999330522745,89.61183552826
    ));
#259 = CARTESIAN_POINT('',(-0.627283231686,36.995955304326,
    89.673114411592));
#260 = CARTESIAN_POINT('',(-0.831272181858,36.991466976423,
    89.759633204198));
#261 = CARTESIAN_POINT('',(-1.015025062113,36.986423522796,
    89.865322919616));
#262 = CARTESIAN_POINT('',(-1.389090360879,36.974532651102,
    90.137097267421));
#263 = CARTESIAN_POINT('',(-1.568753720827,36.967410898691,
    90.316829850119));
#264 = CARTESIAN_POINT('',(-1.715379659866,36.960711932321,
    90.513327327641));
#265 = CARTESIAN_POINT('',(-1.830475821896,36.954962099315,
    90.721170884921));
#266 = CARTESIAN_POINT('',(-1.91555499493,36.9504781949,90.936403221907)
  );
#267 = CARTESIAN_POINT('',(-1.971824333399,36.947431463443,
    91.156075654405));
#268 = CARTESIAN_POINT('',(-2.,36.945906403822,91.377949146038));
#269 = CARTESIAN_POINT('',(-2.,36.945906403822,91.6));
#270 = PCURVE('',#32,#271);
#271 = DEFINITIONAL_REPRESENTATION('',(#272),#324);
#272 = B_SPLINE_CURVE_WITH_KNOTS('',8,(#273,#274,#275,#276,#277,#278,
    #279,#280,#281,#282,#283,#284,#285,#286,#287,#288,#289,#290,#291,
    #292,#293,#294,#295,#296,#297,#298,#299,#300,#301,#302,#303,#304,
    #305,#306,#307,#308,#309,#310,#311,#312,#313,#314,#315,#316,#317,
    #318,#319,#320,#321,#322,#323),.UNSPECIFIED.,.F.,.F.,(9,7,7,7,7,7,7,
    9),(0.,0.153622367803,0.28570407931,0.4216761822,0.589529239907,
    0.714916859109,0.837271964345,1.),.UNSPECIFIED.);
#273 = CARTESIAN_POINT('',(-1.502703690769,1.));
#274 = CARTESIAN_POINT('',(-1.502703690769,0.791335079525));
#275 = CARTESIAN_POINT('',(-1.502030250423,0.58276939226));
#276 = CARTESIAN_POINT('',(-1.500684539703,0.376044772163));
#277 = CARTESIAN_POINT('',(-1.49865222541,0.173042189412));
#278 = CARTESIAN_POINT('',(-1.495908388633,-2.386754601872E-02));
#279 = CARTESIAN_POINT('',(-1.49242072622,-0.211587801683));
#280 = CARTESIAN_POINT('',(-1.488154844184,-0.385949248855));
#281 = CARTESIAN_POINT('',(-1.478726879144,-0.674359066813));
#282 = CARTESIAN_POINT('',(-1.47362769519,-0.797922612766));
#283 = CARTESIAN_POINT('',(-1.467862626543,-0.901346353874));
#284 = CARTESIAN_POINT('',(-1.461570488581,-0.976837988992));
#285 = CARTESIAN_POINT('',(-1.454940747568,-1.019208183084));
#286 = CARTESIAN_POINT('',(-1.448188581591,-1.025984665654));
#287 = CARTESIAN_POINT('',(-1.441534590839,-0.997527699724));
#288 = CARTESIAN_POINT('',(-1.428638598862,-0.875027034889));
#289 = CARTESIAN_POINT('',(-1.422625403303,-0.781080972474));
#290 = CARTESIAN_POINT('',(-1.417210824671,-0.661689617851));
#291 = CARTESIAN_POINT('',(-1.412430328406,-0.522274479845));
#292 = CARTESIAN_POINT('',(-1.408297137369,-0.367579077783));
#293 = CARTESIAN_POINT('',(-1.404808743188,-0.201811107332));
#294 = CARTESIAN_POINT('',(-1.401949848829,-2.870668681619E-02));
#295 = CARTESIAN_POINT('',(-1.396909649245,0.367124883836));
#296 = CARTESIAN_POINT('',(-1.39501488014,0.594289111636));
#297 = CARTESIAN_POINT('',(-1.393966104951,0.826220288676));
#298 = CARTESIAN_POINT('',(-1.393740879543,1.060248739729));
#299 = CARTESIAN_POINT('',(-1.394335681815,1.293937845052));
#300 = CARTESIAN_POINT('',(-1.395763568012,1.524676845848));
#301 = CARTESIAN_POINT('',(-1.398051583816,1.749319099531));
#302 = CARTESIAN_POINT('',(-1.403617613914,2.123507737407));
#303 = CARTESIAN_POINT('',(-1.406521409021,2.279200283932));
#304 = CARTESIAN_POINT('',(-1.409967959665,2.427658407219));
#305 = CARTESIAN_POINT('',(-1.413965635632,2.565665694926));
#306 = CARTESIAN_POINT('',(-1.418511360483,2.689704087281));
#307 = CARTESIAN_POINT('',(-1.423588855668,2.795916807658));
#308 = CARTESIAN_POINT('',(-1.429164607853,2.880023661069));
#309 = CARTESIAN_POINT('',(-1.441050260213,2.992926981624));
#310 = CARTESIAN_POINT('',(-1.44719826817,3.021672802193));
#311 = CARTESIAN_POINT('',(-1.453457398302,3.020310654103));
#312 = CARTESIAN_POINT('',(-1.459644470759,2.98816447174));
#313 = CARTESIAN_POINT('',(-1.465577012581,2.926885588408));
#314 = CARTESIAN_POINT('',(-1.471091428921,2.840366795802));
#315 = CARTESIAN_POINT('',(-1.476059545147,2.734677080384));
#316 = CARTESIAN_POINT('',(-1.486174524766,2.462902732579));
#317 = CARTESIAN_POINT('',(-1.491033955063,2.283170149881));
#318 = CARTESIAN_POINT('',(-1.495000864358,2.086672672359));
#319 = CARTESIAN_POINT('',(-1.498115425174,1.878829115079));
#320 = CARTESIAN_POINT('',(-1.500418051253,1.663596778093));
#321 = CARTESIAN_POINT('',(-1.501941071463,1.443924345595));
#322 = CARTESIAN_POINT('',(-1.502703690769,1.222050853962));
#323 = CARTESIAN_POINT('',(-1.502703690769,1.));
#324 = ( GEOMETRIC_REPRESENTATION_CONTEXT(2) 
PARAMETRIC_REPRESENTATION_CONTEXT() REPRESENTATION_CONTEXT('2D SPACE',''
  ) );
#325 = PCURVE('',#326,#331);
#326 = CYLINDRICAL_SURFACE('',#327,2.);
#327 = AXIS2_PLACEMENT_3D('',#328,#329,#330);
#328 = CARTESIAN_POINT('',(3.441691376338E-15,31.,91.6));
#329 = DIRECTION('',(-1.110223024625E-16,-1.,-0.));
#330 = DIRECTION('',(-1.,1.110223024625E-16,0.));
#331 = DEFINITIONAL_REPRESENTATION('',(#332),#384);
#332 = B_SPLINE_CURVE_WITH_KNOTS('',8,(#333,#334,#335,#336,#337,#338,
    #339,#340,#341,#342,#343,#344,#345,#346,#347,#348,#349,#350,#351,
    #352,#353,#354,#355,#356,#357,#358,#359,#360,#361,#362,#363,#364,
    #365,#366,#367,#368,#369,#370,#371,#372,#373,#374,#375,#376,#377,
    #378,#379,#380,#381,#382,#383),.UNSPECIFIED.,.F.,.F.,(9,7,7,7,7,7,7,
    9),(0.,0.153622367803,0.28570407931,0.4216761822,0.589529239907,
    0.714916859109,0.837271964345,1.),.UNSPECIFIED.);
#333 = CARTESIAN_POINT('',(0.,-5.945906403822));
#334 = CARTESIAN_POINT('',(-0.104332460238,-5.945906403822));
#335 = CARTESIAN_POINT('',(-0.2086148419,-5.947253190751));
#336 = CARTESIAN_POINT('',(-0.31370943671,-5.949944974849));
#337 = CARTESIAN_POINT('',(-0.420393206272,-5.953915233982));
#338 = CARTESIAN_POINT('',(-0.529443249125,-5.959028548703));
#339 = CARTESIAN_POINT('',(-0.641672928752,-5.965043587671));
#340 = CARTESIAN_POINT('',(-0.758002233958,-5.971568104932));
#341 = CARTESIAN_POINT('',(-0.984232986642,-5.983587327114));
#342 = CARTESIAN_POINT('',(-1.096268156671,-5.989285227735));
#343 = CARTESIAN_POINT('',(-1.213127758999,-5.994551232191));
#344 = CARTESIAN_POINT('',(-1.333146800229,-5.998695692852));
#345 = CARTESIAN_POINT('',(-1.4551180573,-6.001081664069));
#346 = CARTESIAN_POINT('',(-1.577994497816,-6.001419593973));
#347 = CARTESIAN_POINT('',(-1.700765009632,-5.999817342852));
#348 = CARTESIAN_POINT('',(-1.947057020602,-5.993403137272));
#349 = CARTESIAN_POINT('',(-2.066467095213,-5.988602887739));
#350 = CARTESIAN_POINT('',(-2.181266943979,-5.982803118459));
#351 = CARTESIAN_POINT('',(-2.292031583034,-5.976583042698));
#352 = CARTESIAN_POINT('',(-2.399191391034,-5.970441553417));
#353 = CARTESIAN_POINT('',(-2.503070456498,-5.964759407828));
#354 = CARTESIAN_POINT('',(-2.603879094486,-5.959800765958));
#355 = CARTESIAN_POINT('',(-2.822612370405,-5.950679748091));
#356 = CARTESIAN_POINT('',(-2.940288508376,-5.946923423436));
#357 = CARTESIAN_POINT('',(-3.056152607544,-5.944736727386));
#358 = CARTESIAN_POINT('',(-3.171281217461,-5.944253075035));
#359 = CARTESIAN_POINT('',(-3.286658879267,-5.945508173497));
#360 = CARTESIAN_POINT('',(-3.403244827848,-5.948445229505));
#361 = CARTESIAN_POINT('',(-3.522036696511,-5.952883969818));
#362 = CARTESIAN_POINT('',(-3.735539940522,-5.962639068531));
#363 = CARTESIAN_POINT('',(-3.829610363924,-5.967489011307));
#364 = CARTESIAN_POINT('',(-3.926508711868,-5.972866787182));
#365 = CARTESIAN_POINT('',(-4.026353089711,-5.978534629649));
#366 = CARTESIAN_POINT('',(-4.129356814196,-5.98416767356));
#367 = CARTESIAN_POINT('',(-4.235823819273,-5.989361407915));
#368 = CARTESIAN_POINT('',(-4.346174183975,-5.993664763506));
#369 = CARTESIAN_POINT('',(-4.573170387645,-5.999576446594));
#370 = CARTESIAN_POINT('',(-4.686908678134,-6.001176955619));
#371 = CARTESIAN_POINT('',(-4.801049167237,-6.001136549044));
#372 = CARTESIAN_POINT('',(-4.914620586655,-5.999330522745));
#373 = CARTESIAN_POINT('',(-5.026665481174,-5.995955304326));
#374 = CARTESIAN_POINT('',(-5.136093215954,-5.991466976423));
#375 = CARTESIAN_POINT('',(-5.241484970916,-5.986423522796));
#376 = CARTESIAN_POINT('',(-5.472670039565,-5.974532651102));
#377 = CARTESIAN_POINT('',(-5.598168781507,-5.967410898691));
#378 = CARTESIAN_POINT('',(-5.718724980197,-5.960711932321));
#379 = CARTESIAN_POINT('',(-5.835444566372,-5.954962099315));
#380 = CARTESIAN_POINT('',(-5.949299449457,-5.9504781949));
#381 = CARTESIAN_POINT('',(-6.061223895437,-5.947431463443));
#382 = CARTESIAN_POINT('',(-6.172159880199,-5.945906403822));
#383 = CARTESIAN_POINT('',(-6.28318530718,-5.945906403822));
#384 = ( GEOMETRIC_REPRESENTATION_CONTEXT(2) 
PARAMETRIC_REPRESENTATION_CONTEXT() REPRESENTATION_CONTEXT('2D SPACE',''
  ) );
#385 = FACE_BOUND('',#386,.F.);
#386 = EDGE_LOOP('',(#387));
#387 = ORIENTED_EDGE('',*,*,#388,.T.);
#388 = EDGE_CURVE('',#389,#389,#391,.T.);
#389 = VERTEX_POINT('',#390);
#390 = CARTESIAN_POINT('',(-36.94590640382,-2.,91.6));
#391 = SURFACE_CURVE('',#392,(#444,#499),.PCURVE_S1.);
#392 = B_SPLINE_CURVE_WITH_KNOTS('',8,(#393,#394,#395,#396,#397,#398,
    #399,#400,#401,#402,#403,#404,#405,#406,#407,#408,#409,#410,#411,
    #412,#413,#414,#415,#416,#417,#418,#419,#420,#421,#422,#423,#424,
    #425,#426,#427,#428,#429,#430,#431,#432,#433,#434,#435,#436,#437,
    #438,#439,#440,#441,#442,#443),.UNSPECIFIED.,.T.,.F.,(9,7,7,7,7,7,7,
    9),(0.,0.153622367249,0.28570407828,0.42167618068,0.58952924149,
    0.71491686022,0.837271964979,1.),.UNSPECIFIED.);
#393 = CARTESIAN_POINT('',(-36.94590640382,-2.,91.6));
#394 = CARTESIAN_POINT('',(-36.94590640382,-2.,91.808664920475));
#395 = CARTESIAN_POINT('',(-36.94725319075,-1.975119131105,
    92.01723060774));
#396 = CARTESIAN_POINT('',(-36.94994497484,-1.925400650079,
    92.223955227837));
#397 = CARTESIAN_POINT('',(-36.95391523398,-1.850309835188,
    92.426957810588));
#398 = CARTESIAN_POINT('',(-36.9590285487,-1.748916072708,
    92.623867546019));
#399 = CARTESIAN_POINT('',(-36.96504358767,-1.620010629216,
    92.811587801684));
#400 = CARTESIAN_POINT('',(-36.97156810493,-1.462304156939,
    92.985949248855));
#401 = CARTESIAN_POINT('',(-36.98358732711,-1.113676575208,
    93.274359066813));
#402 = CARTESIAN_POINT('',(-36.98928522773,-0.925091108523,
    93.397922612767));
#403 = CARTESIAN_POINT('',(-36.99455123219,-0.71184310774,
    93.501346353872));
#404 = CARTESIAN_POINT('',(-36.99869569285,-0.47905913259,
    93.576837988993));
#405 = CARTESIAN_POINT('',(-37.00108166406,-0.233753368077,
    93.619208183084));
#406 = CARTESIAN_POINT('',(-37.00141959397,1.608935470128E-02,
    93.625984665654));
#407 = CARTESIAN_POINT('',(-36.99981734285,0.262287730728,
    93.597527699724));
#408 = CARTESIAN_POINT('',(-36.99340313727,0.739396319819,
    93.475027034889));
#409 = CARTESIAN_POINT('',(-36.98860288773,0.961840147286,
    93.381080972474));
#410 = CARTESIAN_POINT('',(-36.98280311845,1.162103814359,
    93.261689617851));
#411 = CARTESIAN_POINT('',(-36.97658304269,1.338878071603,
    93.122274479845));
#412 = CARTESIAN_POINT('',(-36.97044155341,1.491685098608,
    92.967579077783));
#413 = CARTESIAN_POINT('',(-36.96475940782,1.620631533859,
    92.801811107333));
#414 = CARTESIAN_POINT('',(-36.95980076595,1.726294534853,
    92.628706686816));
#415 = CARTESIAN_POINT('',(-36.95067974798,1.912558735652,
    92.232875111332));
#416 = CARTESIAN_POINT('',(-36.94692342359,1.982565233064,
    92.005710903277));
#417 = CARTESIAN_POINT('',(-36.94473672741,2.02130818933,91.773779694955
    ));
#418 = CARTESIAN_POINT('',(-36.94425307487,2.029627310239,
    91.539751260199));
#419 = CARTESIAN_POINT('',(-36.94550817347,2.007655677627,
    91.306062171322));
#420 = CARTESIAN_POINT('',(-36.9484452297,1.954905554213,91.075323139398
    ));
#421 = CARTESIAN_POINT('',(-36.95288396969,1.870364348839,
    90.850680905196));
#422 = CARTESIAN_POINT('',(-36.96263906853,1.664652401786,
    90.476492262622));
#423 = CARTESIAN_POINT('',(-36.9674890113,1.557321247589,90.320799716072
    ));
#424 = CARTESIAN_POINT('',(-36.97286678718,1.429911305859,
    90.172341592763));
#425 = CARTESIAN_POINT('',(-36.97853462964,1.282103620217,
    90.034334305056));
#426 = CARTESIAN_POINT('',(-36.98416767356,1.114001530276,
    89.910295912716));
#427 = CARTESIAN_POINT('',(-36.98936140791,0.926199375773,
    89.804083192353));
#428 = CARTESIAN_POINT('',(-36.9936647635,0.719935745735,89.719976338939
    ));
#429 = CARTESIAN_POINT('',(-36.99957644659,0.280206344674,
    89.607073018376));
#430 = CARTESIAN_POINT('',(-37.00117695561,5.273106576613E-02,
    89.578327197807));
#431 = CARTESIAN_POINT('',(-37.00113654904,-0.178867027812,
    89.579689345897));
#432 = CARTESIAN_POINT('',(-36.99933052274,-0.40779460415,89.61183552826
    ));
#433 = CARTESIAN_POINT('',(-36.99595530432,-0.627283231685,
    89.673114411592));
#434 = CARTESIAN_POINT('',(-36.99146697642,-0.831272181858,
    89.759633204197));
#435 = CARTESIAN_POINT('',(-36.98642352279,-1.015025062113,
    89.865322919617));
#436 = CARTESIAN_POINT('',(-36.9745326511,-1.389090360879,
    90.137097267421));
#437 = CARTESIAN_POINT('',(-36.96741089869,-1.568753720826,
    90.316829850119));
#438 = CARTESIAN_POINT('',(-36.96071193232,-1.715379659866,
    90.513327327641));
#439 = CARTESIAN_POINT('',(-36.95496209931,-1.830475821896,
    90.721170884921));
#440 = CARTESIAN_POINT('',(-36.9504781949,-1.91555499493,90.936403221907
    ));
#441 = CARTESIAN_POINT('',(-36.94743146344,-1.971824333399,
    91.156075654405));
#442 = CARTESIAN_POINT('',(-36.94590640382,-2.,91.377949146038));
#443 = CARTESIAN_POINT('',(-36.94590640382,-2.,91.6));
#444 = PCURVE('',#32,#445);
#445 = DEFINITIONAL_REPRESENTATION('',(#446),#498);
#446 = B_SPLINE_CURVE_WITH_KNOTS('',8,(#447,#448,#449,#450,#451,#452,
    #453,#454,#455,#456,#457,#458,#459,#460,#461,#462,#463,#464,#465,
    #466,#467,#468,#469,#470,#471,#472,#473,#474,#475,#476,#477,#478,
    #479,#480,#481,#482,#483,#484,#485,#486,#487,#488,#489,#490,#491,
    #492,#493,#494,#495,#496,#497),.UNSPECIFIED.,.F.,.F.,(9,7,7,7,7,7,7,
    9),(0.,0.153622367249,0.28570407828,0.42167618068,0.58952924149,
    0.71491686022,0.837271964979,1.),.UNSPECIFIED.);
#447 = CARTESIAN_POINT('',(-3.073500017564,1.));
#448 = CARTESIAN_POINT('',(-3.073500017564,0.791335079525));
#449 = CARTESIAN_POINT('',(-3.072826577218,0.58276939226));
#450 = CARTESIAN_POINT('',(-3.071480866498,0.376044772163));
#451 = CARTESIAN_POINT('',(-3.069448552204,0.173042189412));
#452 = CARTESIAN_POINT('',(-3.066704715428,-2.386754601867E-02));
#453 = CARTESIAN_POINT('',(-3.063217053015,-0.211587801684));
#454 = CARTESIAN_POINT('',(-3.058951170979,-0.385949248855));
#455 = CARTESIAN_POINT('',(-3.049523205939,-0.674359066813));
#456 = CARTESIAN_POINT('',(-3.044424021985,-0.797922612767));
#457 = CARTESIAN_POINT('',(-3.038658953338,-0.901346353872));
#458 = CARTESIAN_POINT('',(-3.032366815376,-0.976837988993));
#459 = CARTESIAN_POINT('',(-3.025737074363,-1.019208183084));
#460 = CARTESIAN_POINT('',(-3.018984908386,-1.025984665654));
#461 = CARTESIAN_POINT('',(-3.012330917634,-0.997527699724));
#462 = CARTESIAN_POINT('',(-2.999434925657,-0.875027034889));
#463 = CARTESIAN_POINT('',(-2.993421730098,-0.781080972474));
#464 = CARTESIAN_POINT('',(-2.988007151466,-0.661689617851));
#465 = CARTESIAN_POINT('',(-2.983226655201,-0.522274479845));
#466 = CARTESIAN_POINT('',(-2.979093464164,-0.367579077783));
#467 = CARTESIAN_POINT('',(-2.975605069983,-0.201811107333));
#468 = CARTESIAN_POINT('',(-2.972746175624,-2.870668681606E-02));
#469 = CARTESIAN_POINT('',(-2.967705975978,0.367124888668));
#470 = CARTESIAN_POINT('',(-2.965811207022,0.594289096723));
#471 = CARTESIAN_POINT('',(-2.964762431763,0.826220305045));
#472 = CARTESIAN_POINT('',(-2.964537206246,1.060248739801));
#473 = CARTESIAN_POINT('',(-2.965132008597,1.293937828678));
#474 = CARTESIAN_POINT('',(-2.966559894921,1.524676860602));
#475 = CARTESIAN_POINT('',(-2.968847910541,1.749319094804));
#476 = CARTESIAN_POINT('',(-2.974413940709,2.123507737378));
#477 = CARTESIAN_POINT('',(-2.977317735815,2.279200283928));
#478 = CARTESIAN_POINT('',(-2.98076428646,2.427658407237));
#479 = CARTESIAN_POINT('',(-2.984761962428,2.565665694944));
#480 = CARTESIAN_POINT('',(-2.989307687278,2.689704087284));
#481 = CARTESIAN_POINT('',(-2.994385182463,2.795916807647));
#482 = CARTESIAN_POINT('',(-2.999960934647,2.880023661061));
#483 = CARTESIAN_POINT('',(-3.011846587008,2.992926981624));
#484 = CARTESIAN_POINT('',(-3.017994594965,3.021672802193));
#485 = CARTESIAN_POINT('',(-3.024253725097,3.020310654103));
#486 = CARTESIAN_POINT('',(-3.030440797554,2.98816447174));
#487 = CARTESIAN_POINT('',(-3.036373339375,2.926885588408));
#488 = CARTESIAN_POINT('',(-3.041887755716,2.840366795803));
#489 = CARTESIAN_POINT('',(-3.046855871942,2.734677080383));
#490 = CARTESIAN_POINT('',(-3.056970851561,2.462902732579));
#491 = CARTESIAN_POINT('',(-3.061830281858,2.283170149881));
#492 = CARTESIAN_POINT('',(-3.065797191153,2.086672672359));
#493 = CARTESIAN_POINT('',(-3.068911751969,1.878829115079));
#494 = CARTESIAN_POINT('',(-3.071214378048,1.663596778093));
#495 = CARTESIAN_POINT('',(-3.072737398257,1.443924345595));
#496 = CARTESIAN_POINT('',(-3.073500017564,1.222050853962));
#497 = CARTESIAN_POINT('',(-3.073500017564,1.));
#498 = ( GEOMETRIC_REPRESENTATION_CONTEXT(2) 
PARAMETRIC_REPRESENTATION_CONTEXT() REPRESENTATION_CONTEXT('2D SPACE',''
  ) );
#499 = PCURVE('',#500,#505);
#500 = CYLINDRICAL_SURFACE('',#501,2.);
#501 = AXIS2_PLACEMENT_3D('',#502,#503,#504);
#502 = CARTESIAN_POINT('',(-31.,3.796405077357E-15,91.6));
#503 = DIRECTION('',(1.,-1.224646799147E-16,-0.));
#504 = DIRECTION('',(-1.224646799147E-16,-1.,0.));
#505 = DEFINITIONAL_REPRESENTATION('',(#506),#558);
#506 = B_SPLINE_CURVE_WITH_KNOTS('',8,(#507,#508,#509,#510,#511,#512,
    #513,#514,#515,#516,#517,#518,#519,#520,#521,#522,#523,#524,#525,
    #526,#527,#528,#529,#530,#531,#532,#533,#534,#535,#536,#537,#538,
    #539,#540,#541,#542,#543,#544,#545,#546,#547,#548,#549,#550,#551,
    #552,#553,#554,#555,#556,#557),.UNSPECIFIED.,.F.,.F.,(9,7,7,7,7,7,7,
    9),(0.,0.153622367249,0.28570407828,0.42167618068,0.58952924149,
    0.71491686022,0.837271964979,1.),.UNSPECIFIED.);
#507 = CARTESIAN_POINT('',(0.,-5.945906403822));
#508 = CARTESIAN_POINT('',(-0.104332460238,-5.945906403822));
#509 = CARTESIAN_POINT('',(-0.208614841901,-5.947253190751));
#510 = CARTESIAN_POINT('',(-0.31370943671,-5.949944974849));
#511 = CARTESIAN_POINT('',(-0.420393206272,-5.953915233982));
#512 = CARTESIAN_POINT('',(-0.529443249125,-5.959028548703));
#513 = CARTESIAN_POINT('',(-0.641672928752,-5.965043587671));
#514 = CARTESIAN_POINT('',(-0.758002233958,-5.971568104932));
#515 = CARTESIAN_POINT('',(-0.984232986642,-5.983587327114));
#516 = CARTESIAN_POINT('',(-1.096268156671,-5.989285227735));
#517 = CARTESIAN_POINT('',(-1.213127758997,-5.994551232191));
#518 = CARTESIAN_POINT('',(-1.333146800231,-5.998695692851));
#519 = CARTESIAN_POINT('',(-1.455118057299,-6.001081664069));
#520 = CARTESIAN_POINT('',(-1.577994497817,-6.001419593973));
#521 = CARTESIAN_POINT('',(-1.700765009632,-5.999817342852));
#522 = CARTESIAN_POINT('',(-1.947057020602,-5.993403137272));
#523 = CARTESIAN_POINT('',(-2.066467095213,-5.988602887739));
#524 = CARTESIAN_POINT('',(-2.181266943979,-5.982803118459));
#525 = CARTESIAN_POINT('',(-2.292031583034,-5.976583042698));
#526 = CARTESIAN_POINT('',(-2.399191391034,-5.970441553417));
#527 = CARTESIAN_POINT('',(-2.503070456497,-5.964759407828));
#528 = CARTESIAN_POINT('',(-2.603879094486,-5.959800765958));
#529 = CARTESIAN_POINT('',(-2.822612373075,-5.95067974798));
#530 = CARTESIAN_POINT('',(-2.940288500223,-5.946923423597));
#531 = CARTESIAN_POINT('',(-3.056152616478,-5.944736727412));
#532 = CARTESIAN_POINT('',(-3.171281217441,-5.94425307487));
#533 = CARTESIAN_POINT('',(-3.286658870334,-5.945508173478));
#534 = CARTESIAN_POINT('',(-3.403244836043,-5.948445229706));
#535 = CARTESIAN_POINT('',(-3.522036693814,-5.952883969695));
#536 = CARTESIAN_POINT('',(-3.735539940505,-5.96263906853));
#537 = CARTESIAN_POINT('',(-3.829610363919,-5.967489011307));
#538 = CARTESIAN_POINT('',(-3.926508711878,-5.972866787183));
#539 = CARTESIAN_POINT('',(-4.026353089725,-5.978534629649));
#540 = CARTESIAN_POINT('',(-4.129356814202,-5.98416767356));
#541 = CARTESIAN_POINT('',(-4.235823819266,-5.989361407915));
#542 = CARTESIAN_POINT('',(-4.346174183959,-5.993664763505));
#543 = CARTESIAN_POINT('',(-4.573170387645,-5.999576446594));
#544 = CARTESIAN_POINT('',(-4.686908678134,-6.001176955619));
#545 = CARTESIAN_POINT('',(-4.801049167238,-6.001136549044));
#546 = CARTESIAN_POINT('',(-4.914620586655,-5.999330522745));
#547 = CARTESIAN_POINT('',(-5.026665481173,-5.995955304326));
#548 = CARTESIAN_POINT('',(-5.136093215954,-5.991466976423));
#549 = CARTESIAN_POINT('',(-5.241484970916,-5.986423522796));
#550 = CARTESIAN_POINT('',(-5.472670039565,-5.974532651102));
#551 = CARTESIAN_POINT('',(-5.598168781507,-5.967410898691));
#552 = CARTESIAN_POINT('',(-5.718724980197,-5.960711932321));
#553 = CARTESIAN_POINT('',(-5.835444566372,-5.954962099315));
#554 = CARTESIAN_POINT('',(-5.949299449457,-5.9504781949));
#555 = CARTESIAN_POINT('',(-6.061223895436,-5.947431463443));
#556 = CARTESIAN_POINT('',(-6.172159880199,-5.945906403822));
#557 = CARTESIAN_POINT('',(-6.28318530718,-5.945906403822));
#558 = ( GEOMETRIC_REPRESENTATION_CONTEXT(2) 
PARAMETRIC_REPRESENTATION_CONTEXT() REPRESENTATION_CONTEXT('2D SPACE',''
  ) );
#559 = FACE_BOUND('',#560,.F.);
#560 = EDGE_LOOP('',(#561));
#561 = ORIENTED_EDGE('',*,*,#562,.T.);
#562 = EDGE_CURVE('',#563,#563,#565,.T.);
#563 = VERTEX_POINT('',#564);
#564 = CARTESIAN_POINT('',(2.,-36.94590640382,91.6));
#565 = SURFACE_CURVE('',#566,(#618,#673),.PCURVE_S1.);
#566 = B_SPLINE_CURVE_WITH_KNOTS('',8,(#567,#568,#569,#570,#571,#572,
    #573,#574,#575,#576,#577,#578,#579,#580,#581,#582,#583,#584,#585,
    #586,#587,#588,#589,#590,#591,#592,#593,#594,#595,#596,#597,#598,
    #599,#600,#601,#602,#603,#604,#605,#606,#607,#608,#609,#610,#611,
    #612,#613,#614,#615,#616,#617),.UNSPECIFIED.,.T.,.F.,(9,7,7,7,7,7,7,
    9),(0.,0.153622367804,0.285704079311,0.421676182201,0.589529239908,
    0.71491685911,0.837271964346,1.),.UNSPECIFIED.);
#567 = CARTESIAN_POINT('',(2.,-36.94590640382,91.6));
#568 = CARTESIAN_POINT('',(2.,-36.94590640382,91.808664920475));
#569 = CARTESIAN_POINT('',(1.975119131104,-36.94725319075,92.01723060774
    ));
#570 = CARTESIAN_POINT('',(1.92540065008,-36.94994497484,92.223955227837
    ));
#571 = CARTESIAN_POINT('',(1.850309835188,-36.95391523398,
    92.426957810588));
#572 = CARTESIAN_POINT('',(1.748916072708,-36.9590285487,92.623867546019
    ));
#573 = CARTESIAN_POINT('',(1.620010629216,-36.96504358767,
    92.811587801684));
#574 = CARTESIAN_POINT('',(1.462304156939,-36.97156810493,
    92.985949248855));
#575 = CARTESIAN_POINT('',(1.113676575208,-36.98358732711,
    93.274359066813));
#576 = CARTESIAN_POINT('',(0.925091108523,-36.98928522773,
    93.397922612767));
#577 = CARTESIAN_POINT('',(0.71184310774,-36.99455123219,93.501346353873
    ));
#578 = CARTESIAN_POINT('',(0.479059132589,-36.99869569285,
    93.576837988992));
#579 = CARTESIAN_POINT('',(0.233753368079,-37.00108166406,
    93.619208183084));
#580 = CARTESIAN_POINT('',(-1.608935470145E-02,-37.00141959397,
    93.625984665654));
#581 = CARTESIAN_POINT('',(-0.262287730728,-36.99981734285,
    93.597527699724));
#582 = CARTESIAN_POINT('',(-0.739396319819,-36.99340313727,
    93.475027034889));
#583 = CARTESIAN_POINT('',(-0.961840147285,-36.98860288773,
    93.381080972474));
#584 = CARTESIAN_POINT('',(-1.16210381436,-36.98280311845,93.26168961785
    ));
#585 = CARTESIAN_POINT('',(-1.338878071603,-36.97658304269,
    93.122274479845));
#586 = CARTESIAN_POINT('',(-1.491685098607,-36.97044155341,
    92.967579077783));
#587 = CARTESIAN_POINT('',(-1.620631533859,-36.96475940782,
    92.801811107332));
#588 = CARTESIAN_POINT('',(-1.726294534853,-36.95980076595,
    92.628706686816));
#589 = CARTESIAN_POINT('',(-1.912558733378,-36.95067974809,
    92.232875116164));
#590 = CARTESIAN_POINT('',(-1.982565236292,-36.94692342343,
    92.005710888364));
#591 = CARTESIAN_POINT('',(-2.021308189973,-36.94473672738,
    91.773779711324));
#592 = CARTESIAN_POINT('',(-2.02962730684,-36.94425307503,
    91.539751260271));
#593 = CARTESIAN_POINT('',(-2.007655677163,-36.94550817349,
    91.306062154949));
#594 = CARTESIAN_POINT('',(-1.954905558447,-36.9484452295,
    91.075323154152));
#595 = CARTESIAN_POINT('',(-1.870364346241,-36.95288396981,
    90.85068090047));
#596 = CARTESIAN_POINT('',(-1.66465240177,-36.96263906853,
    90.476492262593));
#597 = CARTESIAN_POINT('',(-1.557321247579,-36.9674890113,
    90.320799716068));
#598 = CARTESIAN_POINT('',(-1.429911305869,-36.97286678718,
    90.172341592781));
#599 = CARTESIAN_POINT('',(-1.282103620241,-36.97853462964,
    90.034334305074));
#600 = CARTESIAN_POINT('',(-1.114001530292,-36.98416767356,
    89.910295912718));
#601 = CARTESIAN_POINT('',(-0.926199375762,-36.98936140791,
    89.804083192342));
#602 = CARTESIAN_POINT('',(-0.719935745704,-36.9936647635,
    89.719976338931));
#603 = CARTESIAN_POINT('',(-0.280206344675,-36.99957644659,
    89.607073018376));
#604 = CARTESIAN_POINT('',(-5.273106576593E-02,-37.00117695561,
    89.578327197807));
#605 = CARTESIAN_POINT('',(0.178867027812,-37.00113654904,
    89.579689345897));
#606 = CARTESIAN_POINT('',(0.40779460415,-36.99933052274,89.61183552826)
  );
#607 = CARTESIAN_POINT('',(0.627283231685,-36.99595530432,
    89.673114411592));
#608 = CARTESIAN_POINT('',(0.831272181858,-36.99146697642,
    89.759633204197));
#609 = CARTESIAN_POINT('',(1.015025062113,-36.98642352279,
    89.865322919617));
#610 = CARTESIAN_POINT('',(1.389090360879,-36.9745326511,90.137097267421
    ));
#611 = CARTESIAN_POINT('',(1.568753720827,-36.96741089869,90.31682985012
    ));
#612 = CARTESIAN_POINT('',(1.715379659866,-36.96071193232,
    90.513327327641));
#613 = CARTESIAN_POINT('',(1.830475821896,-36.95496209931,
    90.721170884921));
#614 = CARTESIAN_POINT('',(1.915554994931,-36.9504781949,90.936403221908
    ));
#615 = CARTESIAN_POINT('',(1.971824333399,-36.94743146344,
    91.156075654404));
#616 = CARTESIAN_POINT('',(2.,-36.94590640382,91.377949146038));
#617 = CARTESIAN_POINT('',(2.,-36.94590640382,91.6));
#618 = PCURVE('',#32,#619);
#619 = DEFINITIONAL_REPRESENTATION('',(#620),#672);
#620 = B_SPLINE_CURVE_WITH_KNOTS('',8,(#621,#622,#623,#624,#625,#626,
    #627,#628,#629,#630,#631,#632,#633,#634,#635,#636,#637,#638,#639,
    #640,#641,#642,#643,#644,#645,#646,#647,#648,#649,#650,#651,#652,
    #653,#654,#655,#656,#657,#658,#659,#660,#661,#662,#663,#664,#665,
    #666,#667,#668,#669,#670,#671),.UNSPECIFIED.,.T.,.F.,(9,7,7,7,7,7,7,
    9),(0.,0.153622367804,0.285704079311,0.421676182201,0.589529239908,
    0.71491685911,0.837271964346,1.),.UNSPECIFIED.);
#621 = CARTESIAN_POINT('',(-4.644296344359,1.));
#622 = CARTESIAN_POINT('',(-4.644296344359,0.791335079525));
#623 = CARTESIAN_POINT('',(-4.643622904012,0.58276939226));
#624 = CARTESIAN_POINT('',(-4.642277193292,0.376044772163));
#625 = CARTESIAN_POINT('',(-4.640244878999,0.173042189412));
#626 = CARTESIAN_POINT('',(-4.637501042223,-2.386754601867E-02));
#627 = CARTESIAN_POINT('',(-4.63401337981,-0.211587801684));
#628 = CARTESIAN_POINT('',(-4.629747497773,-0.385949248855));
#629 = CARTESIAN_POINT('',(-4.620319532733,-0.674359066813));
#630 = CARTESIAN_POINT('',(-4.61522034878,-0.797922612767));
#631 = CARTESIAN_POINT('',(-4.609455280133,-0.901346353873));
#632 = CARTESIAN_POINT('',(-4.603163142171,-0.976837988992));
#633 = CARTESIAN_POINT('',(-4.596533401158,-1.019208183084));
#634 = CARTESIAN_POINT('',(-4.589781235181,-1.025984665654));
#635 = CARTESIAN_POINT('',(-4.583127244429,-0.997527699724));
#636 = CARTESIAN_POINT('',(-4.570231252452,-0.875027034889));
#637 = CARTESIAN_POINT('',(-4.564218056893,-0.781080972474));
#638 = CARTESIAN_POINT('',(-4.558803478261,-0.661689617851));
#639 = CARTESIAN_POINT('',(-4.554022981996,-0.522274479845));
#640 = CARTESIAN_POINT('',(-4.549889790959,-0.367579077783));
#641 = CARTESIAN_POINT('',(-4.546401396778,-0.201811107332));
#642 = CARTESIAN_POINT('',(-4.543542502419,-2.870668681629E-02));
#643 = CARTESIAN_POINT('',(-4.538502302835,0.367124883836));
#644 = CARTESIAN_POINT('',(-4.536607533729,0.594289111636));
#645 = CARTESIAN_POINT('',(-4.535558758541,0.826220288676));
#646 = CARTESIAN_POINT('',(-4.535333533133,1.060248739729));
#647 = CARTESIAN_POINT('',(-4.535928335405,1.293937845051));
#648 = CARTESIAN_POINT('',(-4.537356221601,1.524676845848));
#649 = CARTESIAN_POINT('',(-4.539644237406,1.74931909953));
#650 = CARTESIAN_POINT('',(-4.545210267504,2.123507737407));
#651 = CARTESIAN_POINT('',(-4.548114062611,2.279200283932));
#652 = CARTESIAN_POINT('',(-4.551560613255,2.427658407219));
#653 = CARTESIAN_POINT('',(-4.555558289222,2.565665694926));
#654 = CARTESIAN_POINT('',(-4.560104014072,2.689704087281));
#655 = CARTESIAN_POINT('',(-4.565181509258,2.795916807658));
#656 = CARTESIAN_POINT('',(-4.570757261443,2.880023661069));
#657 = CARTESIAN_POINT('',(-4.582642913802,2.992926981624));
#658 = CARTESIAN_POINT('',(-4.58879092176,3.021672802194));
#659 = CARTESIAN_POINT('',(-4.595050051891,3.020310654103));
#660 = CARTESIAN_POINT('',(-4.601237124349,2.98816447174));
#661 = CARTESIAN_POINT('',(-4.60716966617,2.926885588408));
#662 = CARTESIAN_POINT('',(-4.612684082511,2.840366795803));
#663 = CARTESIAN_POINT('',(-4.617652198737,2.734677080383));
#664 = CARTESIAN_POINT('',(-4.627767178356,2.462902732579));
#665 = CARTESIAN_POINT('',(-4.632626608653,2.28317014988));
#666 = CARTESIAN_POINT('',(-4.636593517948,2.08667267236));
#667 = CARTESIAN_POINT('',(-4.639708078763,1.878829115079));
#668 = CARTESIAN_POINT('',(-4.642010704843,1.663596778092));
#669 = CARTESIAN_POINT('',(-4.643533725052,1.443924345596));
#670 = CARTESIAN_POINT('',(-4.644296344359,1.222050853962));
#671 = CARTESIAN_POINT('',(-4.644296344359,1.));
#672 = ( GEOMETRIC_REPRESENTATION_CONTEXT(2) 
PARAMETRIC_REPRESENTATION_CONTEXT() REPRESENTATION_CONTEXT('2D SPACE',''
  ) );
#673 = PCURVE('',#674,#679);
#674 = CYLINDRICAL_SURFACE('',#675,2.);
#675 = AXIS2_PLACEMENT_3D('',#676,#677,#678);
#676 = CARTESIAN_POINT('',(-6.883382752676E-15,-31.,91.6));
#677 = DIRECTION('',(2.22044604925E-16,1.,-0.));
#678 = DIRECTION('',(1.,-2.22044604925E-16,0.));
#679 = DEFINITIONAL_REPRESENTATION('',(#680),#732);
#680 = B_SPLINE_CURVE_WITH_KNOTS('',8,(#681,#682,#683,#684,#685,#686,
    #687,#688,#689,#690,#691,#692,#693,#694,#695,#696,#697,#698,#699,
    #700,#701,#702,#703,#704,#705,#706,#707,#708,#709,#710,#711,#712,
    #713,#714,#715,#716,#717,#718,#719,#720,#721,#722,#723,#724,#725,
    #726,#727,#728,#729,#730,#731),.UNSPECIFIED.,.F.,.F.,(9,7,7,7,7,7,7,
    9),(0.,0.153622367804,0.285704079311,0.421676182201,0.589529239908,
    0.71491685911,0.837271964346,1.),.UNSPECIFIED.);
#681 = CARTESIAN_POINT('',(0.,-5.945906403822));
#682 = CARTESIAN_POINT('',(-0.104332460238,-5.945906403822));
#683 = CARTESIAN_POINT('',(-0.208614841901,-5.947253190751));
#684 = CARTESIAN_POINT('',(-0.31370943671,-5.949944974849));
#685 = CARTESIAN_POINT('',(-0.420393206272,-5.953915233982));
#686 = CARTESIAN_POINT('',(-0.529443249125,-5.959028548703));
#687 = CARTESIAN_POINT('',(-0.641672928752,-5.965043587671));
#688 = CARTESIAN_POINT('',(-0.758002233958,-5.971568104932));
#689 = CARTESIAN_POINT('',(-0.984232986641,-5.983587327114));
#690 = CARTESIAN_POINT('',(-1.096268156671,-5.989285227735));
#691 = CARTESIAN_POINT('',(-1.213127758998,-5.994551232191));
#692 = CARTESIAN_POINT('',(-1.333146800231,-5.998695692852));
#693 = CARTESIAN_POINT('',(-1.455118057298,-6.001081664069));
#694 = CARTESIAN_POINT('',(-1.577994497817,-6.001419593973));
#695 = CARTESIAN_POINT('',(-1.700765009633,-5.999817342852));
#696 = CARTESIAN_POINT('',(-1.947057020602,-5.993403137272));
#697 = CARTESIAN_POINT('',(-2.066467095213,-5.988602887739));
#698 = CARTESIAN_POINT('',(-2.181266943979,-5.982803118459));
#699 = CARTESIAN_POINT('',(-2.292031583034,-5.976583042698));
#700 = CARTESIAN_POINT('',(-2.399191391034,-5.970441553417));
#701 = CARTESIAN_POINT('',(-2.503070456498,-5.964759407828));
#702 = CARTESIAN_POINT('',(-2.603879094486,-5.959800765958));
#703 = CARTESIAN_POINT('',(-2.822612370405,-5.950679748091));
#704 = CARTESIAN_POINT('',(-2.940288508376,-5.946923423436));
#705 = CARTESIAN_POINT('',(-3.056152607545,-5.944736727386));
#706 = CARTESIAN_POINT('',(-3.171281217461,-5.944253075035));
#707 = CARTESIAN_POINT('',(-3.286658879267,-5.945508173497));
#708 = CARTESIAN_POINT('',(-3.403244827848,-5.948445229505));
#709 = CARTESIAN_POINT('',(-3.52203669651,-5.952883969818));
#710 = CARTESIAN_POINT('',(-3.735539940522,-5.962639068531));
#711 = CARTESIAN_POINT('',(-3.829610363924,-5.967489011307));
#712 = CARTESIAN_POINT('',(-3.926508711868,-5.972866787182));
#713 = CARTESIAN_POINT('',(-4.026353089711,-5.978534629649));
#714 = CARTESIAN_POINT('',(-4.129356814196,-5.98416767356));
#715 = CARTESIAN_POINT('',(-4.235823819272,-5.989361407915));
#716 = CARTESIAN_POINT('',(-4.346174183975,-5.993664763506));
#717 = CARTESIAN_POINT('',(-4.573170387645,-5.999576446594));
#718 = CARTESIAN_POINT('',(-4.686908678135,-6.001176955619));
#719 = CARTESIAN_POINT('',(-4.801049167238,-6.001136549044));
#720 = CARTESIAN_POINT('',(-4.914620586655,-5.999330522745));
#721 = CARTESIAN_POINT('',(-5.026665481173,-5.995955304326));
#722 = CARTESIAN_POINT('',(-5.136093215954,-5.991466976423));
#723 = CARTESIAN_POINT('',(-5.241484970916,-5.986423522796));
#724 = CARTESIAN_POINT('',(-5.472670039565,-5.974532651102));
#725 = CARTESIAN_POINT('',(-5.598168781507,-5.967410898691));
#726 = CARTESIAN_POINT('',(-5.718724980197,-5.960711932321));
#727 = CARTESIAN_POINT('',(-5.835444566372,-5.954962099315));
#728 = CARTESIAN_POINT('',(-5.949299449457,-5.9504781949));
#729 = CARTESIAN_POINT('',(-6.061223895436,-5.947431463443));
#730 = CARTESIAN_POINT('',(-6.172159880199,-5.945906403822));
#731 = CARTESIAN_POINT('',(-6.28318530718,-5.945906403822));
#732 = ( GEOMETRIC_REPRESENTATION_CONTEXT(2) 
PARAMETRIC_REPRESENTATION_CONTEXT() REPRESENTATION_CONTEXT('2D SPACE',''
  ) );
#733 = FACE_BOUND('',#734,.F.);
#734 = EDGE_LOOP('',(#735));
#735 = ORIENTED_EDGE('',*,*,#736,.T.);
#736 = EDGE_CURVE('',#737,#737,#739,.T.);
#737 = VERTEX_POINT('',#738);
#738 = CARTESIAN_POINT('',(36.945906403822,2.,91.6));
#739 = SURFACE_CURVE('',#740,(#792,#847),.PCURVE_S1.);
#740 = B_SPLINE_CURVE_WITH_KNOTS('',8,(#741,#742,#743,#744,#745,#746,
    #747,#748,#749,#750,#751,#752,#753,#754,#755,#756,#757,#758,#759,
    #760,#761,#762,#763,#764,#765,#766,#767,#768,#769,#770,#771,#772,
    #773,#774,#775,#776,#777,#778,#779,#780,#781,#782,#783,#784,#785,
    #786,#787,#788,#789,#790,#791),.UNSPECIFIED.,.T.,.F.,(9,7,7,7,7,7,7,
    9),(0.,0.153622367304,0.28570407812,0.421676180529,0.58952924135,
    0.714916860112,0.837271964917,1.),.UNSPECIFIED.);
#741 = CARTESIAN_POINT('',(36.945906403822,2.,91.6));
#742 = CARTESIAN_POINT('',(36.945906403822,2.,91.808664920475));
#743 = CARTESIAN_POINT('',(36.947253190751,1.975119131105,92.01723060774
    ));
#744 = CARTESIAN_POINT('',(36.949944974849,1.925400650079,
    92.223955227837));
#745 = CARTESIAN_POINT('',(36.953915233982,1.850309835188,
    92.426957810588));
#746 = CARTESIAN_POINT('',(36.959028548703,1.748916072709,
    92.623867546018));
#747 = CARTESIAN_POINT('',(36.965043587671,1.620010629216,
    92.811587801684));
#748 = CARTESIAN_POINT('',(36.971568104932,1.462304156939,
    92.985949248855));
#749 = CARTESIAN_POINT('',(36.983587327103,1.113676575528,
    93.274359066549));
#750 = CARTESIAN_POINT('',(36.989285227744,0.925091108358,
    93.397922613033));
#751 = CARTESIAN_POINT('',(36.994551232201,0.711843107344,
    93.501346353987));
#752 = CARTESIAN_POINT('',(36.998695692839,0.479059132574,
    93.576837988818));
#753 = CARTESIAN_POINT('',(37.001081664067,0.233753368507,
    93.619208183016));
#754 = CARTESIAN_POINT('',(37.001419593982,-1.608935449498E-02,
    93.625984665825));
#755 = CARTESIAN_POINT('',(36.999817342846,-0.262287731126,
    93.597527699622));
#756 = CARTESIAN_POINT('',(36.993403137272,-0.739396319819,
    93.475027034889));
#757 = CARTESIAN_POINT('',(36.988602887739,-0.961840147285,
    93.381080972474));
#758 = CARTESIAN_POINT('',(36.982803118459,-1.16210381436,
    93.261689617851));
#759 = CARTESIAN_POINT('',(36.976583042698,-1.338878071603,
    93.122274479845));
#760 = CARTESIAN_POINT('',(36.970441553417,-1.491685098608,
    92.967579077783));
#761 = CARTESIAN_POINT('',(36.964759407828,-1.620631533859,
    92.801811107332));
#762 = CARTESIAN_POINT('',(36.959800765958,-1.726294534853,
    92.628706686816));
#763 = CARTESIAN_POINT('',(36.95067974798,-1.912558735652,
    92.232875111332));
#764 = CARTESIAN_POINT('',(36.946923423597,-1.982565233064,
    92.005710903277));
#765 = CARTESIAN_POINT('',(36.944736727412,-2.02130818933,
    91.773779694955));
#766 = CARTESIAN_POINT('',(36.94425307487,-2.029627310238,
    91.539751260198));
#767 = CARTESIAN_POINT('',(36.945508173478,-2.007655677627,
    91.306062171322));
#768 = CARTESIAN_POINT('',(36.948445229706,-1.954905554214,
    91.075323139399));
#769 = CARTESIAN_POINT('',(36.952883969695,-1.870364348839,
    90.850680905196));
#770 = CARTESIAN_POINT('',(36.962639068531,-1.66465240177,
    90.476492262593));
#771 = CARTESIAN_POINT('',(36.967489011307,-1.557321247579,
    90.320799716068));
#772 = CARTESIAN_POINT('',(36.972866787182,-1.429911305869,
    90.172341592781));
#773 = CARTESIAN_POINT('',(36.978534629649,-1.282103620241,
    90.034334305074));
#774 = CARTESIAN_POINT('',(36.98416767356,-1.114001530292,
    89.910295912719));
#775 = CARTESIAN_POINT('',(36.989361407915,-0.926199375762,
    89.804083192342));
#776 = CARTESIAN_POINT('',(36.993664763506,-0.719935745704,
    89.719976338931));
#777 = CARTESIAN_POINT('',(36.999576446594,-0.280206344676,
    89.607073018376));
#778 = CARTESIAN_POINT('',(37.001176955619,-5.273106576517E-02,
    89.578327197806));
#779 = CARTESIAN_POINT('',(37.001136549044,0.178867027813,
    89.579689345897));
#780 = CARTESIAN_POINT('',(36.999330522745,0.40779460415,89.611835528261
    ));
#781 = CARTESIAN_POINT('',(36.995955304326,0.627283231684,
    89.673114411592));
#782 = CARTESIAN_POINT('',(36.991466976423,0.831272181857,
    89.759633204196));
#783 = CARTESIAN_POINT('',(36.986423522796,1.015025062114,
    89.865322919618));
#784 = CARTESIAN_POINT('',(36.974532651102,1.389090360879,
    90.137097267421));
#785 = CARTESIAN_POINT('',(36.967410898691,1.568753720827,90.31682985012
    ));
#786 = CARTESIAN_POINT('',(36.960711932321,1.715379659866,90.51332732764
    ));
#787 = CARTESIAN_POINT('',(36.954962099315,1.830475821896,
    90.721170884921));
#788 = CARTESIAN_POINT('',(36.9504781949,1.915554994931,90.936403221908)
  );
#789 = CARTESIAN_POINT('',(36.947431463443,1.971824333399,
    91.156075654404));
#790 = CARTESIAN_POINT('',(36.945906403822,2.,91.377949146038));
#791 = CARTESIAN_POINT('',(36.945906403822,2.,91.6));
#792 = PCURVE('',#32,#793);
#793 = DEFINITIONAL_REPRESENTATION('',(#794),#846);
#794 = B_SPLINE_CURVE_WITH_KNOTS('',8,(#795,#796,#797,#798,#799,#800,
    #801,#802,#803,#804,#805,#806,#807,#808,#809,#810,#811,#812,#813,
    #814,#815,#816,#817,#818,#819,#820,#821,#822,#823,#824,#825,#826,
    #827,#828,#829,#830,#831,#832,#833,#834,#835,#836,#837,#838,#839,
    #840,#841,#842,#843,#844,#845),.UNSPECIFIED.,.T.,.F.,(9,7,7,7,7,7,7,
    9),(0.,0.153622367304,0.28570407812,0.421676180529,0.58952924135,
    0.714916860112,0.837271964917,1.),.UNSPECIFIED.);
#795 = CARTESIAN_POINT('',(-6.215092671154,1.));
#796 = CARTESIAN_POINT('',(-6.215092671154,0.791335079525));
#797 = CARTESIAN_POINT('',(-6.214419230807,0.58276939226));
#798 = CARTESIAN_POINT('',(-6.213073520087,0.376044772163));
#799 = CARTESIAN_POINT('',(-6.211041205794,0.173042189412));
#800 = CARTESIAN_POINT('',(-6.208297369018,-2.386754601846E-02));
#801 = CARTESIAN_POINT('',(-6.204809706605,-0.211587801684));
#802 = CARTESIAN_POINT('',(-6.200543824568,-0.385949248855));
#803 = CARTESIAN_POINT('',(-6.191115859537,-0.674359066549));
#804 = CARTESIAN_POINT('',(-6.18601667557,-0.797922613033));
#805 = CARTESIAN_POINT('',(-6.180251606917,-0.901346353987));
#806 = CARTESIAN_POINT('',(-6.173959468966,-0.976837988818));
#807 = CARTESIAN_POINT('',(-6.167329727965,-1.019208183016));
#808 = CARTESIAN_POINT('',(-6.160577561982,-1.025984665825));
#809 = CARTESIAN_POINT('',(-6.153923571213,-0.997527699622));
#810 = CARTESIAN_POINT('',(-6.141027579246,-0.875027034889));
#811 = CARTESIAN_POINT('',(-6.135014383688,-0.781080972474));
#812 = CARTESIAN_POINT('',(-6.129599805056,-0.661689617851));
#813 = CARTESIAN_POINT('',(-6.124819308791,-0.522274479845));
#814 = CARTESIAN_POINT('',(-6.120686117754,-0.367579077783));
#815 = CARTESIAN_POINT('',(-6.117197723573,-0.201811107332));
#816 = CARTESIAN_POINT('',(-6.114338829214,-2.870668681629E-02));
#817 = CARTESIAN_POINT('',(-6.109298629568,0.367124888668));
#818 = CARTESIAN_POINT('',(-6.107403860612,0.594289096723));
#819 = CARTESIAN_POINT('',(-6.106355085353,0.826220305045));
#820 = CARTESIAN_POINT('',(-6.106129859836,1.060248739802));
#821 = CARTESIAN_POINT('',(-6.106724662187,1.293937828678));
#822 = CARTESIAN_POINT('',(-6.108152548511,1.524676860601));
#823 = CARTESIAN_POINT('',(-6.110440564131,1.749319094804));
#824 = CARTESIAN_POINT('',(-6.116006594299,2.123507737407));
#825 = CARTESIAN_POINT('',(-6.118910389406,2.279200283932));
#826 = CARTESIAN_POINT('',(-6.12235694005,2.427658407219));
#827 = CARTESIAN_POINT('',(-6.126354616017,2.565665694926));
#828 = CARTESIAN_POINT('',(-6.130900340867,2.689704087281));
#829 = CARTESIAN_POINT('',(-6.135977836053,2.795916807658));
#830 = CARTESIAN_POINT('',(-6.141553588238,2.880023661069));
#831 = CARTESIAN_POINT('',(-6.153439240597,2.992926981624));
#832 = CARTESIAN_POINT('',(-6.159587248555,3.021672802194));
#833 = CARTESIAN_POINT('',(-6.165846378686,3.020310654103));
#834 = CARTESIAN_POINT('',(-6.172033451144,2.988164471739));
#835 = CARTESIAN_POINT('',(-6.177965992965,2.926885588408));
#836 = CARTESIAN_POINT('',(-6.183480409306,2.840366795804));
#837 = CARTESIAN_POINT('',(-6.188448525532,2.734677080382));
#838 = CARTESIAN_POINT('',(-6.198563505151,2.462902732579));
#839 = CARTESIAN_POINT('',(-6.203422935448,2.28317014988));
#840 = CARTESIAN_POINT('',(-6.207389844743,2.08667267236));
#841 = CARTESIAN_POINT('',(-6.210504405558,1.878829115079));
#842 = CARTESIAN_POINT('',(-6.212807031638,1.663596778092));
#843 = CARTESIAN_POINT('',(-6.214330051847,1.443924345596));
#844 = CARTESIAN_POINT('',(-6.215092671154,1.222050853962));
#845 = CARTESIAN_POINT('',(-6.215092671154,1.));
#846 = ( GEOMETRIC_REPRESENTATION_CONTEXT(2) 
PARAMETRIC_REPRESENTATION_CONTEXT() REPRESENTATION_CONTEXT('2D SPACE',''
  ) );
#847 = PCURVE('',#848,#853);
#848 = CYLINDRICAL_SURFACE('',#849,2.);
#849 = AXIS2_PLACEMENT_3D('',#850,#851,#852);
#850 = CARTESIAN_POINT('',(31.,0.,91.6));
#851 = DIRECTION('',(-1.,-0.,-0.));
#852 = DIRECTION('',(0.,1.,0.));
#853 = DEFINITIONAL_REPRESENTATION('',(#854),#906);
#854 = B_SPLINE_CURVE_WITH_KNOTS('',8,(#855,#856,#857,#858,#859,#860,
    #861,#862,#863,#864,#865,#866,#867,#868,#869,#870,#871,#872,#873,
    #874,#875,#876,#877,#878,#879,#880,#881,#882,#883,#884,#885,#886,
    #887,#888,#889,#890,#891,#892,#893,#894,#895,#896,#897,#898,#899,
    #900,#901,#902,#903,#904,#905),.UNSPECIFIED.,.F.,.F.,(9,7,7,7,7,7,7,
    9),(0.,0.153622367304,0.28570407812,0.421676180529,0.58952924135,
    0.714916860112,0.837271964917,1.),.UNSPECIFIED.);
#855 = CARTESIAN_POINT('',(0.,-5.945906403822));
#856 = CARTESIAN_POINT('',(-0.104332460238,-5.945906403822));
#857 = CARTESIAN_POINT('',(-0.208614841901,-5.947253190751));
#858 = CARTESIAN_POINT('',(-0.31370943671,-5.949944974849));
#859 = CARTESIAN_POINT('',(-0.420393206272,-5.953915233982));
#860 = CARTESIAN_POINT('',(-0.529443249125,-5.959028548703));
#861 = CARTESIAN_POINT('',(-0.641672928752,-5.965043587671));
#862 = CARTESIAN_POINT('',(-0.758002233958,-5.971568104932));
#863 = CARTESIAN_POINT('',(-0.984232986434,-5.983587327103));
#864 = CARTESIAN_POINT('',(-1.09626815682,-5.989285227744));
#865 = CARTESIAN_POINT('',(-1.213127759175,-5.994551232201));
#866 = CARTESIAN_POINT('',(-1.333146800217,-5.998695692839));
#867 = CARTESIAN_POINT('',(-1.455118057112,-6.001081664067));
#868 = CARTESIAN_POINT('',(-1.577994497696,-6.001419593982));
#869 = CARTESIAN_POINT('',(-1.700765009838,-5.999817342846));
#870 = CARTESIAN_POINT('',(-1.947057020602,-5.993403137272));
#871 = CARTESIAN_POINT('',(-2.066467095213,-5.988602887739));
#872 = CARTESIAN_POINT('',(-2.181266943979,-5.982803118459));
#873 = CARTESIAN_POINT('',(-2.292031583034,-5.976583042698));
#874 = CARTESIAN_POINT('',(-2.399191391034,-5.970441553417));
#875 = CARTESIAN_POINT('',(-2.503070456498,-5.964759407828));
#876 = CARTESIAN_POINT('',(-2.603879094486,-5.959800765958));
#877 = CARTESIAN_POINT('',(-2.822612373076,-5.95067974798));
#878 = CARTESIAN_POINT('',(-2.940288500223,-5.946923423597));
#879 = CARTESIAN_POINT('',(-3.056152616478,-5.944736727412));
#880 = CARTESIAN_POINT('',(-3.171281217442,-5.94425307487));
#881 = CARTESIAN_POINT('',(-3.286658870335,-5.945508173478));
#882 = CARTESIAN_POINT('',(-3.403244836043,-5.948445229706));
#883 = CARTESIAN_POINT('',(-3.522036693814,-5.952883969695));
#884 = CARTESIAN_POINT('',(-3.735539940522,-5.962639068531));
#885 = CARTESIAN_POINT('',(-3.829610363924,-5.967489011307));
#886 = CARTESIAN_POINT('',(-3.926508711868,-5.972866787182));
#887 = CARTESIAN_POINT('',(-4.026353089711,-5.978534629649));
#888 = CARTESIAN_POINT('',(-4.129356814196,-5.98416767356));
#889 = CARTESIAN_POINT('',(-4.235823819273,-5.989361407915));
#890 = CARTESIAN_POINT('',(-4.346174183975,-5.993664763506));
#891 = CARTESIAN_POINT('',(-4.573170387644,-5.999576446594));
#892 = CARTESIAN_POINT('',(-4.686908678135,-6.001176955619));
#893 = CARTESIAN_POINT('',(-4.801049167238,-6.001136549044));
#894 = CARTESIAN_POINT('',(-4.914620586655,-5.999330522745));
#895 = CARTESIAN_POINT('',(-5.026665481173,-5.995955304326));
#896 = CARTESIAN_POINT('',(-5.136093215954,-5.991466976423));
#897 = CARTESIAN_POINT('',(-5.241484970917,-5.986423522796));
#898 = CARTESIAN_POINT('',(-5.472670039565,-5.974532651102));
#899 = CARTESIAN_POINT('',(-5.598168781507,-5.967410898691));
#900 = CARTESIAN_POINT('',(-5.718724980197,-5.960711932321));
#901 = CARTESIAN_POINT('',(-5.835444566372,-5.954962099315));
#902 = CARTESIAN_POINT('',(-5.949299449457,-5.9504781949));
#903 = CARTESIAN_POINT('',(-6.061223895436,-5.947431463443));
#904 = CARTESIAN_POINT('',(-6.172159880199,-5.945906403822));
#905 = CARTESIAN_POINT('',(-6.28318530718,-5.945906403822));
#906 = ( GEOMETRIC_REPRESENTATION_CONTEXT(2) 
PARAMETRIC_REPRESENTATION_CONTEXT() REPRESENTATION_CONTEXT('2D SPACE',''
  ) );
#907 = ADVANCED_FACE('',(#908,#915,#950,#1056,#1162,#1272,#1307,#1413,
    #1519,#1554,#1589,#1624),#96,.T.);
#908 = FACE_BOUND('',#909,.T.);
#909 = EDGE_LOOP('',(#910,#911,#912,#913,#914));
#910 = ORIENTED_EDGE('',*,*,#186,.F.);
#911 = ORIENTED_EDGE('',*,*,#79,.F.);
#912 = ORIENTED_EDGE('',*,*,#112,.T.);
#913 = ORIENTED_EDGE('',*,*,#135,.F.);
#914 = ORIENTED_EDGE('',*,*,#163,.T.);
#915 = FACE_BOUND('',#916,.T.);
#916 = EDGE_LOOP('',(#917));
#917 = ORIENTED_EDGE('',*,*,#918,.T.);
#918 = EDGE_CURVE('',#919,#919,#921,.T.);
#919 = VERTEX_POINT('',#920);
#920 = CARTESIAN_POINT('',(-20.8,-22.5,95.6));
#921 = SURFACE_CURVE('',#922,(#927,#938),.PCURVE_S1.);
#922 = CIRCLE('',#923,1.7);
#923 = AXIS2_PLACEMENT_3D('',#924,#925,#926);
#924 = CARTESIAN_POINT('',(-22.5,-22.5,95.6));
#925 = DIRECTION('',(0.,0.,-1.));
#926 = DIRECTION('',(1.,0.,0.));
#927 = PCURVE('',#96,#928);
#928 = DEFINITIONAL_REPRESENTATION('',(#929),#937);
#929 = ( BOUNDED_CURVE() B_SPLINE_CURVE(2,(#930,#931,#932,#933,#934,#935
,#936),.UNSPECIFIED.,.T.,.F.) B_SPLINE_CURVE_WITH_KNOTS((1,2,2,2,2,1),(
    -2.094395102393,0.,2.094395102393,4.188790204786,6.28318530718,
8.377580409573),.UNSPECIFIED.) CURVE() GEOMETRIC_REPRESENTATION_ITEM() 
RATIONAL_B_SPLINE_CURVE((1.,0.5,1.,0.5,1.,0.5,1.)) REPRESENTATION_ITEM(
  '') );
#930 = CARTESIAN_POINT('',(-23.38702018075,-19.7974060691));
#931 = CARTESIAN_POINT('',(-23.74586280168,-22.71994468705));
#932 = CARTESIAN_POINT('',(-26.0974341779,-20.94790855239));
#933 = CARTESIAN_POINT('',(-28.44900555412,-19.17587241773));
#934 = CARTESIAN_POINT('',(-25.73859155697,-18.02536993444));
#935 = CARTESIAN_POINT('',(-23.02817755982,-16.87486745115));
#936 = CARTESIAN_POINT('',(-23.38702018075,-19.7974060691));
#937 = ( GEOMETRIC_REPRESENTATION_CONTEXT(2) 
PARAMETRIC_REPRESENTATION_CONTEXT() REPRESENTATION_CONTEXT('2D SPACE',''
  ) );
#938 = PCURVE('',#939,#944);
#939 = CYLINDRICAL_SURFACE('',#940,1.7);
#940 = AXIS2_PLACEMENT_3D('',#941,#942,#943);
#941 = CARTESIAN_POINT('',(-22.5,-22.5,30.6));
#942 = DIRECTION('',(-0.,-0.,-1.));
#943 = DIRECTION('',(1.,0.,0.));
#944 = DEFINITIONAL_REPRESENTATION('',(#945),#949);
#945 = LINE('',#946,#947);
#946 = CARTESIAN_POINT('',(-6.28318530718,-65.));
#947 = VECTOR('',#948,1.);
#948 = DIRECTION('',(1.,-0.));
#949 = ( GEOMETRIC_REPRESENTATION_CONTEXT(2) 
PARAMETRIC_REPRESENTATION_CONTEXT() REPRESENTATION_CONTEXT('2D SPACE',''
  ) );
#950 = FACE_BOUND('',#951,.T.);
#951 = EDGE_LOOP('',(#952,#980,#1006,#1032));
#952 = ORIENTED_EDGE('',*,*,#953,.T.);
#953 = EDGE_CURVE('',#954,#956,#958,.T.);
#954 = VERTEX_POINT('',#955);
#955 = CARTESIAN_POINT('',(5.5,-22.55,95.6));
#956 = VERTEX_POINT('',#957);
#957 = CARTESIAN_POINT('',(-10.5,-22.55,95.6));
#958 = SURFACE_CURVE('',#959,(#963,#969),.PCURVE_S1.);
#959 = LINE('',#960,#961);
#960 = CARTESIAN_POINT('',(-5.25,-22.55,95.6));
#961 = VECTOR('',#962,1.);
#962 = DIRECTION('',(-1.,0.,0.));
#963 = PCURVE('',#96,#964);
#964 = DEFINITIONAL_REPRESENTATION('',(#965),#968);
#965 = B_SPLINE_CURVE_WITH_KNOTS('',1,(#966,#967),.UNSPECIFIED.,.F.,.F.,
  (2,2),(-10.75,5.25),.PIECEWISE_BEZIER_KNOTS.);
#966 = CARTESIAN_POINT('',(2.710850140241,-23.05219710824));
#967 = CARTESIAN_POINT('',(-13.16988828602,-21.10228761375));
#968 = ( GEOMETRIC_REPRESENTATION_CONTEXT(2) 
PARAMETRIC_REPRESENTATION_CONTEXT() REPRESENTATION_CONTEXT('2D SPACE',''
  ) );
#969 = PCURVE('',#970,#975);
#970 = PLANE('',#971);
#971 = AXIS2_PLACEMENT_3D('',#972,#973,#974);
#972 = CARTESIAN_POINT('',(-10.5,-22.55,91.6));
#973 = DIRECTION('',(0.,1.,0.));
#974 = DIRECTION('',(0.,0.,1.));
#975 = DEFINITIONAL_REPRESENTATION('',(#976),#979);
#976 = B_SPLINE_CURVE_WITH_KNOTS('',1,(#977,#978),.UNSPECIFIED.,.F.,.F.,
  (2,2),(-10.75,5.25),.PIECEWISE_BEZIER_KNOTS.);
#977 = CARTESIAN_POINT('',(4.,16.));
#978 = CARTESIAN_POINT('',(4.,0.));
#979 = ( GEOMETRIC_REPRESENTATION_CONTEXT(2) 
PARAMETRIC_REPRESENTATION_CONTEXT() REPRESENTATION_CONTEXT('2D SPACE',''
  ) );
#980 = ORIENTED_EDGE('',*,*,#981,.T.);
#981 = EDGE_CURVE('',#956,#982,#984,.T.);
#982 = VERTEX_POINT('',#983);
#983 = CARTESIAN_POINT('',(-10.5,-20.55,95.6));
#984 = SURFACE_CURVE('',#985,(#989,#995),.PCURVE_S1.);
#985 = LINE('',#986,#987);
#986 = CARTESIAN_POINT('',(-10.5,-11.275,95.6));
#987 = VECTOR('',#988,1.);
#988 = DIRECTION('',(0.,1.,0.));
#989 = PCURVE('',#96,#990);
#990 = DEFINITIONAL_REPRESENTATION('',(#991),#994);
#991 = B_SPLINE_CURVE_WITH_KNOTS('',1,(#992,#993),.UNSPECIFIED.,.F.,.F.,
  (2,2),(-11.275,-9.275),.PIECEWISE_BEZIER_KNOTS.);
#992 = CARTESIAN_POINT('',(-13.16988828602,-21.10228761375));
#993 = CARTESIAN_POINT('',(-12.92614959921,-19.11719531047));
#994 = ( GEOMETRIC_REPRESENTATION_CONTEXT(2) 
PARAMETRIC_REPRESENTATION_CONTEXT() REPRESENTATION_CONTEXT('2D SPACE',''
  ) );
#995 = PCURVE('',#996,#1001);
#996 = PLANE('',#997);
#997 = AXIS2_PLACEMENT_3D('',#998,#999,#1000);
#998 = CARTESIAN_POINT('',(-10.5,-22.55,91.6));
#999 = DIRECTION('',(1.,0.,0.));
#1000 = DIRECTION('',(0.,0.,1.));
#1001 = DEFINITIONAL_REPRESENTATION('',(#1002),#1005);
#1002 = B_SPLINE_CURVE_WITH_KNOTS('',1,(#1003,#1004),.UNSPECIFIED.,.F.,
  .F.,(2,2),(-11.275,-9.275),.PIECEWISE_BEZIER_KNOTS.);
#1003 = CARTESIAN_POINT('',(4.,0.));
#1004 = CARTESIAN_POINT('',(4.,-2.));
#1005 = ( GEOMETRIC_REPRESENTATION_CONTEXT(2) 
PARAMETRIC_REPRESENTATION_CONTEXT() REPRESENTATION_CONTEXT('2D SPACE',''
  ) );
#1006 = ORIENTED_EDGE('',*,*,#1007,.F.);
#1007 = EDGE_CURVE('',#1008,#982,#1010,.T.);
#1008 = VERTEX_POINT('',#1009);
#1009 = CARTESIAN_POINT('',(5.5,-20.55,95.6));
#1010 = SURFACE_CURVE('',#1011,(#1015,#1021),.PCURVE_S1.);
#1011 = LINE('',#1012,#1013);
#1012 = CARTESIAN_POINT('',(-5.25,-20.55,95.6));
#1013 = VECTOR('',#1014,1.);
#1014 = DIRECTION('',(-1.,0.,0.));
#1015 = PCURVE('',#96,#1016);
#1016 = DEFINITIONAL_REPRESENTATION('',(#1017),#1020);
#1017 = B_SPLINE_CURVE_WITH_KNOTS('',1,(#1018,#1019),.UNSPECIFIED.,.F.,
  .F.,(2,2),(-10.75,5.25),.PIECEWISE_BEZIER_KNOTS.);
#1018 = CARTESIAN_POINT('',(2.954588827051,-21.06710480495));
#1019 = CARTESIAN_POINT('',(-12.92614959921,-19.11719531047));
#1020 = ( GEOMETRIC_REPRESENTATION_CONTEXT(2) 
PARAMETRIC_REPRESENTATION_CONTEXT() REPRESENTATION_CONTEXT('2D SPACE',''
  ) );
#1021 = PCURVE('',#1022,#1027);
#1022 = PLANE('',#1023);
#1023 = AXIS2_PLACEMENT_3D('',#1024,#1025,#1026);
#1024 = CARTESIAN_POINT('',(-10.5,-20.55,91.6));
#1025 = DIRECTION('',(0.,1.,0.));
#1026 = DIRECTION('',(0.,0.,1.));
#1027 = DEFINITIONAL_REPRESENTATION('',(#1028),#1031);
#1028 = B_SPLINE_CURVE_WITH_KNOTS('',1,(#1029,#1030),.UNSPECIFIED.,.F.,
  .F.,(2,2),(-10.75,5.25),.PIECEWISE_BEZIER_KNOTS.);
#1029 = CARTESIAN_POINT('',(4.,16.));
#1030 = CARTESIAN_POINT('',(4.,0.));
#1031 = ( GEOMETRIC_REPRESENTATION_CONTEXT(2) 
PARAMETRIC_REPRESENTATION_CONTEXT() REPRESENTATION_CONTEXT('2D SPACE',''
  ) );
#1032 = ORIENTED_EDGE('',*,*,#1033,.F.);
#1033 = EDGE_CURVE('',#954,#1008,#1034,.T.);
#1034 = SURFACE_CURVE('',#1035,(#1039,#1045),.PCURVE_S1.);
#1035 = LINE('',#1036,#1037);
#1036 = CARTESIAN_POINT('',(5.5,-11.275,95.6));
#1037 = VECTOR('',#1038,1.);
#1038 = DIRECTION('',(0.,1.,0.));
#1039 = PCURVE('',#96,#1040);
#1040 = DEFINITIONAL_REPRESENTATION('',(#1041),#1044);
#1041 = B_SPLINE_CURVE_WITH_KNOTS('',1,(#1042,#1043),.UNSPECIFIED.,.F.,
  .F.,(2,2),(-11.275,-9.275),.PIECEWISE_BEZIER_KNOTS.);
#1042 = CARTESIAN_POINT('',(2.710850140241,-23.05219710824));
#1043 = CARTESIAN_POINT('',(2.954588827051,-21.06710480495));
#1044 = ( GEOMETRIC_REPRESENTATION_CONTEXT(2) 
PARAMETRIC_REPRESENTATION_CONTEXT() REPRESENTATION_CONTEXT('2D SPACE',''
  ) );
#1045 = PCURVE('',#1046,#1051);
#1046 = PLANE('',#1047);
#1047 = AXIS2_PLACEMENT_3D('',#1048,#1049,#1050);
#1048 = CARTESIAN_POINT('',(5.5,-22.55,91.6));
#1049 = DIRECTION('',(1.,0.,0.));
#1050 = DIRECTION('',(0.,0.,1.));
#1051 = DEFINITIONAL_REPRESENTATION('',(#1052),#1055);
#1052 = B_SPLINE_CURVE_WITH_KNOTS('',1,(#1053,#1054),.UNSPECIFIED.,.F.,
  .F.,(2,2),(-11.275,-9.275),.PIECEWISE_BEZIER_KNOTS.);
#1053 = CARTESIAN_POINT('',(4.,0.));
#1054 = CARTESIAN_POINT('',(4.,-2.));
#1055 = ( GEOMETRIC_REPRESENTATION_CONTEXT(2) 
PARAMETRIC_REPRESENTATION_CONTEXT() REPRESENTATION_CONTEXT('2D SPACE',''
  ) );
#1056 = FACE_BOUND('',#1057,.T.);
#1057 = EDGE_LOOP('',(#1058,#1086,#1112,#1138));
#1058 = ORIENTED_EDGE('',*,*,#1059,.T.);
#1059 = EDGE_CURVE('',#1060,#1062,#1064,.T.);
#1060 = VERTEX_POINT('',#1061);
#1061 = CARTESIAN_POINT('',(5.5,-18.55,95.6));
#1062 = VERTEX_POINT('',#1063);
#1063 = CARTESIAN_POINT('',(-10.5,-18.55,95.6));
#1064 = SURFACE_CURVE('',#1065,(#1069,#1075),.PCURVE_S1.);
#1065 = LINE('',#1066,#1067);
#1066 = CARTESIAN_POINT('',(-5.25,-18.55,95.6));
#1067 = VECTOR('',#1068,1.);
#1068 = DIRECTION('',(-1.,0.,0.));
#1069 = PCURVE('',#96,#1070);
#1070 = DEFINITIONAL_REPRESENTATION('',(#1071),#1074);
#1071 = B_SPLINE_CURVE_WITH_KNOTS('',1,(#1072,#1073),.UNSPECIFIED.,.F.,
  .F.,(2,2),(-10.75,5.25),.PIECEWISE_BEZIER_KNOTS.);
#1072 = CARTESIAN_POINT('',(3.198327513862,-19.08201250167));
#1073 = CARTESIAN_POINT('',(-12.68241091239,-17.13210300719));
#1074 = ( GEOMETRIC_REPRESENTATION_CONTEXT(2) 
PARAMETRIC_REPRESENTATION_CONTEXT() REPRESENTATION_CONTEXT('2D SPACE',''
  ) );
#1075 = PCURVE('',#1076,#1081);
#1076 = PLANE('',#1077);
#1077 = AXIS2_PLACEMENT_3D('',#1078,#1079,#1080);
#1078 = CARTESIAN_POINT('',(-10.5,-18.55,91.6));
#1079 = DIRECTION('',(0.,1.,0.));
#1080 = DIRECTION('',(0.,0.,1.));
#1081 = DEFINITIONAL_REPRESENTATION('',(#1082),#1085);
#1082 = B_SPLINE_CURVE_WITH_KNOTS('',1,(#1083,#1084),.UNSPECIFIED.,.F.,
  .F.,(2,2),(-10.75,5.25),.PIECEWISE_BEZIER_KNOTS.);
#1083 = CARTESIAN_POINT('',(4.,16.));
#1084 = CARTESIAN_POINT('',(4.,0.));
#1085 = ( GEOMETRIC_REPRESENTATION_CONTEXT(2) 
PARAMETRIC_REPRESENTATION_CONTEXT() REPRESENTATION_CONTEXT('2D SPACE',''
  ) );
#1086 = ORIENTED_EDGE('',*,*,#1087,.T.);
#1087 = EDGE_CURVE('',#1062,#1088,#1090,.T.);
#1088 = VERTEX_POINT('',#1089);
#1089 = CARTESIAN_POINT('',(-10.5,-16.55,95.6));
#1090 = SURFACE_CURVE('',#1091,(#1095,#1101),.PCURVE_S1.);
#1091 = LINE('',#1092,#1093);
#1092 = CARTESIAN_POINT('',(-10.5,-9.275,95.6));
#1093 = VECTOR('',#1094,1.);
#1094 = DIRECTION('',(0.,1.,0.));
#1095 = PCURVE('',#96,#1096);
#1096 = DEFINITIONAL_REPRESENTATION('',(#1097),#1100);
#1097 = B_SPLINE_CURVE_WITH_KNOTS('',1,(#1098,#1099),.UNSPECIFIED.,.F.,
  .F.,(2,2),(-9.275,-7.275),.PIECEWISE_BEZIER_KNOTS.);
#1098 = CARTESIAN_POINT('',(-12.68241091239,-17.13210300719));
#1099 = CARTESIAN_POINT('',(-12.43867222558,-15.14701070391));
#1100 = ( GEOMETRIC_REPRESENTATION_CONTEXT(2) 
PARAMETRIC_REPRESENTATION_CONTEXT() REPRESENTATION_CONTEXT('2D SPACE',''
  ) );
#1101 = PCURVE('',#1102,#1107);
#1102 = PLANE('',#1103);
#1103 = AXIS2_PLACEMENT_3D('',#1104,#1105,#1106);
#1104 = CARTESIAN_POINT('',(-10.5,-18.55,91.6));
#1105 = DIRECTION('',(1.,0.,0.));
#1106 = DIRECTION('',(0.,0.,1.));
#1107 = DEFINITIONAL_REPRESENTATION('',(#1108),#1111);
#1108 = B_SPLINE_CURVE_WITH_KNOTS('',1,(#1109,#1110),.UNSPECIFIED.,.F.,
  .F.,(2,2),(-9.275,-7.275),.PIECEWISE_BEZIER_KNOTS.);
#1109 = CARTESIAN_POINT('',(4.,0.));
#1110 = CARTESIAN_POINT('',(4.,-2.));
#1111 = ( GEOMETRIC_REPRESENTATION_CONTEXT(2) 
PARAMETRIC_REPRESENTATION_CONTEXT() REPRESENTATION_CONTEXT('2D SPACE',''
  ) );
#1112 = ORIENTED_EDGE('',*,*,#1113,.F.);
#1113 = EDGE_CURVE('',#1114,#1088,#1116,.T.);
#1114 = VERTEX_POINT('',#1115);
#1115 = CARTESIAN_POINT('',(5.5,-16.55,95.6));
#1116 = SURFACE_CURVE('',#1117,(#1121,#1127),.PCURVE_S1.);
#1117 = LINE('',#1118,#1119);
#1118 = CARTESIAN_POINT('',(-5.25,-16.55,95.6));
#1119 = VECTOR('',#1120,1.);
#1120 = DIRECTION('',(-1.,0.,0.));
#1121 = PCURVE('',#96,#1122);
#1122 = DEFINITIONAL_REPRESENTATION('',(#1123),#1126);
#1123 = B_SPLINE_CURVE_WITH_KNOTS('',1,(#1124,#1125),.UNSPECIFIED.,.F.,
  .F.,(2,2),(-10.75,5.25),.PIECEWISE_BEZIER_KNOTS.);
#1124 = CARTESIAN_POINT('',(3.442066200672,-17.09692019839));
#1125 = CARTESIAN_POINT('',(-12.43867222558,-15.14701070391));
#1126 = ( GEOMETRIC_REPRESENTATION_CONTEXT(2) 
PARAMETRIC_REPRESENTATION_CONTEXT() REPRESENTATION_CONTEXT('2D SPACE',''
  ) );
#1127 = PCURVE('',#1128,#1133);
#1128 = PLANE('',#1129);
#1129 = AXIS2_PLACEMENT_3D('',#1130,#1131,#1132);
#1130 = CARTESIAN_POINT('',(-10.5,-16.55,91.6));
#1131 = DIRECTION('',(0.,1.,0.));
#1132 = DIRECTION('',(0.,0.,1.));
#1133 = DEFINITIONAL_REPRESENTATION('',(#1134),#1137);
#1134 = B_SPLINE_CURVE_WITH_KNOTS('',1,(#1135,#1136),.UNSPECIFIED.,.F.,
  .F.,(2,2),(-10.75,5.25),.PIECEWISE_BEZIER_KNOTS.);
#1135 = CARTESIAN_POINT('',(4.,16.));
#1136 = CARTESIAN_POINT('',(4.,0.));
#1137 = ( GEOMETRIC_REPRESENTATION_CONTEXT(2) 
PARAMETRIC_REPRESENTATION_CONTEXT() REPRESENTATION_CONTEXT('2D SPACE',''
  ) );
#1138 = ORIENTED_EDGE('',*,*,#1139,.F.);
#1139 = EDGE_CURVE('',#1060,#1114,#1140,.T.);
#1140 = SURFACE_CURVE('',#1141,(#1145,#1151),.PCURVE_S1.);
#1141 = LINE('',#1142,#1143);
#1142 = CARTESIAN_POINT('',(5.5,-9.275,95.6));
#1143 = VECTOR('',#1144,1.);
#1144 = DIRECTION('',(0.,1.,0.));
#1145 = PCURVE('',#96,#1146);
#1146 = DEFINITIONAL_REPRESENTATION('',(#1147),#1150);
#1147 = B_SPLINE_CURVE_WITH_KNOTS('',1,(#1148,#1149),.UNSPECIFIED.,.F.,
  .F.,(2,2),(-9.275,-7.275),.PIECEWISE_BEZIER_KNOTS.);
#1148 = CARTESIAN_POINT('',(3.198327513862,-19.08201250167));
#1149 = CARTESIAN_POINT('',(3.442066200672,-17.09692019839));
#1150 = ( GEOMETRIC_REPRESENTATION_CONTEXT(2) 
PARAMETRIC_REPRESENTATION_CONTEXT() REPRESENTATION_CONTEXT('2D SPACE',''
  ) );
#1151 = PCURVE('',#1152,#1157);
#1152 = PLANE('',#1153);
#1153 = AXIS2_PLACEMENT_3D('',#1154,#1155,#1156);
#1154 = CARTESIAN_POINT('',(5.5,-18.55,91.6));
#1155 = DIRECTION('',(1.,0.,0.));
#1156 = DIRECTION('',(0.,0.,1.));
#1157 = DEFINITIONAL_REPRESENTATION('',(#1158),#1161);
#1158 = B_SPLINE_CURVE_WITH_KNOTS('',1,(#1159,#1160),.UNSPECIFIED.,.F.,
  .F.,(2,2),(-9.275,-7.275),.PIECEWISE_BEZIER_KNOTS.);
#1159 = CARTESIAN_POINT('',(4.,0.));
#1160 = CARTESIAN_POINT('',(4.,-2.));
#1161 = ( GEOMETRIC_REPRESENTATION_CONTEXT(2) 
PARAMETRIC_REPRESENTATION_CONTEXT() REPRESENTATION_CONTEXT('2D SPACE',''
  ) );
#1162 = FACE_BOUND('',#1163,.T.);
#1163 = EDGE_LOOP('',(#1164,#1193,#1220,#1247));
#1164 = ORIENTED_EDGE('',*,*,#1165,.T.);
#1165 = EDGE_CURVE('',#1166,#1168,#1170,.T.);
#1166 = VERTEX_POINT('',#1167);
#1167 = CARTESIAN_POINT('',(15.75,-13.75,95.6));
#1168 = VERTEX_POINT('',#1169);
#1169 = CARTESIAN_POINT('',(-20.75,-13.75,95.6));
#1170 = SURFACE_CURVE('',#1171,(#1175,#1181),.PCURVE_S1.);
#1171 = LINE('',#1172,#1173);
#1172 = CARTESIAN_POINT('',(-10.375,-13.75,95.6));
#1173 = VECTOR('',#1174,1.);
#1174 = DIRECTION('',(-1.,0.,0.));
#1175 = PCURVE('',#96,#1176);
#1176 = DEFINITIONAL_REPRESENTATION('',(#1177),#1180);
#1177 = B_SPLINE_CURVE_WITH_KNOTS('',1,(#1178,#1179),.UNSPECIFIED.,.F.,
  .F.,(2,2),(-26.125,10.375),.PIECEWISE_BEZIER_KNOTS.);
#1178 = CARTESIAN_POINT('',(13.95689841653,-15.56695174369));
#1179 = CARTESIAN_POINT('',(-22.27103611837,-11.11872070941));
#1180 = ( GEOMETRIC_REPRESENTATION_CONTEXT(2) 
PARAMETRIC_REPRESENTATION_CONTEXT() REPRESENTATION_CONTEXT('2D SPACE',''
  ) );
#1181 = PCURVE('',#1182,#1187);
#1182 = PLANE('',#1183);
#1183 = AXIS2_PLACEMENT_3D('',#1184,#1185,#1186);
#1184 = CARTESIAN_POINT('',(-20.75,-13.75,91.6));
#1185 = DIRECTION('',(0.,1.,0.));
#1186 = DIRECTION('',(0.,0.,1.));
#1187 = DEFINITIONAL_REPRESENTATION('',(#1188),#1192);
#1188 = LINE('',#1189,#1190);
#1189 = CARTESIAN_POINT('',(4.,10.375));
#1190 = VECTOR('',#1191,1.);
#1191 = DIRECTION('',(0.,-1.));
#1192 = ( GEOMETRIC_REPRESENTATION_CONTEXT(2) 
PARAMETRIC_REPRESENTATION_CONTEXT() REPRESENTATION_CONTEXT('2D SPACE',''
  ) );
#1193 = ORIENTED_EDGE('',*,*,#1194,.T.);
#1194 = EDGE_CURVE('',#1168,#1195,#1197,.T.);
#1195 = VERTEX_POINT('',#1196);
#1196 = CARTESIAN_POINT('',(-20.75,5.75,95.6));
#1197 = SURFACE_CURVE('',#1198,(#1202,#1208),.PCURVE_S1.);
#1198 = LINE('',#1199,#1200);
#1199 = CARTESIAN_POINT('',(-20.75,-6.875,95.6));
#1200 = VECTOR('',#1201,1.);
#1201 = DIRECTION('',(0.,1.,0.));
#1202 = PCURVE('',#96,#1203);
#1203 = DEFINITIONAL_REPRESENTATION('',(#1204),#1207);
#1204 = B_SPLINE_CURVE_WITH_KNOTS('',1,(#1205,#1206),.UNSPECIFIED.,.F.,
  .F.,(2,2),(-6.875,12.625),.PIECEWISE_BEZIER_KNOTS.);
#1205 = CARTESIAN_POINT('',(-22.27103611837,-11.11872070941));
#1206 = CARTESIAN_POINT('',(-19.89458392197,8.235929247594));
#1207 = ( GEOMETRIC_REPRESENTATION_CONTEXT(2) 
PARAMETRIC_REPRESENTATION_CONTEXT() REPRESENTATION_CONTEXT('2D SPACE',''
  ) );
#1208 = PCURVE('',#1209,#1214);
#1209 = PLANE('',#1210);
#1210 = AXIS2_PLACEMENT_3D('',#1211,#1212,#1213);
#1211 = CARTESIAN_POINT('',(-20.75,-13.75,91.6));
#1212 = DIRECTION('',(1.,0.,0.));
#1213 = DIRECTION('',(0.,0.,1.));
#1214 = DEFINITIONAL_REPRESENTATION('',(#1215),#1219);
#1215 = LINE('',#1216,#1217);
#1216 = CARTESIAN_POINT('',(4.,-6.875));
#1217 = VECTOR('',#1218,1.);
#1218 = DIRECTION('',(0.,-1.));
#1219 = ( GEOMETRIC_REPRESENTATION_CONTEXT(2) 
PARAMETRIC_REPRESENTATION_CONTEXT() REPRESENTATION_CONTEXT('2D SPACE',''
  ) );
#1220 = ORIENTED_EDGE('',*,*,#1221,.F.);
#1221 = EDGE_CURVE('',#1222,#1195,#1224,.T.);
#1222 = VERTEX_POINT('',#1223);
#1223 = CARTESIAN_POINT('',(15.75,5.75,95.6));
#1224 = SURFACE_CURVE('',#1225,(#1229,#1235),.PCURVE_S1.);
#1225 = LINE('',#1226,#1227);
#1226 = CARTESIAN_POINT('',(-10.375,5.75,95.6));
#1227 = VECTOR('',#1228,1.);
#1228 = DIRECTION('',(-1.,0.,0.));
#1229 = PCURVE('',#96,#1230);
#1230 = DEFINITIONAL_REPRESENTATION('',(#1231),#1234);
#1231 = B_SPLINE_CURVE_WITH_KNOTS('',1,(#1232,#1233),.UNSPECIFIED.,.F.,
  .F.,(2,2),(-26.125,10.375),.PIECEWISE_BEZIER_KNOTS.);
#1232 = CARTESIAN_POINT('',(16.33335061293,3.787698213307));
#1233 = CARTESIAN_POINT('',(-19.89458392197,8.235929247594));
#1234 = ( GEOMETRIC_REPRESENTATION_CONTEXT(2) 
PARAMETRIC_REPRESENTATION_CONTEXT() REPRESENTATION_CONTEXT('2D SPACE',''
  ) );
#1235 = PCURVE('',#1236,#1241);
#1236 = PLANE('',#1237);
#1237 = AXIS2_PLACEMENT_3D('',#1238,#1239,#1240);
#1238 = CARTESIAN_POINT('',(-20.75,5.75,91.6));
#1239 = DIRECTION('',(0.,1.,0.));
#1240 = DIRECTION('',(0.,0.,1.));
#1241 = DEFINITIONAL_REPRESENTATION('',(#1242),#1246);
#1242 = LINE('',#1243,#1244);
#1243 = CARTESIAN_POINT('',(4.,10.375));
#1244 = VECTOR('',#1245,1.);
#1245 = DIRECTION('',(0.,-1.));
#1246 = ( GEOMETRIC_REPRESENTATION_CONTEXT(2) 
PARAMETRIC_REPRESENTATION_CONTEXT() REPRESENTATION_CONTEXT('2D SPACE',''
  ) );
#1247 = ORIENTED_EDGE('',*,*,#1248,.F.);
#1248 = EDGE_CURVE('',#1166,#1222,#1249,.T.);
#1249 = SURFACE_CURVE('',#1250,(#1254,#1260),.PCURVE_S1.);
#1250 = LINE('',#1251,#1252);
#1251 = CARTESIAN_POINT('',(15.75,-6.875,95.6));
#1252 = VECTOR('',#1253,1.);
#1253 = DIRECTION('',(0.,1.,0.));
#1254 = PCURVE('',#96,#1255);
#1255 = DEFINITIONAL_REPRESENTATION('',(#1256),#1259);
#1256 = B_SPLINE_CURVE_WITH_KNOTS('',1,(#1257,#1258),.UNSPECIFIED.,.F.,
  .F.,(2,2),(-6.875,12.625),.PIECEWISE_BEZIER_KNOTS.);
#1257 = CARTESIAN_POINT('',(13.95689841653,-15.56695174369));
#1258 = CARTESIAN_POINT('',(16.33335061293,3.787698213307));
#1259 = ( GEOMETRIC_REPRESENTATION_CONTEXT(2) 
PARAMETRIC_REPRESENTATION_CONTEXT() REPRESENTATION_CONTEXT('2D SPACE',''
  ) );
#1260 = PCURVE('',#1261,#1266);
#1261 = PLANE('',#1262);
#1262 = AXIS2_PLACEMENT_3D('',#1263,#1264,#1265);
#1263 = CARTESIAN_POINT('',(15.75,-13.75,91.6));
#1264 = DIRECTION('',(1.,0.,0.));
#1265 = DIRECTION('',(0.,0.,1.));
#1266 = DEFINITIONAL_REPRESENTATION('',(#1267),#1271);
#1267 = LINE('',#1268,#1269);
#1268 = CARTESIAN_POINT('',(4.,-6.875));
#1269 = VECTOR('',#1270,1.);
#1270 = DIRECTION('',(0.,-1.));
#1271 = ( GEOMETRIC_REPRESENTATION_CONTEXT(2) 
PARAMETRIC_REPRESENTATION_CONTEXT() REPRESENTATION_CONTEXT('2D SPACE',''
  ) );
#1272 = FACE_BOUND('',#1273,.T.);
#1273 = EDGE_LOOP('',(#1274));
#1274 = ORIENTED_EDGE('',*,*,#1275,.T.);
#1275 = EDGE_CURVE('',#1276,#1276,#1278,.T.);
#1276 = VERTEX_POINT('',#1277);
#1277 = CARTESIAN_POINT('',(24.2,-22.5,95.6));
#1278 = SURFACE_CURVE('',#1279,(#1284,#1295),.PCURVE_S1.);
#1279 = CIRCLE('',#1280,1.7);
#1280 = AXIS2_PLACEMENT_3D('',#1281,#1282,#1283);
#1281 = CARTESIAN_POINT('',(22.5,-22.5,95.6));
#1282 = DIRECTION('',(0.,0.,-1.));
#1283 = DIRECTION('',(1.,0.,0.));
#1284 = PCURVE('',#96,#1285);
#1285 = DEFINITIONAL_REPRESENTATION('',(#1286),#1294);
#1286 = ( BOUNDED_CURVE() B_SPLINE_CURVE(2,(#1287,#1288,#1289,#1290,
#1291,#1292,#1293),.UNSPECIFIED.,.T.,.F.) B_SPLINE_CURVE_WITH_KNOTS((1,2
    ,2,2,2,1),(-2.094395102393,0.,2.094395102393,4.188790204786,
6.28318530718,8.377580409573),.UNSPECIFIED.) CURVE() 
GEOMETRIC_REPRESENTATION_ITEM() RATIONAL_B_SPLINE_CURVE((1.,0.5,1.,0.5,
1.,0.5,1.)) REPRESENTATION_ITEM('') );
#1287 = CARTESIAN_POINT('',(21.277556643104,-25.28152652233));
#1288 = CARTESIAN_POINT('',(20.918714022177,-28.20406514028));
#1289 = CARTESIAN_POINT('',(18.567142645955,-26.43202900562));
#1290 = CARTESIAN_POINT('',(16.215571269733,-24.65999287096));
#1291 = CARTESIAN_POINT('',(18.925985266882,-23.50949038767));
#1292 = CARTESIAN_POINT('',(21.636399264031,-22.35898790438));
#1293 = CARTESIAN_POINT('',(21.277556643104,-25.28152652233));
#1294 = ( GEOMETRIC_REPRESENTATION_CONTEXT(2) 
PARAMETRIC_REPRESENTATION_CONTEXT() REPRESENTATION_CONTEXT('2D SPACE',''
  ) );
#1295 = PCURVE('',#1296,#1301);
#1296 = CYLINDRICAL_SURFACE('',#1297,1.7);
#1297 = AXIS2_PLACEMENT_3D('',#1298,#1299,#1300);
#1298 = CARTESIAN_POINT('',(22.5,-22.5,30.6));
#1299 = DIRECTION('',(-0.,-0.,-1.));
#1300 = DIRECTION('',(1.,0.,0.));
#1301 = DEFINITIONAL_REPRESENTATION('',(#1302),#1306);
#1302 = LINE('',#1303,#1304);
#1303 = CARTESIAN_POINT('',(-6.28318530718,-65.));
#1304 = VECTOR('',#1305,1.);
#1305 = DIRECTION('',(1.,-0.));
#1306 = ( GEOMETRIC_REPRESENTATION_CONTEXT(2) 
PARAMETRIC_REPRESENTATION_CONTEXT() REPRESENTATION_CONTEXT('2D SPACE',''
  ) );
#1307 = FACE_BOUND('',#1308,.T.);
#1308 = EDGE_LOOP('',(#1309,#1337,#1363,#1389));
#1309 = ORIENTED_EDGE('',*,*,#1310,.T.);
#1310 = EDGE_CURVE('',#1311,#1313,#1315,.T.);
#1311 = VERTEX_POINT('',#1312);
#1312 = CARTESIAN_POINT('',(5.5,8.55,95.6));
#1313 = VERTEX_POINT('',#1314);
#1314 = CARTESIAN_POINT('',(-10.5,8.55,95.6));
#1315 = SURFACE_CURVE('',#1316,(#1320,#1326),.PCURVE_S1.);
#1316 = LINE('',#1317,#1318);
#1317 = CARTESIAN_POINT('',(-5.25,8.55,95.6));
#1318 = VECTOR('',#1319,1.);
#1319 = DIRECTION('',(-1.,0.,0.));
#1320 = PCURVE('',#96,#1321);
#1321 = DEFINITIONAL_REPRESENTATION('',(#1322),#1325);
#1322 = B_SPLINE_CURVE_WITH_KNOTS('',1,(#1323,#1324),.UNSPECIFIED.,.F.,
  .F.,(2,2),(-10.75,5.25),.PIECEWISE_BEZIER_KNOTS.);
#1323 = CARTESIAN_POINT('',(6.500986720141,7.815988207805));
#1324 = CARTESIAN_POINT('',(-9.37975170612,9.765897702287));
#1325 = ( GEOMETRIC_REPRESENTATION_CONTEXT(2) 
PARAMETRIC_REPRESENTATION_CONTEXT() REPRESENTATION_CONTEXT('2D SPACE',''
  ) );
#1326 = PCURVE('',#1327,#1332);
#1327 = PLANE('',#1328);
#1328 = AXIS2_PLACEMENT_3D('',#1329,#1330,#1331);
#1329 = CARTESIAN_POINT('',(-10.5,8.55,91.6));
#1330 = DIRECTION('',(0.,1.,0.));
#1331 = DIRECTION('',(0.,0.,1.));
#1332 = DEFINITIONAL_REPRESENTATION('',(#1333),#1336);
#1333 = B_SPLINE_CURVE_WITH_KNOTS('',1,(#1334,#1335),.UNSPECIFIED.,.F.,
  .F.,(2,2),(-10.75,5.25),.PIECEWISE_BEZIER_KNOTS.);
#1334 = CARTESIAN_POINT('',(4.,16.));
#1335 = CARTESIAN_POINT('',(4.,0.));
#1336 = ( GEOMETRIC_REPRESENTATION_CONTEXT(2) 
PARAMETRIC_REPRESENTATION_CONTEXT() REPRESENTATION_CONTEXT('2D SPACE',''
  ) );
#1337 = ORIENTED_EDGE('',*,*,#1338,.T.);
#1338 = EDGE_CURVE('',#1313,#1339,#1341,.T.);
#1339 = VERTEX_POINT('',#1340);
#1340 = CARTESIAN_POINT('',(-10.5,10.55,95.6));
#1341 = SURFACE_CURVE('',#1342,(#1346,#1352),.PCURVE_S1.);
#1342 = LINE('',#1343,#1344);
#1343 = CARTESIAN_POINT('',(-10.5,4.275,95.6));
#1344 = VECTOR('',#1345,1.);
#1345 = DIRECTION('',(0.,1.,0.));
#1346 = PCURVE('',#96,#1347);
#1347 = DEFINITIONAL_REPRESENTATION('',(#1348),#1351);
#1348 = B_SPLINE_CURVE_WITH_KNOTS('',1,(#1349,#1350),.UNSPECIFIED.,.F.,
  .F.,(2,2),(4.275,6.275),.PIECEWISE_BEZIER_KNOTS.);
#1349 = CARTESIAN_POINT('',(-9.37975170612,9.765897702287));
#1350 = CARTESIAN_POINT('',(-9.13601301931,11.75099000557));
#1351 = ( GEOMETRIC_REPRESENTATION_CONTEXT(2) 
PARAMETRIC_REPRESENTATION_CONTEXT() REPRESENTATION_CONTEXT('2D SPACE',''
  ) );
#1352 = PCURVE('',#1353,#1358);
#1353 = PLANE('',#1354);
#1354 = AXIS2_PLACEMENT_3D('',#1355,#1356,#1357);
#1355 = CARTESIAN_POINT('',(-10.5,8.55,91.6));
#1356 = DIRECTION('',(1.,0.,0.));
#1357 = DIRECTION('',(0.,0.,1.));
#1358 = DEFINITIONAL_REPRESENTATION('',(#1359),#1362);
#1359 = B_SPLINE_CURVE_WITH_KNOTS('',1,(#1360,#1361),.UNSPECIFIED.,.F.,
  .F.,(2,2),(4.275,6.275),.PIECEWISE_BEZIER_KNOTS.);
#1360 = CARTESIAN_POINT('',(4.,0.));
#1361 = CARTESIAN_POINT('',(4.,-2.));
#1362 = ( GEOMETRIC_REPRESENTATION_CONTEXT(2) 
PARAMETRIC_REPRESENTATION_CONTEXT() REPRESENTATION_CONTEXT('2D SPACE',''
  ) );
#1363 = ORIENTED_EDGE('',*,*,#1364,.F.);
#1364 = EDGE_CURVE('',#1365,#1339,#1367,.T.);
#1365 = VERTEX_POINT('',#1366);
#1366 = CARTESIAN_POINT('',(5.5,10.55,95.6));
#1367 = SURFACE_CURVE('',#1368,(#1372,#1378),.PCURVE_S1.);
#1368 = LINE('',#1369,#1370);
#1369 = CARTESIAN_POINT('',(-5.25,10.55,95.6));
#1370 = VECTOR('',#1371,1.);
#1371 = DIRECTION('',(-1.,0.,0.));
#1372 = PCURVE('',#96,#1373);
#1373 = DEFINITIONAL_REPRESENTATION('',(#1374),#1377);
#1374 = B_SPLINE_CURVE_WITH_KNOTS('',1,(#1375,#1376),.UNSPECIFIED.,.F.,
  .F.,(2,2),(-10.75,5.25),.PIECEWISE_BEZIER_KNOTS.);
#1375 = CARTESIAN_POINT('',(6.744725406952,9.801080511088));
#1376 = CARTESIAN_POINT('',(-9.13601301931,11.75099000557));
#1377 = ( GEOMETRIC_REPRESENTATION_CONTEXT(2) 
PARAMETRIC_REPRESENTATION_CONTEXT() REPRESENTATION_CONTEXT('2D SPACE',''
  ) );
#1378 = PCURVE('',#1379,#1384);
#1379 = PLANE('',#1380);
#1380 = AXIS2_PLACEMENT_3D('',#1381,#1382,#1383);
#1381 = CARTESIAN_POINT('',(-10.5,10.55,91.6));
#1382 = DIRECTION('',(0.,1.,0.));
#1383 = DIRECTION('',(0.,0.,1.));
#1384 = DEFINITIONAL_REPRESENTATION('',(#1385),#1388);
#1385 = B_SPLINE_CURVE_WITH_KNOTS('',1,(#1386,#1387),.UNSPECIFIED.,.F.,
  .F.,(2,2),(-10.75,5.25),.PIECEWISE_BEZIER_KNOTS.);
#1386 = CARTESIAN_POINT('',(4.,16.));
#1387 = CARTESIAN_POINT('',(4.,0.));
#1388 = ( GEOMETRIC_REPRESENTATION_CONTEXT(2) 
PARAMETRIC_REPRESENTATION_CONTEXT() REPRESENTATION_CONTEXT('2D SPACE',''
  ) );
#1389 = ORIENTED_EDGE('',*,*,#1390,.F.);
#1390 = EDGE_CURVE('',#1311,#1365,#1391,.T.);
#1391 = SURFACE_CURVE('',#1392,(#1396,#1402),.PCURVE_S1.);
#1392 = LINE('',#1393,#1394);
#1393 = CARTESIAN_POINT('',(5.5,4.275,95.6));
#1394 = VECTOR('',#1395,1.);
#1395 = DIRECTION('',(0.,1.,0.));
#1396 = PCURVE('',#96,#1397);
#1397 = DEFINITIONAL_REPRESENTATION('',(#1398),#1401);
#1398 = B_SPLINE_CURVE_WITH_KNOTS('',1,(#1399,#1400),.UNSPECIFIED.,.F.,
  .F.,(2,2),(4.275,6.275),.PIECEWISE_BEZIER_KNOTS.);
#1399 = CARTESIAN_POINT('',(6.500986720141,7.815988207805));
#1400 = CARTESIAN_POINT('',(6.744725406952,9.801080511088));
#1401 = ( GEOMETRIC_REPRESENTATION_CONTEXT(2) 
PARAMETRIC_REPRESENTATION_CONTEXT() REPRESENTATION_CONTEXT('2D SPACE',''
  ) );
#1402 = PCURVE('',#1403,#1408);
#1403 = PLANE('',#1404);
#1404 = AXIS2_PLACEMENT_3D('',#1405,#1406,#1407);
#1405 = CARTESIAN_POINT('',(5.5,8.55,91.6));
#1406 = DIRECTION('',(1.,0.,0.));
#1407 = DIRECTION('',(0.,0.,1.));
#1408 = DEFINITIONAL_REPRESENTATION('',(#1409),#1412);
#1409 = B_SPLINE_CURVE_WITH_KNOTS('',1,(#1410,#1411),.UNSPECIFIED.,.F.,
  .F.,(2,2),(4.275,6.275),.PIECEWISE_BEZIER_KNOTS.);
#1410 = CARTESIAN_POINT('',(4.,0.));
#1411 = CARTESIAN_POINT('',(4.,-2.));
#1412 = ( GEOMETRIC_REPRESENTATION_CONTEXT(2) 
PARAMETRIC_REPRESENTATION_CONTEXT() REPRESENTATION_CONTEXT('2D SPACE',''
  ) );
#1413 = FACE_BOUND('',#1414,.T.);
#1414 = EDGE_LOOP('',(#1415,#1443,#1469,#1495));
#1415 = ORIENTED_EDGE('',*,*,#1416,.T.);
#1416 = EDGE_CURVE('',#1417,#1419,#1421,.T.);
#1417 = VERTEX_POINT('',#1418);
#1418 = CARTESIAN_POINT('',(5.5,12.55,95.6));
#1419 = VERTEX_POINT('',#1420);
#1420 = CARTESIAN_POINT('',(-10.5,12.55,95.6));
#1421 = SURFACE_CURVE('',#1422,(#1426,#1432),.PCURVE_S1.);
#1422 = LINE('',#1423,#1424);
#1423 = CARTESIAN_POINT('',(-5.25,12.55,95.6));
#1424 = VECTOR('',#1425,1.);
#1425 = DIRECTION('',(-1.,0.,0.));
#1426 = PCURVE('',#96,#1427);
#1427 = DEFINITIONAL_REPRESENTATION('',(#1428),#1431);
#1428 = B_SPLINE_CURVE_WITH_KNOTS('',1,(#1429,#1430),.UNSPECIFIED.,.F.,
  .F.,(2,2),(-10.75,5.25),.PIECEWISE_BEZIER_KNOTS.);
#1429 = CARTESIAN_POINT('',(6.988464093762,11.78617281437));
#1430 = CARTESIAN_POINT('',(-8.892274332499,13.736082308853));
#1431 = ( GEOMETRIC_REPRESENTATION_CONTEXT(2) 
PARAMETRIC_REPRESENTATION_CONTEXT() REPRESENTATION_CONTEXT('2D SPACE',''
  ) );
#1432 = PCURVE('',#1433,#1438);
#1433 = PLANE('',#1434);
#1434 = AXIS2_PLACEMENT_3D('',#1435,#1436,#1437);
#1435 = CARTESIAN_POINT('',(-10.5,12.55,91.6));
#1436 = DIRECTION('',(0.,1.,0.));
#1437 = DIRECTION('',(0.,0.,1.));
#1438 = DEFINITIONAL_REPRESENTATION('',(#1439),#1442);
#1439 = B_SPLINE_CURVE_WITH_KNOTS('',1,(#1440,#1441),.UNSPECIFIED.,.F.,
  .F.,(2,2),(-10.75,5.25),.PIECEWISE_BEZIER_KNOTS.);
#1440 = CARTESIAN_POINT('',(4.,16.));
#1441 = CARTESIAN_POINT('',(4.,0.));
#1442 = ( GEOMETRIC_REPRESENTATION_CONTEXT(2) 
PARAMETRIC_REPRESENTATION_CONTEXT() REPRESENTATION_CONTEXT('2D SPACE',''
  ) );
#1443 = ORIENTED_EDGE('',*,*,#1444,.T.);
#1444 = EDGE_CURVE('',#1419,#1445,#1447,.T.);
#1445 = VERTEX_POINT('',#1446);
#1446 = CARTESIAN_POINT('',(-10.5,14.55,95.6));
#1447 = SURFACE_CURVE('',#1448,(#1452,#1458),.PCURVE_S1.);
#1448 = LINE('',#1449,#1450);
#1449 = CARTESIAN_POINT('',(-10.5,6.275,95.6));
#1450 = VECTOR('',#1451,1.);
#1451 = DIRECTION('',(0.,1.,0.));
#1452 = PCURVE('',#96,#1453);
#1453 = DEFINITIONAL_REPRESENTATION('',(#1454),#1457);
#1454 = B_SPLINE_CURVE_WITH_KNOTS('',1,(#1455,#1456),.UNSPECIFIED.,.F.,
  .F.,(2,2),(6.275,8.275),.PIECEWISE_BEZIER_KNOTS.);
#1455 = CARTESIAN_POINT('',(-8.892274332499,13.736082308853));
#1456 = CARTESIAN_POINT('',(-8.648535645689,15.721174612135));
#1457 = ( GEOMETRIC_REPRESENTATION_CONTEXT(2) 
PARAMETRIC_REPRESENTATION_CONTEXT() REPRESENTATION_CONTEXT('2D SPACE',''
  ) );
#1458 = PCURVE('',#1459,#1464);
#1459 = PLANE('',#1460);
#1460 = AXIS2_PLACEMENT_3D('',#1461,#1462,#1463);
#1461 = CARTESIAN_POINT('',(-10.5,12.55,91.6));
#1462 = DIRECTION('',(1.,0.,0.));
#1463 = DIRECTION('',(0.,0.,1.));
#1464 = DEFINITIONAL_REPRESENTATION('',(#1465),#1468);
#1465 = B_SPLINE_CURVE_WITH_KNOTS('',1,(#1466,#1467),.UNSPECIFIED.,.F.,
  .F.,(2,2),(6.275,8.275),.PIECEWISE_BEZIER_KNOTS.);
#1466 = CARTESIAN_POINT('',(4.,0.));
#1467 = CARTESIAN_POINT('',(4.,-2.));
#1468 = ( GEOMETRIC_REPRESENTATION_CONTEXT(2) 
PARAMETRIC_REPRESENTATION_CONTEXT() REPRESENTATION_CONTEXT('2D SPACE',''
  ) );
#1469 = ORIENTED_EDGE('',*,*,#1470,.F.);
#1470 = EDGE_CURVE('',#1471,#1445,#1473,.T.);
#1471 = VERTEX_POINT('',#1472);
#1472 = CARTESIAN_POINT('',(5.5,14.55,95.6));
#1473 = SURFACE_CURVE('',#1474,(#1478,#1484),.PCURVE_S1.);
#1474 = LINE('',#1475,#1476);
#1475 = CARTESIAN_POINT('',(-5.25,14.55,95.6));
#1476 = VECTOR('',#1477,1.);
#1477 = DIRECTION('',(-1.,0.,0.));
#1478 = PCURVE('',#96,#1479);
#1479 = DEFINITIONAL_REPRESENTATION('',(#1480),#1483);
#1480 = B_SPLINE_CURVE_WITH_KNOTS('',1,(#1481,#1482),.UNSPECIFIED.,.F.,
  .F.,(2,2),(-10.75,5.25),.PIECEWISE_BEZIER_KNOTS.);
#1481 = CARTESIAN_POINT('',(7.232202780572,13.771265117653));
#1482 = CARTESIAN_POINT('',(-8.648535645689,15.721174612135));
#1483 = ( GEOMETRIC_REPRESENTATION_CONTEXT(2) 
PARAMETRIC_REPRESENTATION_CONTEXT() REPRESENTATION_CONTEXT('2D SPACE',''
  ) );
#1484 = PCURVE('',#1485,#1490);
#1485 = PLANE('',#1486);
#1486 = AXIS2_PLACEMENT_3D('',#1487,#1488,#1489);
#1487 = CARTESIAN_POINT('',(-10.5,14.55,91.6));
#1488 = DIRECTION('',(0.,1.,0.));
#1489 = DIRECTION('',(0.,0.,1.));
#1490 = DEFINITIONAL_REPRESENTATION('',(#1491),#1494);
#1491 = B_SPLINE_CURVE_WITH_KNOTS('',1,(#1492,#1493),.UNSPECIFIED.,.F.,
  .F.,(2,2),(-10.75,5.25),.PIECEWISE_BEZIER_KNOTS.);
#1492 = CARTESIAN_POINT('',(4.,16.));
#1493 = CARTESIAN_POINT('',(4.,0.));
#1494 = ( GEOMETRIC_REPRESENTATION_CONTEXT(2) 
PARAMETRIC_REPRESENTATION_CONTEXT() REPRESENTATION_CONTEXT('2D SPACE',''
  ) );
#1495 = ORIENTED_EDGE('',*,*,#1496,.F.);
#1496 = EDGE_CURVE('',#1417,#1471,#1497,.T.);
#1497 = SURFACE_CURVE('',#1498,(#1502,#1508),.PCURVE_S1.);
#1498 = LINE('',#1499,#1500);
#1499 = CARTESIAN_POINT('',(5.5,6.275,95.6));
#1500 = VECTOR('',#1501,1.);
#1501 = DIRECTION('',(0.,1.,0.));
#1502 = PCURVE('',#96,#1503);
#1503 = DEFINITIONAL_REPRESENTATION('',(#1504),#1507);
#1504 = B_SPLINE_CURVE_WITH_KNOTS('',1,(#1505,#1506),.UNSPECIFIED.,.F.,
  .F.,(2,2),(6.275,8.275),.PIECEWISE_BEZIER_KNOTS.);
#1505 = CARTESIAN_POINT('',(6.988464093762,11.78617281437));
#1506 = CARTESIAN_POINT('',(7.232202780572,13.771265117653));
#1507 = ( GEOMETRIC_REPRESENTATION_CONTEXT(2) 
PARAMETRIC_REPRESENTATION_CONTEXT() REPRESENTATION_CONTEXT('2D SPACE',''
  ) );
#1508 = PCURVE('',#1509,#1514);
#1509 = PLANE('',#1510);
#1510 = AXIS2_PLACEMENT_3D('',#1511,#1512,#1513);
#1511 = CARTESIAN_POINT('',(5.5,12.55,91.6));
#1512 = DIRECTION('',(1.,0.,0.));
#1513 = DIRECTION('',(0.,0.,1.));
#1514 = DEFINITIONAL_REPRESENTATION('',(#1515),#1518);
#1515 = B_SPLINE_CURVE_WITH_KNOTS('',1,(#1516,#1517),.UNSPECIFIED.,.F.,
  .F.,(2,2),(6.275,8.275),.PIECEWISE_BEZIER_KNOTS.);
#1516 = CARTESIAN_POINT('',(4.,0.));
#1517 = CARTESIAN_POINT('',(4.,-2.));
#1518 = ( GEOMETRIC_REPRESENTATION_CONTEXT(2) 
PARAMETRIC_REPRESENTATION_CONTEXT() REPRESENTATION_CONTEXT('2D SPACE',''
  ) );
#1519 = FACE_BOUND('',#1520,.T.);
#1520 = EDGE_LOOP('',(#1521));
#1521 = ORIENTED_EDGE('',*,*,#1522,.T.);
#1522 = EDGE_CURVE('',#1523,#1523,#1525,.T.);
#1523 = VERTEX_POINT('',#1524);
#1524 = CARTESIAN_POINT('',(-20.8,22.5,95.6));
#1525 = SURFACE_CURVE('',#1526,(#1531,#1542),.PCURVE_S1.);
#1526 = CIRCLE('',#1527,1.7);
#1527 = AXIS2_PLACEMENT_3D('',#1528,#1529,#1530);
#1528 = CARTESIAN_POINT('',(-22.5,22.5,95.6));
#1529 = DIRECTION('',(0.,0.,-1.));
#1530 = DIRECTION('',(1.,0.,0.));
#1531 = PCURVE('',#96,#1532);
#1532 = DEFINITIONAL_REPRESENTATION('',(#1533),#1541);
#1533 = ( BOUNDED_CURVE() B_SPLINE_CURVE(2,(#1534,#1535,#1536,#1537,
#1538,#1539,#1540),.UNSPECIFIED.,.T.,.F.) B_SPLINE_CURVE_WITH_KNOTS((1,2
    ,2,2,2,1),(-2.094395102393,0.,2.094395102393,4.188790204786,
6.28318530718,8.377580409573),.UNSPECIFIED.) CURVE() 
GEOMETRIC_REPRESENTATION_ITEM() RATIONAL_B_SPLINE_CURVE((1.,0.5,1.,0.5,
1.,0.5,1.)) REPRESENTATION_ITEM('') );
#1534 = CARTESIAN_POINT('',(-17.90289972752,24.867170754757));
#1535 = CARTESIAN_POINT('',(-18.26174234845,21.944632136807));
#1536 = CARTESIAN_POINT('',(-20.61331372467,23.716668271465));
#1537 = CARTESIAN_POINT('',(-22.96488510089,25.488704406123));
#1538 = CARTESIAN_POINT('',(-20.25447110374,26.639206889415));
#1539 = CARTESIAN_POINT('',(-17.54405710659,27.789709372706));
#1540 = CARTESIAN_POINT('',(-17.90289972752,24.867170754757));
#1541 = ( GEOMETRIC_REPRESENTATION_CONTEXT(2) 
PARAMETRIC_REPRESENTATION_CONTEXT() REPRESENTATION_CONTEXT('2D SPACE',''
  ) );
#1542 = PCURVE('',#1543,#1548);
#1543 = CYLINDRICAL_SURFACE('',#1544,1.7);
#1544 = AXIS2_PLACEMENT_3D('',#1545,#1546,#1547);
#1545 = CARTESIAN_POINT('',(-22.5,22.5,30.6));
#1546 = DIRECTION('',(-0.,-0.,-1.));
#1547 = DIRECTION('',(1.,0.,0.));
#1548 = DEFINITIONAL_REPRESENTATION('',(#1549),#1553);
#1549 = LINE('',#1550,#1551);
#1550 = CARTESIAN_POINT('',(-6.28318530718,-65.));
#1551 = VECTOR('',#1552,1.);
#1552 = DIRECTION('',(1.,-0.));
#1553 = ( GEOMETRIC_REPRESENTATION_CONTEXT(2) 
PARAMETRIC_REPRESENTATION_CONTEXT() REPRESENTATION_CONTEXT('2D SPACE',''
  ) );
#1554 = FACE_BOUND('',#1555,.T.);
#1555 = EDGE_LOOP('',(#1556));
#1556 = ORIENTED_EDGE('',*,*,#1557,.T.);
#1557 = EDGE_CURVE('',#1558,#1558,#1560,.T.);
#1558 = VERTEX_POINT('',#1559);
#1559 = CARTESIAN_POINT('',(-3.567085809127,23.096988312782,95.6));
#1560 = SURFACE_CURVE('',#1561,(#1566,#1577),.PCURVE_S1.);
#1561 = CIRCLE('',#1562,6.);
#1562 = AXIS2_PLACEMENT_3D('',#1563,#1564,#1565);
#1563 = CARTESIAN_POINT('',(-9.567085809127,23.096988312782,95.6));
#1564 = DIRECTION('',(0.,0.,-1.));
#1565 = DIRECTION('',(1.,0.,0.));
#1566 = PCURVE('',#96,#1567);
#1567 = DEFINITIONAL_REPRESENTATION('',(#1568),#1576);
#1568 = ( BOUNDED_CURVE() B_SPLINE_CURVE(2,(#1569,#1570,#1571,#1572,
#1573,#1574,#1575),.UNSPECIFIED.,.T.,.F.) B_SPLINE_CURVE_WITH_KNOTS((1,2
    ,2,2,2,1),(-2.094395102393,0.,2.094395102393,4.188790204786,
6.28318530718,8.377580409573),.UNSPECIFIED.) CURVE() 
GEOMETRIC_REPRESENTATION_ITEM() RATIONAL_B_SPLINE_CURVE((1.,0.5,1.,0.5,
1.,0.5,1.)) REPRESENTATION_ITEM('') );
#1569 = CARTESIAN_POINT('',(-0.725682492108,23.359545269785));
#1570 = CARTESIAN_POINT('',(-1.992185860085,13.044703088786));
#1571 = CARTESIAN_POINT('',(-10.29184954086,19.298948269932));
#1572 = CARTESIAN_POINT('',(-18.59151322165,25.553193451077));
#1573 = CARTESIAN_POINT('',(-9.025346172892,29.61379045093));
#1574 = CARTESIAN_POINT('',(0.540820875868,33.674387450783));
#1575 = CARTESIAN_POINT('',(-0.725682492108,23.359545269785));
#1576 = ( GEOMETRIC_REPRESENTATION_CONTEXT(2) 
PARAMETRIC_REPRESENTATION_CONTEXT() REPRESENTATION_CONTEXT('2D SPACE',''
  ) );
#1577 = PCURVE('',#1578,#1583);
#1578 = CYLINDRICAL_SURFACE('',#1579,6.);
#1579 = AXIS2_PLACEMENT_3D('',#1580,#1581,#1582);
#1580 = CARTESIAN_POINT('',(-9.567085809127,23.096988312782,91.6));
#1581 = DIRECTION('',(-0.,-0.,-1.));
#1582 = DIRECTION('',(1.,0.,0.));
#1583 = DEFINITIONAL_REPRESENTATION('',(#1584),#1588);
#1584 = LINE('',#1585,#1586);
#1585 = CARTESIAN_POINT('',(-6.28318530718,-4.));
#1586 = VECTOR('',#1587,1.);
#1587 = DIRECTION('',(1.,-0.));
#1588 = ( GEOMETRIC_REPRESENTATION_CONTEXT(2) 
PARAMETRIC_REPRESENTATION_CONTEXT() REPRESENTATION_CONTEXT('2D SPACE',''
  ) );
#1589 = FACE_BOUND('',#1590,.T.);
#1590 = EDGE_LOOP('',(#1591));
#1591 = ORIENTED_EDGE('',*,*,#1592,.T.);
#1592 = EDGE_CURVE('',#1593,#1593,#1595,.T.);
#1593 = VERTEX_POINT('',#1594);
#1594 = CARTESIAN_POINT('',(15.567085809127,23.096988312782,95.6));
#1595 = SURFACE_CURVE('',#1596,(#1601,#1612),.PCURVE_S1.);
#1596 = CIRCLE('',#1597,6.);
#1597 = AXIS2_PLACEMENT_3D('',#1598,#1599,#1600);
#1598 = CARTESIAN_POINT('',(9.567085809127,23.096988312782,95.6));
#1599 = DIRECTION('',(0.,0.,-1.));
#1600 = DIRECTION('',(1.,0.,0.));
#1601 = PCURVE('',#96,#1602);
#1602 = DEFINITIONAL_REPRESENTATION('',(#1603),#1611);
#1603 = ( BOUNDED_CURVE() B_SPLINE_CURVE(2,(#1604,#1605,#1606,#1607,
#1608,#1609,#1610),.UNSPECIFIED.,.T.,.F.) B_SPLINE_CURVE_WITH_KNOTS((1,2
    ,2,2,2,1),(-2.094395102393,0.,2.094395102393,4.188790204786,
6.28318530718,8.377580409573),.UNSPECIFIED.) CURVE() 
GEOMETRIC_REPRESENTATION_ITEM() RATIONAL_B_SPLINE_CURVE((1.,0.5,1.,0.5,
1.,0.5,1.)) REPRESENTATION_ITEM('') );
#1604 = CARTESIAN_POINT('',(18.265865912435,21.027676338067));
#1605 = CARTESIAN_POINT('',(16.999362544458,10.712834157068));
#1606 = CARTESIAN_POINT('',(8.699698863674,16.967079338214));
#1607 = CARTESIAN_POINT('',(0.400035182891,23.221324519359));
#1608 = CARTESIAN_POINT('',(9.966202231651,27.281921519212));
#1609 = CARTESIAN_POINT('',(19.532369280411,31.342518519065));
#1610 = CARTESIAN_POINT('',(18.265865912435,21.027676338067));
#1611 = ( GEOMETRIC_REPRESENTATION_CONTEXT(2) 
PARAMETRIC_REPRESENTATION_CONTEXT() REPRESENTATION_CONTEXT('2D SPACE',''
  ) );
#1612 = PCURVE('',#1613,#1618);
#1613 = CYLINDRICAL_SURFACE('',#1614,6.);
#1614 = AXIS2_PLACEMENT_3D('',#1615,#1616,#1617);
#1615 = CARTESIAN_POINT('',(9.567085809127,23.096988312782,91.6));
#1616 = DIRECTION('',(-0.,-0.,-1.));
#1617 = DIRECTION('',(1.,0.,0.));
#1618 = DEFINITIONAL_REPRESENTATION('',(#1619),#1623);
#1619 = LINE('',#1620,#1621);
#1620 = CARTESIAN_POINT('',(-6.28318530718,-4.));
#1621 = VECTOR('',#1622,1.);
#1622 = DIRECTION('',(1.,-0.));
#1623 = ( GEOMETRIC_REPRESENTATION_CONTEXT(2) 
PARAMETRIC_REPRESENTATION_CONTEXT() REPRESENTATION_CONTEXT('2D SPACE',''
  ) );
#1624 = FACE_BOUND('',#1625,.T.);
#1625 = EDGE_LOOP('',(#1626));
#1626 = ORIENTED_EDGE('',*,*,#1627,.T.);
#1627 = EDGE_CURVE('',#1628,#1628,#1630,.T.);
#1628 = VERTEX_POINT('',#1629);
#1629 = CARTESIAN_POINT('',(24.2,22.5,95.6));
#1630 = SURFACE_CURVE('',#1631,(#1636,#1647),.PCURVE_S1.);
#1631 = CIRCLE('',#1632,1.7);
#1632 = AXIS2_PLACEMENT_3D('',#1633,#1634,#1635);
#1633 = CARTESIAN_POINT('',(22.5,22.5,95.6));
#1634 = DIRECTION('',(0.,0.,-1.));
#1635 = DIRECTION('',(1.,0.,0.));
#1636 = PCURVE('',#96,#1637);
#1637 = DEFINITIONAL_REPRESENTATION('',(#1638),#1646);
#1638 = ( BOUNDED_CURVE() B_SPLINE_CURVE(2,(#1639,#1640,#1641,#1642,
#1643,#1644,#1645),.UNSPECIFIED.,.T.,.F.) B_SPLINE_CURVE_WITH_KNOTS((1,2
    ,2,2,2,1),(-2.094395102393,0.,2.094395102393,4.188790204786,
6.28318530718,8.377580409573),.UNSPECIFIED.) CURVE() 
GEOMETRIC_REPRESENTATION_ITEM() RATIONAL_B_SPLINE_CURVE((1.,0.5,1.,0.5,
1.,0.5,1.)) REPRESENTATION_ITEM('') );
#1639 = CARTESIAN_POINT('',(26.761677096336,19.383050301525));
#1640 = CARTESIAN_POINT('',(26.402834475409,16.460511683576));
#1641 = CARTESIAN_POINT('',(24.051263099187,18.232547818234));
#1642 = CARTESIAN_POINT('',(21.699691722965,20.004583952891));
#1643 = CARTESIAN_POINT('',(24.410105720114,21.155086436183));
#1644 = CARTESIAN_POINT('',(27.120519717263,22.305588919475));
#1645 = CARTESIAN_POINT('',(26.761677096336,19.383050301525));
#1646 = ( GEOMETRIC_REPRESENTATION_CONTEXT(2) 
PARAMETRIC_REPRESENTATION_CONTEXT() REPRESENTATION_CONTEXT('2D SPACE',''
  ) );
#1647 = PCURVE('',#1648,#1653);
#1648 = CYLINDRICAL_SURFACE('',#1649,1.7);
#1649 = AXIS2_PLACEMENT_3D('',#1650,#1651,#1652);
#1650 = CARTESIAN_POINT('',(22.5,22.5,30.6));
#1651 = DIRECTION('',(-0.,-0.,-1.));
#1652 = DIRECTION('',(1.,0.,0.));
#1653 = DEFINITIONAL_REPRESENTATION('',(#1654),#1658);
#1654 = LINE('',#1655,#1656);
#1655 = CARTESIAN_POINT('',(-6.28318530718,-65.));
#1656 = VECTOR('',#1657,1.);
#1657 = DIRECTION('',(1.,-0.));
#1658 = ( GEOMETRIC_REPRESENTATION_CONTEXT(2) 
PARAMETRIC_REPRESENTATION_CONTEXT() REPRESENTATION_CONTEXT('2D SPACE',''
  ) );
#1659 = ADVANCED_FACE('',(#1660,#1663),#66,.F.);
#1660 = FACE_BOUND('',#1661,.F.);
#1661 = EDGE_LOOP('',(#1662));
#1662 = ORIENTED_EDGE('',*,*,#51,.T.);
#1663 = FACE_BOUND('',#1664,.F.);
#1664 = EDGE_LOOP('',(#1665,#1696,#1723,#1752,#1779,#1808,#1841,#1870,
    #1897,#1926,#1953,#1982,#2015,#2044,#2071,#2100,#2127,#2156,#2189,
    #2217,#2246,#2273,#2302,#2329,#2358,#2391));
#1665 = ORIENTED_EDGE('',*,*,#1666,.F.);
#1666 = EDGE_CURVE('',#1667,#1669,#1671,.T.);
#1667 = VERTEX_POINT('',#1668);
#1668 = CARTESIAN_POINT('',(3.449439287832,-32.81922254715,87.6));
#1669 = VERTEX_POINT('',#1670);
#1670 = CARTESIAN_POINT('',(20.844213245616,-25.58356453216,87.6));
#1671 = SURFACE_CURVE('',#1672,(#1677,#1684),.PCURVE_S1.);
#1672 = CIRCLE('',#1673,33.);
#1673 = AXIS2_PLACEMENT_3D('',#1674,#1675,#1676);
#1674 = CARTESIAN_POINT('',(1.736464926059E-13,2.286895437438E-14,87.6)
  );
#1675 = DIRECTION('',(0.,0.,1.));
#1676 = DIRECTION('',(0.994521895368,0.104528463268,-0.));
#1677 = PCURVE('',#66,#1678);
#1678 = DEFINITIONAL_REPRESENTATION('',(#1679),#1683);
#1679 = CIRCLE('',#1680,33.);
#1680 = AXIS2_PLACEMENT_2D('',#1681,#1682);
#1681 = CARTESIAN_POINT('',(1.775044842869E-13,-1.68389736495E-15));
#1682 = DIRECTION('',(0.999847695156,-1.745240643731E-02));
#1683 = ( GEOMETRIC_REPRESENTATION_CONTEXT(2) 
PARAMETRIC_REPRESENTATION_CONTEXT() REPRESENTATION_CONTEXT('2D SPACE',''
  ) );
#1684 = PCURVE('',#1685,#1690);
#1685 = CYLINDRICAL_SURFACE('',#1686,33.);
#1686 = AXIS2_PLACEMENT_3D('',#1687,#1688,#1689);
#1687 = CARTESIAN_POINT('',(1.736464926059E-13,2.286895437438E-14,87.6)
  );
#1688 = DIRECTION('',(0.,-0.,-1.));
#1689 = DIRECTION('',(0.992546151641,0.121869343405,0.));
#1690 = DEFINITIONAL_REPRESENTATION('',(#1691),#1695);
#1691 = LINE('',#1692,#1693);
#1692 = CARTESIAN_POINT('',(-6.26573201466,0.));
#1693 = VECTOR('',#1694,1.);
#1694 = DIRECTION('',(-1.,0.));
#1695 = ( GEOMETRIC_REPRESENTATION_CONTEXT(2) 
PARAMETRIC_REPRESENTATION_CONTEXT() REPRESENTATION_CONTEXT('2D SPACE',''
  ) );
#1696 = ORIENTED_EDGE('',*,*,#1697,.F.);
#1697 = EDGE_CURVE('',#1698,#1667,#1700,.T.);
#1698 = VERTEX_POINT('',#1699);
#1699 = CARTESIAN_POINT('',(3.031325434762,-28.84113496568,87.6));
#1700 = SURFACE_CURVE('',#1701,(#1705,#1712),.PCURVE_S1.);
#1701 = LINE('',#1702,#1703);
#1702 = CARTESIAN_POINT('',(5.801329711355,-55.19596519293,87.6));
#1703 = VECTOR('',#1704,1.);
#1704 = DIRECTION('',(0.104528463268,-0.994521895368,0.));
#1705 = PCURVE('',#66,#1706);
#1706 = DEFINITIONAL_REPRESENTATION('',(#1707),#1711);
#1707 = LINE('',#1708,#1709);
#1708 = CARTESIAN_POINT('',(-0.968608557269,-55.49154708118));
#1709 = VECTOR('',#1710,1.);
#1710 = DIRECTION('',(-1.745240643728E-02,-0.999847695156));
#1711 = ( GEOMETRIC_REPRESENTATION_CONTEXT(2) 
PARAMETRIC_REPRESENTATION_CONTEXT() REPRESENTATION_CONTEXT('2D SPACE',''
  ) );
#1712 = PCURVE('',#1713,#1718);
#1713 = PLANE('',#1714);
#1714 = AXIS2_PLACEMENT_3D('',#1715,#1716,#1717);
#1715 = CARTESIAN_POINT('',(11.602659422709,-110.3919303858,86.6));
#1716 = DIRECTION('',(-0.994521895368,-0.104528463268,0.));
#1717 = DIRECTION('',(-0.104528463268,0.994521895368,0.));
#1718 = DEFINITIONAL_REPRESENTATION('',(#1719),#1722);
#1719 = B_SPLINE_CURVE_WITH_KNOTS('',1,(#1720,#1721),.UNSPECIFIED.,.F.,
  .F.,(2,2),(-55.5,-18.29619365615),.PIECEWISE_BEZIER_KNOTS.);
#1720 = CARTESIAN_POINT('',(111.,-1.));
#1721 = CARTESIAN_POINT('',(73.79619365615,-1.));
#1722 = ( GEOMETRIC_REPRESENTATION_CONTEXT(2) 
PARAMETRIC_REPRESENTATION_CONTEXT() REPRESENTATION_CONTEXT('2D SPACE',''
  ) );
#1723 = ORIENTED_EDGE('',*,*,#1724,.F.);
#1724 = EDGE_CURVE('',#1725,#1698,#1727,.T.);
#1725 = VERTEX_POINT('',#1726);
#1726 = CARTESIAN_POINT('',(-3.031325434762,-28.84113496568,87.6));
#1727 = SURFACE_CURVE('',#1728,(#1733,#1740),.PCURVE_S1.);
#1728 = CIRCLE('',#1729,29.);
#1729 = AXIS2_PLACEMENT_3D('',#1730,#1731,#1732);
#1730 = CARTESIAN_POINT('',(1.75139182436E-13,1.53630861786E-15,87.6));
#1731 = DIRECTION('',(0.,0.,1.));
#1732 = DIRECTION('',(1.,0.,0.));
#1733 = PCURVE('',#66,#1734);
#1734 = DEFINITIONAL_REPRESENTATION('',(#1735),#1739);
#1735 = CIRCLE('',#1736,29.);
#1736 = AXIS2_PLACEMENT_2D('',#1737,#1738);
#1737 = CARTESIAN_POINT('',(1.763862523019E-13,-2.303944594441E-14));
#1738 = DIRECTION('',(0.992546151641,-0.121869343405));
#1739 = ( GEOMETRIC_REPRESENTATION_CONTEXT(2) 
PARAMETRIC_REPRESENTATION_CONTEXT() REPRESENTATION_CONTEXT('2D SPACE',''
  ) );
#1740 = PCURVE('',#1741,#1746);
#1741 = CYLINDRICAL_SURFACE('',#1742,29.);
#1742 = AXIS2_PLACEMENT_3D('',#1743,#1744,#1745);
#1743 = CARTESIAN_POINT('',(1.75139182436E-13,1.53630861786E-15,87.6));
#1744 = DIRECTION('',(-0.,-0.,-1.));
#1745 = DIRECTION('',(1.,0.,0.));
#1746 = DEFINITIONAL_REPRESENTATION('',(#1747),#1751);
#1747 = LINE('',#1748,#1749);
#1748 = CARTESIAN_POINT('',(-0.,0.));
#1749 = VECTOR('',#1750,1.);
#1750 = DIRECTION('',(-1.,0.));
#1751 = ( GEOMETRIC_REPRESENTATION_CONTEXT(2) 
PARAMETRIC_REPRESENTATION_CONTEXT() REPRESENTATION_CONTEXT('2D SPACE',''
  ) );
#1752 = ORIENTED_EDGE('',*,*,#1753,.F.);
#1753 = EDGE_CURVE('',#1754,#1725,#1756,.T.);
#1754 = VERTEX_POINT('',#1755);
#1755 = CARTESIAN_POINT('',(-3.449439287832,-32.81922254715,87.6));
#1756 = SURFACE_CURVE('',#1757,(#1761,#1768),.PCURVE_S1.);
#1757 = LINE('',#1758,#1759);
#1758 = CARTESIAN_POINT('',(1.544577375592E-16,1.469567207913E-15,87.6)
  );
#1759 = VECTOR('',#1760,1.);
#1760 = DIRECTION('',(0.104528463268,0.994521895368,-0.));
#1761 = PCURVE('',#66,#1762);
#1762 = DEFINITIONAL_REPRESENTATION('',(#1763),#1767);
#1763 = LINE('',#1764,#1765);
#1764 = CARTESIAN_POINT('',(2.697703474603E-15,-1.780416369077E-15));
#1765 = VECTOR('',#1766,1.);
#1766 = DIRECTION('',(0.224951054344,0.974370064785));
#1767 = ( GEOMETRIC_REPRESENTATION_CONTEXT(2) 
PARAMETRIC_REPRESENTATION_CONTEXT() REPRESENTATION_CONTEXT('2D SPACE',''
  ) );
#1768 = PCURVE('',#1769,#1774);
#1769 = PLANE('',#1770);
#1770 = AXIS2_PLACEMENT_3D('',#1771,#1772,#1773);
#1771 = CARTESIAN_POINT('',(0.,0.,86.6));
#1772 = DIRECTION('',(0.994521895368,-0.104528463268,0.));
#1773 = DIRECTION('',(-0.104528463268,-0.994521895368,0.));
#1774 = DEFINITIONAL_REPRESENTATION('',(#1775),#1778);
#1775 = B_SPLINE_CURVE_WITH_KNOTS('',1,(#1776,#1777),.UNSPECIFIED.,.F.,
  .F.,(2,2),(-37.20380634385,-1.477661994932E-15),
  .PIECEWISE_BEZIER_KNOTS.);
#1776 = CARTESIAN_POINT('',(37.20380634385,-1.));
#1777 = CARTESIAN_POINT('',(0.,-1.));
#1778 = ( GEOMETRIC_REPRESENTATION_CONTEXT(2) 
PARAMETRIC_REPRESENTATION_CONTEXT() REPRESENTATION_CONTEXT('2D SPACE',''
  ) );
#1779 = ORIENTED_EDGE('',*,*,#1780,.F.);
#1780 = EDGE_CURVE('',#1781,#1754,#1783,.T.);
#1781 = VERTEX_POINT('',#1782);
#1782 = CARTESIAN_POINT('',(-20.84421324561,-25.58356453216,87.6));
#1783 = SURFACE_CURVE('',#1784,(#1789,#1796),.PCURVE_S1.);
#1784 = CIRCLE('',#1785,33.);
#1785 = AXIS2_PLACEMENT_3D('',#1786,#1787,#1788);
#1786 = CARTESIAN_POINT('',(1.736464926059E-13,2.286895437438E-14,87.6)
  );
#1787 = DIRECTION('',(0.,0.,1.));
#1788 = DIRECTION('',(0.994521895368,0.104528463268,-0.));
#1789 = PCURVE('',#66,#1790);
#1790 = DEFINITIONAL_REPRESENTATION('',(#1791),#1795);
#1791 = CIRCLE('',#1792,33.);
#1792 = AXIS2_PLACEMENT_2D('',#1793,#1794);
#1793 = CARTESIAN_POINT('',(1.775044842869E-13,-1.68389736495E-15));
#1794 = DIRECTION('',(0.999847695156,-1.745240643731E-02));
#1795 = ( GEOMETRIC_REPRESENTATION_CONTEXT(2) 
PARAMETRIC_REPRESENTATION_CONTEXT() REPRESENTATION_CONTEXT('2D SPACE',''
  ) );
#1796 = PCURVE('',#1797,#1802);
#1797 = CYLINDRICAL_SURFACE('',#1798,33.);
#1798 = AXIS2_PLACEMENT_3D('',#1799,#1800,#1801);
#1799 = CARTESIAN_POINT('',(1.736464926059E-13,2.286895437438E-14,87.6)
  );
#1800 = DIRECTION('',(0.,-0.,-1.));
#1801 = DIRECTION('',(0.992546151641,0.121869343405,0.));
#1802 = DEFINITIONAL_REPRESENTATION('',(#1803),#1807);
#1803 = LINE('',#1804,#1805);
#1804 = CARTESIAN_POINT('',(-6.26573201466,0.));
#1805 = VECTOR('',#1806,1.);
#1806 = DIRECTION('',(-1.,0.));
#1807 = ( GEOMETRIC_REPRESENTATION_CONTEXT(2) 
PARAMETRIC_REPRESENTATION_CONTEXT() REPRESENTATION_CONTEXT('2D SPACE',''
  ) );
#1808 = ORIENTED_EDGE('',*,*,#1809,.T.);
#1809 = EDGE_CURVE('',#1781,#1810,#1812,.T.);
#1810 = VERTEX_POINT('',#1811);
#1811 = CARTESIAN_POINT('',(-25.58356453216,-20.84421324561,87.6));
#1812 = SURFACE_CURVE('',#1813,(#1818,#1829),.PCURVE_S1.);
#1813 = CIRCLE('',#1814,3.5);
#1814 = AXIS2_PLACEMENT_3D('',#1815,#1816,#1817);
#1815 = CARTESIAN_POINT('',(-22.5,-22.5,87.6));
#1816 = DIRECTION('',(0.,0.,-1.));
#1817 = DIRECTION('',(1.,0.,0.));
#1818 = PCURVE('',#66,#1819);
#1819 = DEFINITIONAL_REPRESENTATION('',(#1820),#1828);
#1820 = ( BOUNDED_CURVE() B_SPLINE_CURVE(2,(#1821,#1822,#1823,#1824,
#1825,#1826,#1827),.UNSPECIFIED.,.T.,.F.) B_SPLINE_CURVE_WITH_KNOTS((1,2
    ,2,2,2,1),(-2.094395102393,0.,2.094395102393,4.188790204786,
6.28318530718,8.377580409573),.UNSPECIFIED.) CURVE() 
GEOMETRIC_REPRESENTATION_ITEM() RATIONAL_B_SPLINE_CURVE((1.,0.5,1.,0.5,
1.,0.5,1.)) REPRESENTATION_ITEM('') );
#1821 = CARTESIAN_POINT('',(-21.6004371078,-20.01677088723));
#1822 = CARTESIAN_POINT('',(-22.33923073912,-26.03376215948));
#1823 = CARTESIAN_POINT('',(-27.18070121957,-22.38545247047));
#1824 = CARTESIAN_POINT('',(-32.02217170003,-18.73714278147));
#1825 = CARTESIAN_POINT('',(-26.44190758825,-16.36846119823));
#1826 = CARTESIAN_POINT('',(-20.86164347648,-13.99977961498));
#1827 = CARTESIAN_POINT('',(-21.6004371078,-20.01677088723));
#1828 = ( GEOMETRIC_REPRESENTATION_CONTEXT(2) 
PARAMETRIC_REPRESENTATION_CONTEXT() REPRESENTATION_CONTEXT('2D SPACE',''
  ) );
#1829 = PCURVE('',#1830,#1835);
#1830 = CYLINDRICAL_SURFACE('',#1831,3.5);
#1831 = AXIS2_PLACEMENT_3D('',#1832,#1833,#1834);
#1832 = CARTESIAN_POINT('',(-22.5,-22.5,31.6));
#1833 = DIRECTION('',(-0.,-0.,-1.));
#1834 = DIRECTION('',(1.,0.,0.));
#1835 = DEFINITIONAL_REPRESENTATION('',(#1836),#1840);
#1836 = LINE('',#1837,#1838);
#1837 = CARTESIAN_POINT('',(-6.28318530718,-56.));
#1838 = VECTOR('',#1839,1.);
#1839 = DIRECTION('',(1.,-0.));
#1840 = ( GEOMETRIC_REPRESENTATION_CONTEXT(2) 
PARAMETRIC_REPRESENTATION_CONTEXT() REPRESENTATION_CONTEXT('2D SPACE',''
  ) );
#1841 = ORIENTED_EDGE('',*,*,#1842,.F.);
#1842 = EDGE_CURVE('',#1843,#1810,#1845,.T.);
#1843 = VERTEX_POINT('',#1844);
#1844 = CARTESIAN_POINT('',(-32.81922254715,-3.449439287832,87.6));
#1845 = SURFACE_CURVE('',#1846,(#1851,#1858),.PCURVE_S1.);
#1846 = CIRCLE('',#1847,33.);
#1847 = AXIS2_PLACEMENT_3D('',#1848,#1849,#1850);
#1848 = CARTESIAN_POINT('',(1.736464926059E-13,2.286895437438E-14,87.6)
  );
#1849 = DIRECTION('',(0.,0.,1.));
#1850 = DIRECTION('',(0.994521895368,0.104528463268,-0.));
#1851 = PCURVE('',#66,#1852);
#1852 = DEFINITIONAL_REPRESENTATION('',(#1853),#1857);
#1853 = CIRCLE('',#1854,33.);
#1854 = AXIS2_PLACEMENT_2D('',#1855,#1856);
#1855 = CARTESIAN_POINT('',(1.775044842869E-13,-1.68389736495E-15));
#1856 = DIRECTION('',(0.999847695156,-1.745240643731E-02));
#1857 = ( GEOMETRIC_REPRESENTATION_CONTEXT(2) 
PARAMETRIC_REPRESENTATION_CONTEXT() REPRESENTATION_CONTEXT('2D SPACE',''
  ) );
#1858 = PCURVE('',#1859,#1864);
#1859 = CYLINDRICAL_SURFACE('',#1860,33.);
#1860 = AXIS2_PLACEMENT_3D('',#1861,#1862,#1863);
#1861 = CARTESIAN_POINT('',(1.736464926059E-13,2.286895437438E-14,87.6)
  );
#1862 = DIRECTION('',(0.,-0.,-1.));
#1863 = DIRECTION('',(0.992546151641,0.121869343405,0.));
#1864 = DEFINITIONAL_REPRESENTATION('',(#1865),#1869);
#1865 = LINE('',#1866,#1867);
#1866 = CARTESIAN_POINT('',(-6.26573201466,0.));
#1867 = VECTOR('',#1868,1.);
#1868 = DIRECTION('',(-1.,0.));
#1869 = ( GEOMETRIC_REPRESENTATION_CONTEXT(2) 
PARAMETRIC_REPRESENTATION_CONTEXT() REPRESENTATION_CONTEXT('2D SPACE',''
  ) );
#1870 = ORIENTED_EDGE('',*,*,#1871,.F.);
#1871 = EDGE_CURVE('',#1872,#1843,#1874,.T.);
#1872 = VERTEX_POINT('',#1873);
#1873 = CARTESIAN_POINT('',(-28.84113496568,-3.031325434762,87.6));
#1874 = SURFACE_CURVE('',#1875,(#1879,#1886),.PCURVE_S1.);
#1875 = LINE('',#1876,#1877);
#1876 = CARTESIAN_POINT('',(-55.19596519293,-5.801329711355,87.6));
#1877 = VECTOR('',#1878,1.);
#1878 = DIRECTION('',(-0.994521895368,-0.104528463268,0.));
#1879 = PCURVE('',#66,#1880);
#1880 = DEFINITIONAL_REPRESENTATION('',(#1881),#1885);
#1881 = LINE('',#1882,#1883);
#1882 = CARTESIAN_POINT('',(-55.49154708118,0.968608557269));
#1883 = VECTOR('',#1884,1.);
#1884 = DIRECTION('',(-0.999847695156,1.745240643728E-02));
#1885 = ( GEOMETRIC_REPRESENTATION_CONTEXT(2) 
PARAMETRIC_REPRESENTATION_CONTEXT() REPRESENTATION_CONTEXT('2D SPACE',''
  ) );
#1886 = PCURVE('',#1887,#1892);
#1887 = PLANE('',#1888);
#1888 = AXIS2_PLACEMENT_3D('',#1889,#1890,#1891);
#1889 = CARTESIAN_POINT('',(-110.3919303858,-11.60265942271,86.6));
#1890 = DIRECTION('',(-0.104528463268,0.994521895368,0.));
#1891 = DIRECTION('',(0.994521895368,0.104528463268,0.));
#1892 = DEFINITIONAL_REPRESENTATION('',(#1893),#1896);
#1893 = B_SPLINE_CURVE_WITH_KNOTS('',1,(#1894,#1895),.UNSPECIFIED.,.F.,
  .F.,(2,2),(-55.5,-18.29619365615),.PIECEWISE_BEZIER_KNOTS.);
#1894 = CARTESIAN_POINT('',(111.,-1.));
#1895 = CARTESIAN_POINT('',(73.79619365615,-1.));
#1896 = ( GEOMETRIC_REPRESENTATION_CONTEXT(2) 
PARAMETRIC_REPRESENTATION_CONTEXT() REPRESENTATION_CONTEXT('2D SPACE',''
  ) );
#1897 = ORIENTED_EDGE('',*,*,#1898,.F.);
#1898 = EDGE_CURVE('',#1899,#1872,#1901,.T.);
#1899 = VERTEX_POINT('',#1900);
#1900 = CARTESIAN_POINT('',(-28.84113496568,3.031325434762,87.6));
#1901 = SURFACE_CURVE('',#1902,(#1907,#1914),.PCURVE_S1.);
#1902 = CIRCLE('',#1903,29.);
#1903 = AXIS2_PLACEMENT_3D('',#1904,#1905,#1906);
#1904 = CARTESIAN_POINT('',(1.75139182436E-13,1.53630861786E-15,87.6));
#1905 = DIRECTION('',(0.,0.,1.));
#1906 = DIRECTION('',(1.,0.,0.));
#1907 = PCURVE('',#66,#1908);
#1908 = DEFINITIONAL_REPRESENTATION('',(#1909),#1913);
#1909 = CIRCLE('',#1910,29.);
#1910 = AXIS2_PLACEMENT_2D('',#1911,#1912);
#1911 = CARTESIAN_POINT('',(1.763862523019E-13,-2.303944594441E-14));
#1912 = DIRECTION('',(0.992546151641,-0.121869343405));
#1913 = ( GEOMETRIC_REPRESENTATION_CONTEXT(2) 
PARAMETRIC_REPRESENTATION_CONTEXT() REPRESENTATION_CONTEXT('2D SPACE',''
  ) );
#1914 = PCURVE('',#1915,#1920);
#1915 = CYLINDRICAL_SURFACE('',#1916,29.);
#1916 = AXIS2_PLACEMENT_3D('',#1917,#1918,#1919);
#1917 = CARTESIAN_POINT('',(1.75139182436E-13,1.53630861786E-15,87.6));
#1918 = DIRECTION('',(-0.,-0.,-1.));
#1919 = DIRECTION('',(1.,0.,0.));
#1920 = DEFINITIONAL_REPRESENTATION('',(#1921),#1925);
#1921 = LINE('',#1922,#1923);
#1922 = CARTESIAN_POINT('',(-0.,0.));
#1923 = VECTOR('',#1924,1.);
#1924 = DIRECTION('',(-1.,0.));
#1925 = ( GEOMETRIC_REPRESENTATION_CONTEXT(2) 
PARAMETRIC_REPRESENTATION_CONTEXT() REPRESENTATION_CONTEXT('2D SPACE',''
  ) );
#1926 = ORIENTED_EDGE('',*,*,#1927,.F.);
#1927 = EDGE_CURVE('',#1928,#1899,#1930,.T.);
#1928 = VERTEX_POINT('',#1929);
#1929 = CARTESIAN_POINT('',(-32.81922254715,3.449439287832,87.6));
#1930 = SURFACE_CURVE('',#1931,(#1935,#1942),.PCURVE_S1.);
#1931 = LINE('',#1932,#1933);
#1932 = CARTESIAN_POINT('',(-1.337108662999E-15,1.405357834916E-16,87.6)
  );
#1933 = VECTOR('',#1934,1.);
#1934 = DIRECTION('',(0.994521895368,-0.104528463268,0.));
#1935 = PCURVE('',#66,#1936);
#1936 = DEFINITIONAL_REPRESENTATION('',(#1937),#1941);
#1937 = LINE('',#1938,#1939);
#1938 = CARTESIAN_POINT('',(1.055286796752E-15,-2.917765176916E-15));
#1939 = VECTOR('',#1940,1.);
#1940 = DIRECTION('',(0.974370064785,-0.224951054344));
#1941 = ( GEOMETRIC_REPRESENTATION_CONTEXT(2) 
PARAMETRIC_REPRESENTATION_CONTEXT() REPRESENTATION_CONTEXT('2D SPACE',''
  ) );
#1942 = PCURVE('',#1943,#1948);
#1943 = PLANE('',#1944);
#1944 = AXIS2_PLACEMENT_3D('',#1945,#1946,#1947);
#1945 = CARTESIAN_POINT('',(0.,0.,86.6));
#1946 = DIRECTION('',(-0.104528463268,-0.994521895368,0.));
#1947 = DIRECTION('',(-0.994521895368,0.104528463268,0.));
#1948 = DEFINITIONAL_REPRESENTATION('',(#1949),#1952);
#1949 = B_SPLINE_CURVE_WITH_KNOTS('',1,(#1950,#1951),.UNSPECIFIED.,.F.,
  .F.,(2,2),(-37.20380634385,1.344473831321E-15),
  .PIECEWISE_BEZIER_KNOTS.);
#1950 = CARTESIAN_POINT('',(37.20380634385,-1.));
#1951 = CARTESIAN_POINT('',(0.,-1.));
#1952 = ( GEOMETRIC_REPRESENTATION_CONTEXT(2) 
PARAMETRIC_REPRESENTATION_CONTEXT() REPRESENTATION_CONTEXT('2D SPACE',''
  ) );
#1953 = ORIENTED_EDGE('',*,*,#1954,.F.);
#1954 = EDGE_CURVE('',#1955,#1928,#1957,.T.);
#1955 = VERTEX_POINT('',#1956);
#1956 = CARTESIAN_POINT('',(-25.58356453216,20.844213245616,87.6));
#1957 = SURFACE_CURVE('',#1958,(#1963,#1970),.PCURVE_S1.);
#1958 = CIRCLE('',#1959,33.);
#1959 = AXIS2_PLACEMENT_3D('',#1960,#1961,#1962);
#1960 = CARTESIAN_POINT('',(1.736464926059E-13,2.286895437438E-14,87.6)
  );
#1961 = DIRECTION('',(0.,0.,1.));
#1962 = DIRECTION('',(0.994521895368,0.104528463268,-0.));
#1963 = PCURVE('',#66,#1964);
#1964 = DEFINITIONAL_REPRESENTATION('',(#1965),#1969);
#1965 = CIRCLE('',#1966,33.);
#1966 = AXIS2_PLACEMENT_2D('',#1967,#1968);
#1967 = CARTESIAN_POINT('',(1.775044842869E-13,-1.68389736495E-15));
#1968 = DIRECTION('',(0.999847695156,-1.745240643731E-02));
#1969 = ( GEOMETRIC_REPRESENTATION_CONTEXT(2) 
PARAMETRIC_REPRESENTATION_CONTEXT() REPRESENTATION_CONTEXT('2D SPACE',''
  ) );
#1970 = PCURVE('',#1971,#1976);
#1971 = CYLINDRICAL_SURFACE('',#1972,33.);
#1972 = AXIS2_PLACEMENT_3D('',#1973,#1974,#1975);
#1973 = CARTESIAN_POINT('',(1.736464926059E-13,2.286895437438E-14,87.6)
  );
#1974 = DIRECTION('',(0.,-0.,-1.));
#1975 = DIRECTION('',(0.992546151641,0.121869343405,0.));
#1976 = DEFINITIONAL_REPRESENTATION('',(#1977),#1981);
#1977 = LINE('',#1978,#1979);
#1978 = CARTESIAN_POINT('',(-6.26573201466,0.));
#1979 = VECTOR('',#1980,1.);
#1980 = DIRECTION('',(-1.,0.));
#1981 = ( GEOMETRIC_REPRESENTATION_CONTEXT(2) 
PARAMETRIC_REPRESENTATION_CONTEXT() REPRESENTATION_CONTEXT('2D SPACE',''
  ) );
#1982 = ORIENTED_EDGE('',*,*,#1983,.T.);
#1983 = EDGE_CURVE('',#1955,#1984,#1986,.T.);
#1984 = VERTEX_POINT('',#1985);
#1985 = CARTESIAN_POINT('',(-20.84421324561,25.583564532162,87.6));
#1986 = SURFACE_CURVE('',#1987,(#1992,#2003),.PCURVE_S1.);
#1987 = CIRCLE('',#1988,3.5);
#1988 = AXIS2_PLACEMENT_3D('',#1989,#1990,#1991);
#1989 = CARTESIAN_POINT('',(-22.5,22.5,87.6));
#1990 = DIRECTION('',(0.,0.,-1.));
#1991 = DIRECTION('',(1.,0.,0.));
#1992 = PCURVE('',#66,#1993);
#1993 = DEFINITIONAL_REPRESENTATION('',(#1994),#2002);
#1994 = ( BOUNDED_CURVE() B_SPLINE_CURVE(2,(#1995,#1996,#1997,#1998,
#1999,#2000,#2001),.UNSPECIFIED.,.T.,.F.) B_SPLINE_CURVE_WITH_KNOTS((1,2
    ,2,2,2,1),(-2.094395102393,0.,2.094395102393,4.188790204786,
6.28318530718,8.377580409573),.UNSPECIFIED.) CURVE() 
GEOMETRIC_REPRESENTATION_ITEM() RATIONAL_B_SPLINE_CURVE((1.,0.5,1.,0.5,
1.,0.5,1.)) REPRESENTATION_ITEM('') );
#1995 = CARTESIAN_POINT('',(-16.11631665456,24.647805936628));
#1996 = CARTESIAN_POINT('',(-16.85511028588,18.630814664378));
#1997 = CARTESIAN_POINT('',(-21.69658076634,22.27912435338));
#1998 = CARTESIAN_POINT('',(-26.5380512468,25.927434042382));
#1999 = CARTESIAN_POINT('',(-20.95778713502,28.296115625629));
#2000 = CARTESIAN_POINT('',(-15.37752302325,30.664797208877));
#2001 = CARTESIAN_POINT('',(-16.11631665456,24.647805936628));
#2002 = ( GEOMETRIC_REPRESENTATION_CONTEXT(2) 
PARAMETRIC_REPRESENTATION_CONTEXT() REPRESENTATION_CONTEXT('2D SPACE',''
  ) );
#2003 = PCURVE('',#2004,#2009);
#2004 = CYLINDRICAL_SURFACE('',#2005,3.5);
#2005 = AXIS2_PLACEMENT_3D('',#2006,#2007,#2008);
#2006 = CARTESIAN_POINT('',(-22.5,22.5,31.6));
#2007 = DIRECTION('',(-0.,-0.,-1.));
#2008 = DIRECTION('',(1.,0.,0.));
#2009 = DEFINITIONAL_REPRESENTATION('',(#2010),#2014);
#2010 = LINE('',#2011,#2012);
#2011 = CARTESIAN_POINT('',(-6.28318530718,-56.));
#2012 = VECTOR('',#2013,1.);
#2013 = DIRECTION('',(1.,-0.));
#2014 = ( GEOMETRIC_REPRESENTATION_CONTEXT(2) 
PARAMETRIC_REPRESENTATION_CONTEXT() REPRESENTATION_CONTEXT('2D SPACE',''
  ) );
#2015 = ORIENTED_EDGE('',*,*,#2016,.F.);
#2016 = EDGE_CURVE('',#2017,#1984,#2019,.T.);
#2017 = VERTEX_POINT('',#2018);
#2018 = CARTESIAN_POINT('',(-3.449439287832,32.819222547153,87.6));
#2019 = SURFACE_CURVE('',#2020,(#2025,#2032),.PCURVE_S1.);
#2020 = CIRCLE('',#2021,33.);
#2021 = AXIS2_PLACEMENT_3D('',#2022,#2023,#2024);
#2022 = CARTESIAN_POINT('',(1.736464926059E-13,2.286895437438E-14,87.6)
  );
#2023 = DIRECTION('',(0.,0.,1.));
#2024 = DIRECTION('',(0.994521895368,0.104528463268,-0.));
#2025 = PCURVE('',#66,#2026);
#2026 = DEFINITIONAL_REPRESENTATION('',(#2027),#2031);
#2027 = CIRCLE('',#2028,33.);
#2028 = AXIS2_PLACEMENT_2D('',#2029,#2030);
#2029 = CARTESIAN_POINT('',(1.775044842869E-13,-1.68389736495E-15));
#2030 = DIRECTION('',(0.999847695156,-1.745240643731E-02));
#2031 = ( GEOMETRIC_REPRESENTATION_CONTEXT(2) 
PARAMETRIC_REPRESENTATION_CONTEXT() REPRESENTATION_CONTEXT('2D SPACE',''
  ) );
#2032 = PCURVE('',#2033,#2038);
#2033 = CYLINDRICAL_SURFACE('',#2034,33.);
#2034 = AXIS2_PLACEMENT_3D('',#2035,#2036,#2037);
#2035 = CARTESIAN_POINT('',(1.736464926059E-13,2.286895437438E-14,87.6)
  );
#2036 = DIRECTION('',(0.,-0.,-1.));
#2037 = DIRECTION('',(0.992546151641,0.121869343405,0.));
#2038 = DEFINITIONAL_REPRESENTATION('',(#2039),#2043);
#2039 = LINE('',#2040,#2041);
#2040 = CARTESIAN_POINT('',(-6.26573201466,0.));
#2041 = VECTOR('',#2042,1.);
#2042 = DIRECTION('',(-1.,0.));
#2043 = ( GEOMETRIC_REPRESENTATION_CONTEXT(2) 
PARAMETRIC_REPRESENTATION_CONTEXT() REPRESENTATION_CONTEXT('2D SPACE',''
  ) );
#2044 = ORIENTED_EDGE('',*,*,#2045,.F.);
#2045 = EDGE_CURVE('',#2046,#2017,#2048,.T.);
#2046 = VERTEX_POINT('',#2047);
#2047 = CARTESIAN_POINT('',(-3.031325434762,28.84113496568,87.6));
#2048 = SURFACE_CURVE('',#2049,(#2053,#2060),.PCURVE_S1.);
#2049 = LINE('',#2050,#2051);
#2050 = CARTESIAN_POINT('',(-5.801329711355,55.195965192939,87.6));
#2051 = VECTOR('',#2052,1.);
#2052 = DIRECTION('',(-0.104528463268,0.994521895368,0.));
#2053 = PCURVE('',#66,#2054);
#2054 = DEFINITIONAL_REPRESENTATION('',(#2055),#2059);
#2055 = LINE('',#2056,#2057);
#2056 = CARTESIAN_POINT('',(0.968608557269,55.49154708118));
#2057 = VECTOR('',#2058,1.);
#2058 = DIRECTION('',(1.745240643728E-02,0.999847695156));
#2059 = ( GEOMETRIC_REPRESENTATION_CONTEXT(2) 
PARAMETRIC_REPRESENTATION_CONTEXT() REPRESENTATION_CONTEXT('2D SPACE',''
  ) );
#2060 = PCURVE('',#2061,#2066);
#2061 = PLANE('',#2062);
#2062 = AXIS2_PLACEMENT_3D('',#2063,#2064,#2065);
#2063 = CARTESIAN_POINT('',(-11.60265942271,110.39193038587,86.6));
#2064 = DIRECTION('',(0.994521895368,0.104528463268,-0.));
#2065 = DIRECTION('',(0.104528463268,-0.994521895368,0.));
#2066 = DEFINITIONAL_REPRESENTATION('',(#2067),#2070);
#2067 = B_SPLINE_CURVE_WITH_KNOTS('',1,(#2068,#2069),.UNSPECIFIED.,.F.,
  .F.,(2,2),(-55.5,-18.29619365615),.PIECEWISE_BEZIER_KNOTS.);
#2068 = CARTESIAN_POINT('',(111.,-1.));
#2069 = CARTESIAN_POINT('',(73.79619365615,-1.));
#2070 = ( GEOMETRIC_REPRESENTATION_CONTEXT(2) 
PARAMETRIC_REPRESENTATION_CONTEXT() REPRESENTATION_CONTEXT('2D SPACE',''
  ) );
#2071 = ORIENTED_EDGE('',*,*,#2072,.F.);
#2072 = EDGE_CURVE('',#2073,#2046,#2075,.T.);
#2073 = VERTEX_POINT('',#2074);
#2074 = CARTESIAN_POINT('',(3.031325434762,28.84113496568,87.6));
#2075 = SURFACE_CURVE('',#2076,(#2081,#2088),.PCURVE_S1.);
#2076 = CIRCLE('',#2077,29.);
#2077 = AXIS2_PLACEMENT_3D('',#2078,#2079,#2080);
#2078 = CARTESIAN_POINT('',(1.75139182436E-13,1.53630861786E-15,87.6));
#2079 = DIRECTION('',(0.,0.,1.));
#2080 = DIRECTION('',(1.,0.,0.));
#2081 = PCURVE('',#66,#2082);
#2082 = DEFINITIONAL_REPRESENTATION('',(#2083),#2087);
#2083 = CIRCLE('',#2084,29.);
#2084 = AXIS2_PLACEMENT_2D('',#2085,#2086);
#2085 = CARTESIAN_POINT('',(1.763862523019E-13,-2.303944594441E-14));
#2086 = DIRECTION('',(0.992546151641,-0.121869343405));
#2087 = ( GEOMETRIC_REPRESENTATION_CONTEXT(2) 
PARAMETRIC_REPRESENTATION_CONTEXT() REPRESENTATION_CONTEXT('2D SPACE',''
  ) );
#2088 = PCURVE('',#2089,#2094);
#2089 = CYLINDRICAL_SURFACE('',#2090,29.);
#2090 = AXIS2_PLACEMENT_3D('',#2091,#2092,#2093);
#2091 = CARTESIAN_POINT('',(1.75139182436E-13,1.53630861786E-15,87.6));
#2092 = DIRECTION('',(-0.,-0.,-1.));
#2093 = DIRECTION('',(1.,0.,0.));
#2094 = DEFINITIONAL_REPRESENTATION('',(#2095),#2099);
#2095 = LINE('',#2096,#2097);
#2096 = CARTESIAN_POINT('',(-0.,0.));
#2097 = VECTOR('',#2098,1.);
#2098 = DIRECTION('',(-1.,0.));
#2099 = ( GEOMETRIC_REPRESENTATION_CONTEXT(2) 
PARAMETRIC_REPRESENTATION_CONTEXT() REPRESENTATION_CONTEXT('2D SPACE',''
  ) );
#2100 = ORIENTED_EDGE('',*,*,#2101,.F.);
#2101 = EDGE_CURVE('',#2102,#2073,#2104,.T.);
#2102 = VERTEX_POINT('',#2103);
#2103 = CARTESIAN_POINT('',(3.449439287832,32.819222547153,87.6));
#2104 = SURFACE_CURVE('',#2105,(#2109,#2116),.PCURVE_S1.);
#2105 = LINE('',#2106,#2107);
#2106 = CARTESIAN_POINT('',(1.544577375592E-16,1.469567207913E-15,87.6)
  );
#2107 = VECTOR('',#2108,1.);
#2108 = DIRECTION('',(-0.104528463268,-0.994521895368,0.));
#2109 = PCURVE('',#66,#2110);
#2110 = DEFINITIONAL_REPRESENTATION('',(#2111),#2115);
#2111 = LINE('',#2112,#2113);
#2112 = CARTESIAN_POINT('',(2.697703474603E-15,-1.780416369077E-15));
#2113 = VECTOR('',#2114,1.);
#2114 = DIRECTION('',(-0.224951054344,-0.974370064785));
#2115 = ( GEOMETRIC_REPRESENTATION_CONTEXT(2) 
PARAMETRIC_REPRESENTATION_CONTEXT() REPRESENTATION_CONTEXT('2D SPACE',''
  ) );
#2116 = PCURVE('',#2117,#2122);
#2117 = PLANE('',#2118);
#2118 = AXIS2_PLACEMENT_3D('',#2119,#2120,#2121);
#2119 = CARTESIAN_POINT('',(0.,0.,86.6));
#2120 = DIRECTION('',(-0.994521895368,0.104528463268,0.));
#2121 = DIRECTION('',(0.104528463268,0.994521895368,0.));
#2122 = DEFINITIONAL_REPRESENTATION('',(#2123),#2126);
#2123 = B_SPLINE_CURVE_WITH_KNOTS('',1,(#2124,#2125),.UNSPECIFIED.,.F.,
  .F.,(2,2),(-37.20380634385,1.477661994932E-15),
  .PIECEWISE_BEZIER_KNOTS.);
#2124 = CARTESIAN_POINT('',(37.20380634385,-1.));
#2125 = CARTESIAN_POINT('',(0.,-1.));
#2126 = ( GEOMETRIC_REPRESENTATION_CONTEXT(2) 
PARAMETRIC_REPRESENTATION_CONTEXT() REPRESENTATION_CONTEXT('2D SPACE',''
  ) );
#2127 = ORIENTED_EDGE('',*,*,#2128,.F.);
#2128 = EDGE_CURVE('',#2129,#2102,#2131,.T.);
#2129 = VERTEX_POINT('',#2130);
#2130 = CARTESIAN_POINT('',(20.844213245616,25.583564532162,87.6));
#2131 = SURFACE_CURVE('',#2132,(#2137,#2144),.PCURVE_S1.);
#2132 = CIRCLE('',#2133,33.);
#2133 = AXIS2_PLACEMENT_3D('',#2134,#2135,#2136);
#2134 = CARTESIAN_POINT('',(1.736464926059E-13,2.286895437438E-14,87.6)
  );
#2135 = DIRECTION('',(0.,0.,1.));
#2136 = DIRECTION('',(0.994521895368,0.104528463268,-0.));
#2137 = PCURVE('',#66,#2138);
#2138 = DEFINITIONAL_REPRESENTATION('',(#2139),#2143);
#2139 = CIRCLE('',#2140,33.);
#2140 = AXIS2_PLACEMENT_2D('',#2141,#2142);
#2141 = CARTESIAN_POINT('',(1.775044842869E-13,-1.68389736495E-15));
#2142 = DIRECTION('',(0.999847695156,-1.745240643731E-02));
#2143 = ( GEOMETRIC_REPRESENTATION_CONTEXT(2) 
PARAMETRIC_REPRESENTATION_CONTEXT() REPRESENTATION_CONTEXT('2D SPACE',''
  ) );
#2144 = PCURVE('',#2145,#2150);
#2145 = CYLINDRICAL_SURFACE('',#2146,33.);
#2146 = AXIS2_PLACEMENT_3D('',#2147,#2148,#2149);
#2147 = CARTESIAN_POINT('',(1.736464926059E-13,2.286895437438E-14,87.6)
  );
#2148 = DIRECTION('',(0.,-0.,-1.));
#2149 = DIRECTION('',(0.992546151641,0.121869343405,0.));
#2150 = DEFINITIONAL_REPRESENTATION('',(#2151),#2155);
#2151 = LINE('',#2152,#2153);
#2152 = CARTESIAN_POINT('',(-6.26573201466,0.));
#2153 = VECTOR('',#2154,1.);
#2154 = DIRECTION('',(-1.,0.));
#2155 = ( GEOMETRIC_REPRESENTATION_CONTEXT(2) 
PARAMETRIC_REPRESENTATION_CONTEXT() REPRESENTATION_CONTEXT('2D SPACE',''
  ) );
#2156 = ORIENTED_EDGE('',*,*,#2157,.T.);
#2157 = EDGE_CURVE('',#2129,#2158,#2160,.T.);
#2158 = VERTEX_POINT('',#2159);
#2159 = CARTESIAN_POINT('',(26.,22.5,87.6));
#2160 = SURFACE_CURVE('',#2161,(#2166,#2177),.PCURVE_S1.);
#2161 = CIRCLE('',#2162,3.5);
#2162 = AXIS2_PLACEMENT_3D('',#2163,#2164,#2165);
#2163 = CARTESIAN_POINT('',(22.5,22.5,87.6));
#2164 = DIRECTION('',(0.,0.,-1.));
#2165 = DIRECTION('',(1.,0.,0.));
#2166 = PCURVE('',#66,#2167);
#2167 = DEFINITIONAL_REPRESENTATION('',(#2168),#2176);
#2168 = ( BOUNDED_CURVE() B_SPLINE_CURVE(2,(#2169,#2170,#2171,#2172,
#2173,#2174,#2175),.UNSPECIFIED.,.T.,.F.) B_SPLINE_CURVE_WITH_KNOTS((1,2
    ,2,2,2,1),(-2.094395102393,0.,2.094395102393,4.188790204786,
6.28318530718,8.377580409573),.UNSPECIFIED.) CURVE() 
GEOMETRIC_REPRESENTATION_ITEM() RATIONAL_B_SPLINE_CURVE((1.,0.5,1.,0.5,
1.,0.5,1.)) REPRESENTATION_ITEM('') );
#2169 = CARTESIAN_POINT('',(28.54826016929,19.163685483396));
#2170 = CARTESIAN_POINT('',(27.80946653797,13.146694211147));
#2171 = CARTESIAN_POINT('',(22.967996057513,16.795003900148));
#2172 = CARTESIAN_POINT('',(18.126525577056,20.44331358915));
#2173 = CARTESIAN_POINT('',(23.706789688833,22.811995172397));
#2174 = CARTESIAN_POINT('',(29.28705380061,25.180676755645));
#2175 = CARTESIAN_POINT('',(28.54826016929,19.163685483396));
#2176 = ( GEOMETRIC_REPRESENTATION_CONTEXT(2) 
PARAMETRIC_REPRESENTATION_CONTEXT() REPRESENTATION_CONTEXT('2D SPACE',''
  ) );
#2177 = PCURVE('',#2178,#2183);
#2178 = CYLINDRICAL_SURFACE('',#2179,3.5);
#2179 = AXIS2_PLACEMENT_3D('',#2180,#2181,#2182);
#2180 = CARTESIAN_POINT('',(22.5,22.5,31.6));
#2181 = DIRECTION('',(-0.,-0.,-1.));
#2182 = DIRECTION('',(1.,0.,0.));
#2183 = DEFINITIONAL_REPRESENTATION('',(#2184),#2188);
#2184 = LINE('',#2185,#2186);
#2185 = CARTESIAN_POINT('',(-6.28318530718,-56.));
#2186 = VECTOR('',#2187,1.);
#2187 = DIRECTION('',(1.,-0.));
#2188 = ( GEOMETRIC_REPRESENTATION_CONTEXT(2) 
PARAMETRIC_REPRESENTATION_CONTEXT() REPRESENTATION_CONTEXT('2D SPACE',''
  ) );
#2189 = ORIENTED_EDGE('',*,*,#2190,.T.);
#2190 = EDGE_CURVE('',#2158,#2191,#2193,.T.);
#2191 = VERTEX_POINT('',#2192);
#2192 = CARTESIAN_POINT('',(25.583564532162,20.844213245616,87.6));
#2193 = SURFACE_CURVE('',#2194,(#2199,#2210),.PCURVE_S1.);
#2194 = CIRCLE('',#2195,3.5);
#2195 = AXIS2_PLACEMENT_3D('',#2196,#2197,#2198);
#2196 = CARTESIAN_POINT('',(22.5,22.5,87.6));
#2197 = DIRECTION('',(0.,0.,-1.));
#2198 = DIRECTION('',(1.,0.,0.));
#2199 = PCURVE('',#66,#2200);
#2200 = DEFINITIONAL_REPRESENTATION('',(#2201),#2209);
#2201 = ( BOUNDED_CURVE() B_SPLINE_CURVE(2,(#2202,#2203,#2204,#2205,
#2206,#2207,#2208),.UNSPECIFIED.,.T.,.F.) B_SPLINE_CURVE_WITH_KNOTS((1,2
    ,2,2,2,1),(-2.094395102393,0.,2.094395102393,4.188790204786,
6.28318530718,8.377580409573),.UNSPECIFIED.) CURVE() 
GEOMETRIC_REPRESENTATION_ITEM() RATIONAL_B_SPLINE_CURVE((1.,0.5,1.,0.5,
1.,0.5,1.)) REPRESENTATION_ITEM('') );
#2202 = CARTESIAN_POINT('',(28.54826016929,19.163685483396));
#2203 = CARTESIAN_POINT('',(27.80946653797,13.146694211147));
#2204 = CARTESIAN_POINT('',(22.967996057513,16.795003900148));
#2205 = CARTESIAN_POINT('',(18.126525577056,20.44331358915));
#2206 = CARTESIAN_POINT('',(23.706789688833,22.811995172397));
#2207 = CARTESIAN_POINT('',(29.28705380061,25.180676755645));
#2208 = CARTESIAN_POINT('',(28.54826016929,19.163685483396));
#2209 = ( GEOMETRIC_REPRESENTATION_CONTEXT(2) 
PARAMETRIC_REPRESENTATION_CONTEXT() REPRESENTATION_CONTEXT('2D SPACE',''
  ) );
#2210 = PCURVE('',#2178,#2211);
#2211 = DEFINITIONAL_REPRESENTATION('',(#2212),#2216);
#2212 = LINE('',#2213,#2214);
#2213 = CARTESIAN_POINT('',(-6.28318530718,-56.));
#2214 = VECTOR('',#2215,1.);
#2215 = DIRECTION('',(1.,-0.));
#2216 = ( GEOMETRIC_REPRESENTATION_CONTEXT(2) 
PARAMETRIC_REPRESENTATION_CONTEXT() REPRESENTATION_CONTEXT('2D SPACE',''
  ) );
#2217 = ORIENTED_EDGE('',*,*,#2218,.F.);
#2218 = EDGE_CURVE('',#2219,#2191,#2221,.T.);
#2219 = VERTEX_POINT('',#2220);
#2220 = CARTESIAN_POINT('',(32.819222547153,3.449439287832,87.6));
#2221 = SURFACE_CURVE('',#2222,(#2227,#2234),.PCURVE_S1.);
#2222 = CIRCLE('',#2223,33.);
#2223 = AXIS2_PLACEMENT_3D('',#2224,#2225,#2226);
#2224 = CARTESIAN_POINT('',(1.736464926059E-13,2.286895437438E-14,87.6)
  );
#2225 = DIRECTION('',(0.,0.,1.));
#2226 = DIRECTION('',(0.994521895368,0.104528463268,-0.));
#2227 = PCURVE('',#66,#2228);
#2228 = DEFINITIONAL_REPRESENTATION('',(#2229),#2233);
#2229 = CIRCLE('',#2230,33.);
#2230 = AXIS2_PLACEMENT_2D('',#2231,#2232);
#2231 = CARTESIAN_POINT('',(1.775044842869E-13,-1.68389736495E-15));
#2232 = DIRECTION('',(0.999847695156,-1.745240643731E-02));
#2233 = ( GEOMETRIC_REPRESENTATION_CONTEXT(2) 
PARAMETRIC_REPRESENTATION_CONTEXT() REPRESENTATION_CONTEXT('2D SPACE',''
  ) );
#2234 = PCURVE('',#2235,#2240);
#2235 = CYLINDRICAL_SURFACE('',#2236,33.);
#2236 = AXIS2_PLACEMENT_3D('',#2237,#2238,#2239);
#2237 = CARTESIAN_POINT('',(1.736464926059E-13,2.286895437438E-14,87.6)
  );
#2238 = DIRECTION('',(0.,-0.,-1.));
#2239 = DIRECTION('',(0.992546151641,0.121869343405,0.));
#2240 = DEFINITIONAL_REPRESENTATION('',(#2241),#2245);
#2241 = LINE('',#2242,#2243);
#2242 = CARTESIAN_POINT('',(-6.26573201466,0.));
#2243 = VECTOR('',#2244,1.);
#2244 = DIRECTION('',(-1.,0.));
#2245 = ( GEOMETRIC_REPRESENTATION_CONTEXT(2) 
PARAMETRIC_REPRESENTATION_CONTEXT() REPRESENTATION_CONTEXT('2D SPACE',''
  ) );
#2246 = ORIENTED_EDGE('',*,*,#2247,.F.);
#2247 = EDGE_CURVE('',#2248,#2219,#2250,.T.);
#2248 = VERTEX_POINT('',#2249);
#2249 = CARTESIAN_POINT('',(28.84113496568,3.031325434762,87.6));
#2250 = SURFACE_CURVE('',#2251,(#2255,#2262),.PCURVE_S1.);
#2251 = LINE('',#2252,#2253);
#2252 = CARTESIAN_POINT('',(55.195965192939,5.801329711355,87.6));
#2253 = VECTOR('',#2254,1.);
#2254 = DIRECTION('',(0.994521895368,0.104528463268,-0.));
#2255 = PCURVE('',#66,#2256);
#2256 = DEFINITIONAL_REPRESENTATION('',(#2257),#2261);
#2257 = LINE('',#2258,#2259);
#2258 = CARTESIAN_POINT('',(55.49154708118,-0.968608557269));
#2259 = VECTOR('',#2260,1.);
#2260 = DIRECTION('',(0.999847695156,-1.745240643728E-02));
#2261 = ( GEOMETRIC_REPRESENTATION_CONTEXT(2) 
PARAMETRIC_REPRESENTATION_CONTEXT() REPRESENTATION_CONTEXT('2D SPACE',''
  ) );
#2262 = PCURVE('',#2263,#2268);
#2263 = PLANE('',#2264);
#2264 = AXIS2_PLACEMENT_3D('',#2265,#2266,#2267);
#2265 = CARTESIAN_POINT('',(110.39193038587,11.60265942271,86.6));
#2266 = DIRECTION('',(0.104528463268,-0.994521895368,0.));
#2267 = DIRECTION('',(-0.994521895368,-0.104528463268,0.));
#2268 = DEFINITIONAL_REPRESENTATION('',(#2269),#2272);
#2269 = B_SPLINE_CURVE_WITH_KNOTS('',1,(#2270,#2271),.UNSPECIFIED.,.F.,
  .F.,(2,2),(-55.5,-18.29619365615),.PIECEWISE_BEZIER_KNOTS.);
#2270 = CARTESIAN_POINT('',(111.,-1.));
#2271 = CARTESIAN_POINT('',(73.79619365615,-1.));
#2272 = ( GEOMETRIC_REPRESENTATION_CONTEXT(2) 
PARAMETRIC_REPRESENTATION_CONTEXT() REPRESENTATION_CONTEXT('2D SPACE',''
  ) );
#2273 = ORIENTED_EDGE('',*,*,#2274,.F.);
#2274 = EDGE_CURVE('',#2275,#2248,#2277,.T.);
#2275 = VERTEX_POINT('',#2276);
#2276 = CARTESIAN_POINT('',(28.84113496568,-3.031325434762,87.6));
#2277 = SURFACE_CURVE('',#2278,(#2283,#2290),.PCURVE_S1.);
#2278 = CIRCLE('',#2279,29.);
#2279 = AXIS2_PLACEMENT_3D('',#2280,#2281,#2282);
#2280 = CARTESIAN_POINT('',(1.75139182436E-13,1.53630861786E-15,87.6));
#2281 = DIRECTION('',(0.,0.,1.));
#2282 = DIRECTION('',(0.994521895368,-0.104528463268,0.));
#2283 = PCURVE('',#66,#2284);
#2284 = DEFINITIONAL_REPRESENTATION('',(#2285),#2289);
#2285 = CIRCLE('',#2286,29.);
#2286 = AXIS2_PLACEMENT_2D('',#2287,#2288);
#2287 = CARTESIAN_POINT('',(1.763862523019E-13,-2.303944594441E-14));
#2288 = DIRECTION('',(0.974370064785,-0.224951054344));
#2289 = ( GEOMETRIC_REPRESENTATION_CONTEXT(2) 
PARAMETRIC_REPRESENTATION_CONTEXT() REPRESENTATION_CONTEXT('2D SPACE',''
  ) );
#2290 = PCURVE('',#2291,#2296);
#2291 = CYLINDRICAL_SURFACE('',#2292,29.);
#2292 = AXIS2_PLACEMENT_3D('',#2293,#2294,#2295);
#2293 = CARTESIAN_POINT('',(1.75139182436E-13,1.53630861786E-15,87.6));
#2294 = DIRECTION('',(-0.,-0.,-1.));
#2295 = DIRECTION('',(1.,0.,0.));
#2296 = DEFINITIONAL_REPRESENTATION('',(#2297),#2301);
#2297 = LINE('',#2298,#2299);
#2298 = CARTESIAN_POINT('',(-6.17846555206,0.));
#2299 = VECTOR('',#2300,1.);
#2300 = DIRECTION('',(-1.,0.));
#2301 = ( GEOMETRIC_REPRESENTATION_CONTEXT(2) 
PARAMETRIC_REPRESENTATION_CONTEXT() REPRESENTATION_CONTEXT('2D SPACE',''
  ) );
#2302 = ORIENTED_EDGE('',*,*,#2303,.F.);
#2303 = EDGE_CURVE('',#2304,#2275,#2306,.T.);
#2304 = VERTEX_POINT('',#2305);
#2305 = CARTESIAN_POINT('',(32.819222547153,-3.449439287832,87.6));
#2306 = SURFACE_CURVE('',#2307,(#2311,#2318),.PCURVE_S1.);
#2307 = LINE('',#2308,#2309);
#2308 = CARTESIAN_POINT('',(-1.337108662999E-15,1.405357834916E-16,87.6)
  );
#2309 = VECTOR('',#2310,1.);
#2310 = DIRECTION('',(-0.994521895368,0.104528463268,0.));
#2311 = PCURVE('',#66,#2312);
#2312 = DEFINITIONAL_REPRESENTATION('',(#2313),#2317);
#2313 = LINE('',#2314,#2315);
#2314 = CARTESIAN_POINT('',(1.055286796752E-15,-2.917765176916E-15));
#2315 = VECTOR('',#2316,1.);
#2316 = DIRECTION('',(-0.974370064785,0.224951054344));
#2317 = ( GEOMETRIC_REPRESENTATION_CONTEXT(2) 
PARAMETRIC_REPRESENTATION_CONTEXT() REPRESENTATION_CONTEXT('2D SPACE',''
  ) );
#2318 = PCURVE('',#2319,#2324);
#2319 = PLANE('',#2320);
#2320 = AXIS2_PLACEMENT_3D('',#2321,#2322,#2323);
#2321 = CARTESIAN_POINT('',(0.,0.,86.6));
#2322 = DIRECTION('',(0.104528463268,0.994521895368,-0.));
#2323 = DIRECTION('',(0.994521895368,-0.104528463268,0.));
#2324 = DEFINITIONAL_REPRESENTATION('',(#2325),#2328);
#2325 = B_SPLINE_CURVE_WITH_KNOTS('',1,(#2326,#2327),.UNSPECIFIED.,.F.,
  .F.,(2,2),(-37.20380634385,-1.344473831321E-15),
  .PIECEWISE_BEZIER_KNOTS.);
#2326 = CARTESIAN_POINT('',(37.20380634385,-1.));
#2327 = CARTESIAN_POINT('',(0.,-1.));
#2328 = ( GEOMETRIC_REPRESENTATION_CONTEXT(2) 
PARAMETRIC_REPRESENTATION_CONTEXT() REPRESENTATION_CONTEXT('2D SPACE',''
  ) );
#2329 = ORIENTED_EDGE('',*,*,#2330,.F.);
#2330 = EDGE_CURVE('',#2331,#2304,#2333,.T.);
#2331 = VERTEX_POINT('',#2332);
#2332 = CARTESIAN_POINT('',(25.583564532162,-20.84421324561,87.6));
#2333 = SURFACE_CURVE('',#2334,(#2339,#2346),.PCURVE_S1.);
#2334 = CIRCLE('',#2335,33.);
#2335 = AXIS2_PLACEMENT_3D('',#2336,#2337,#2338);
#2336 = CARTESIAN_POINT('',(1.736464926059E-13,2.286895437438E-14,87.6)
  );
#2337 = DIRECTION('',(0.,0.,1.));
#2338 = DIRECTION('',(0.994521895368,0.104528463268,-0.));
#2339 = PCURVE('',#66,#2340);
#2340 = DEFINITIONAL_REPRESENTATION('',(#2341),#2345);
#2341 = CIRCLE('',#2342,33.);
#2342 = AXIS2_PLACEMENT_2D('',#2343,#2344);
#2343 = CARTESIAN_POINT('',(1.775044842869E-13,-1.68389736495E-15));
#2344 = DIRECTION('',(0.999847695156,-1.745240643731E-02));
#2345 = ( GEOMETRIC_REPRESENTATION_CONTEXT(2) 
PARAMETRIC_REPRESENTATION_CONTEXT() REPRESENTATION_CONTEXT('2D SPACE',''
  ) );
#2346 = PCURVE('',#2347,#2352);
#2347 = CYLINDRICAL_SURFACE('',#2348,33.);
#2348 = AXIS2_PLACEMENT_3D('',#2349,#2350,#2351);
#2349 = CARTESIAN_POINT('',(1.736464926059E-13,2.286895437438E-14,87.6)
  );
#2350 = DIRECTION('',(0.,-0.,-1.));
#2351 = DIRECTION('',(0.992546151641,0.121869343405,0.));
#2352 = DEFINITIONAL_REPRESENTATION('',(#2353),#2357);
#2353 = LINE('',#2354,#2355);
#2354 = CARTESIAN_POINT('',(-6.26573201466,0.));
#2355 = VECTOR('',#2356,1.);
#2356 = DIRECTION('',(-1.,0.));
#2357 = ( GEOMETRIC_REPRESENTATION_CONTEXT(2) 
PARAMETRIC_REPRESENTATION_CONTEXT() REPRESENTATION_CONTEXT('2D SPACE',''
  ) );
#2358 = ORIENTED_EDGE('',*,*,#2359,.T.);
#2359 = EDGE_CURVE('',#2331,#2360,#2362,.T.);
#2360 = VERTEX_POINT('',#2361);
#2361 = CARTESIAN_POINT('',(26.,-22.5,87.6));
#2362 = SURFACE_CURVE('',#2363,(#2368,#2379),.PCURVE_S1.);
#2363 = CIRCLE('',#2364,3.5);
#2364 = AXIS2_PLACEMENT_3D('',#2365,#2366,#2367);
#2365 = CARTESIAN_POINT('',(22.5,-22.5,87.6));
#2366 = DIRECTION('',(0.,0.,-1.));
#2367 = DIRECTION('',(1.,0.,0.));
#2368 = PCURVE('',#66,#2369);
#2369 = DEFINITIONAL_REPRESENTATION('',(#2370),#2378);
#2370 = ( BOUNDED_CURVE() B_SPLINE_CURVE(2,(#2371,#2372,#2373,#2374,
#2375,#2376,#2377),.UNSPECIFIED.,.T.,.F.) B_SPLINE_CURVE_WITH_KNOTS((1,2
    ,2,2,2,1),(-2.094395102393,0.,2.094395102393,4.188790204786,
6.28318530718,8.377580409573),.UNSPECIFIED.) CURVE() 
GEOMETRIC_REPRESENTATION_ITEM() RATIONAL_B_SPLINE_CURVE((1.,0.5,1.,0.5,
1.,0.5,1.)) REPRESENTATION_ITEM('') );
#2371 = CARTESIAN_POINT('',(23.064139716059,-25.50089134046));
#2372 = CARTESIAN_POINT('',(22.325346084739,-31.51788261271));
#2373 = CARTESIAN_POINT('',(17.483875604282,-27.86957292371));
#2374 = CARTESIAN_POINT('',(12.642405123825,-24.22126323471));
#2375 = CARTESIAN_POINT('',(18.222669235601,-21.85258165146));
#2376 = CARTESIAN_POINT('',(23.802933347378,-19.48390006821));
#2377 = CARTESIAN_POINT('',(23.064139716059,-25.50089134046));
#2378 = ( GEOMETRIC_REPRESENTATION_CONTEXT(2) 
PARAMETRIC_REPRESENTATION_CONTEXT() REPRESENTATION_CONTEXT('2D SPACE',''
  ) );
#2379 = PCURVE('',#2380,#2385);
#2380 = CYLINDRICAL_SURFACE('',#2381,3.5);
#2381 = AXIS2_PLACEMENT_3D('',#2382,#2383,#2384);
#2382 = CARTESIAN_POINT('',(22.5,-22.5,31.6));
#2383 = DIRECTION('',(-0.,-0.,-1.));
#2384 = DIRECTION('',(1.,0.,0.));
#2385 = DEFINITIONAL_REPRESENTATION('',(#2386),#2390);
#2386 = LINE('',#2387,#2388);
#2387 = CARTESIAN_POINT('',(-6.28318530718,-56.));
#2388 = VECTOR('',#2389,1.);
#2389 = DIRECTION('',(1.,-0.));
#2390 = ( GEOMETRIC_REPRESENTATION_CONTEXT(2) 
PARAMETRIC_REPRESENTATION_CONTEXT() REPRESENTATION_CONTEXT('2D SPACE',''
  ) );
#2391 = ORIENTED_EDGE('',*,*,#2392,.T.);
#2392 = EDGE_CURVE('',#2360,#1669,#2393,.T.);
#2393 = SURFACE_CURVE('',#2394,(#2399,#2410),.PCURVE_S1.);
#2394 = CIRCLE('',#2395,3.5);
#2395 = AXIS2_PLACEMENT_3D('',#2396,#2397,#2398);
#2396 = CARTESIAN_POINT('',(22.5,-22.5,87.6));
#2397 = DIRECTION('',(0.,0.,-1.));
#2398 = DIRECTION('',(1.,0.,0.));
#2399 = PCURVE('',#66,#2400);
#2400 = DEFINITIONAL_REPRESENTATION('',(#2401),#2409);
#2401 = ( BOUNDED_CURVE() B_SPLINE_CURVE(2,(#2402,#2403,#2404,#2405,
#2406,#2407,#2408),.UNSPECIFIED.,.T.,.F.) B_SPLINE_CURVE_WITH_KNOTS((1,2
    ,2,2,2,1),(-2.094395102393,0.,2.094395102393,4.188790204786,
6.28318530718,8.377580409573),.UNSPECIFIED.) CURVE() 
GEOMETRIC_REPRESENTATION_ITEM() RATIONAL_B_SPLINE_CURVE((1.,0.5,1.,0.5,
1.,0.5,1.)) REPRESENTATION_ITEM('') );
#2402 = CARTESIAN_POINT('',(23.064139716059,-25.50089134046));
#2403 = CARTESIAN_POINT('',(22.325346084739,-31.51788261271));
#2404 = CARTESIAN_POINT('',(17.483875604282,-27.86957292371));
#2405 = CARTESIAN_POINT('',(12.642405123825,-24.22126323471));
#2406 = CARTESIAN_POINT('',(18.222669235601,-21.85258165146));
#2407 = CARTESIAN_POINT('',(23.802933347378,-19.48390006821));
#2408 = CARTESIAN_POINT('',(23.064139716059,-25.50089134046));
#2409 = ( GEOMETRIC_REPRESENTATION_CONTEXT(2) 
PARAMETRIC_REPRESENTATION_CONTEXT() REPRESENTATION_CONTEXT('2D SPACE',''
  ) );
#2410 = PCURVE('',#2380,#2411);
#2411 = DEFINITIONAL_REPRESENTATION('',(#2412),#2416);
#2412 = LINE('',#2413,#2414);
#2413 = CARTESIAN_POINT('',(-6.28318530718,-56.));
#2414 = VECTOR('',#2415,1.);
#2415 = DIRECTION('',(1.,-0.));
#2416 = ( GEOMETRIC_REPRESENTATION_CONTEXT(2) 
PARAMETRIC_REPRESENTATION_CONTEXT() REPRESENTATION_CONTEXT('2D SPACE',''
  ) );
#2417 = ADVANCED_FACE('',(#2418),#326,.F.);
#2418 = FACE_BOUND('',#2419,.T.);
#2419 = EDGE_LOOP('',(#2420,#2449,#2470,#2471));
#2420 = ORIENTED_EDGE('',*,*,#2421,.F.);
#2421 = EDGE_CURVE('',#2422,#2422,#2424,.T.);
#2422 = VERTEX_POINT('',#2423);
#2423 = CARTESIAN_POINT('',(-2.,31.,91.6));
#2424 = SURFACE_CURVE('',#2425,(#2430,#2437),.PCURVE_S1.);
#2425 = CIRCLE('',#2426,2.);
#2426 = AXIS2_PLACEMENT_3D('',#2427,#2428,#2429);
#2427 = CARTESIAN_POINT('',(3.441691376338E-15,31.,91.6));
#2428 = DIRECTION('',(1.110223024625E-16,1.,-0.));
#2429 = DIRECTION('',(-1.,1.110223024625E-16,0.));
#2430 = PCURVE('',#326,#2431);
#2431 = DEFINITIONAL_REPRESENTATION('',(#2432),#2436);
#2432 = LINE('',#2433,#2434);
#2433 = CARTESIAN_POINT('',(-0.,0.));
#2434 = VECTOR('',#2435,1.);
#2435 = DIRECTION('',(-1.,0.));
#2436 = ( GEOMETRIC_REPRESENTATION_CONTEXT(2) 
PARAMETRIC_REPRESENTATION_CONTEXT() REPRESENTATION_CONTEXT('2D SPACE',''
  ) );
#2437 = PCURVE('',#2438,#2443);
#2438 = PLANE('',#2439);
#2439 = AXIS2_PLACEMENT_3D('',#2440,#2441,#2442);
#2440 = CARTESIAN_POINT('',(3.569888888764E-15,31.,91.6));
#2441 = DIRECTION('',(1.110223024625E-16,1.,0.));
#2442 = DIRECTION('',(0.,0.,1.));
#2443 = DEFINITIONAL_REPRESENTATION('',(#2444),#2448);
#2444 = CIRCLE('',#2445,2.);
#2445 = AXIS2_PLACEMENT_2D('',#2446,#2447);
#2446 = CARTESIAN_POINT('',(0.,-1.281975124256E-16));
#2447 = DIRECTION('',(0.,-1.));
#2448 = ( GEOMETRIC_REPRESENTATION_CONTEXT(2) 
PARAMETRIC_REPRESENTATION_CONTEXT() REPRESENTATION_CONTEXT('2D SPACE',''
  ) );
#2449 = ORIENTED_EDGE('',*,*,#2450,.T.);
#2450 = EDGE_CURVE('',#2422,#215,#2451,.T.);
#2451 = SEAM_CURVE('',#2452,(#2456,#2463),.PCURVE_S1.);
#2452 = LINE('',#2453,#2454);
#2453 = CARTESIAN_POINT('',(-2.,31.,91.6));
#2454 = VECTOR('',#2455,1.);
#2455 = DIRECTION('',(1.110223024625E-16,1.,0.));
#2456 = PCURVE('',#326,#2457);
#2457 = DEFINITIONAL_REPRESENTATION('',(#2458),#2462);
#2458 = LINE('',#2459,#2460);
#2459 = CARTESIAN_POINT('',(-6.28318530718,0.));
#2460 = VECTOR('',#2461,1.);
#2461 = DIRECTION('',(-0.,-1.));
#2462 = ( GEOMETRIC_REPRESENTATION_CONTEXT(2) 
PARAMETRIC_REPRESENTATION_CONTEXT() REPRESENTATION_CONTEXT('2D SPACE',''
  ) );
#2463 = PCURVE('',#326,#2464);
#2464 = DEFINITIONAL_REPRESENTATION('',(#2465),#2469);
#2465 = LINE('',#2466,#2467);
#2466 = CARTESIAN_POINT('',(-0.,0.));
#2467 = VECTOR('',#2468,1.);
#2468 = DIRECTION('',(-0.,-1.));
#2469 = ( GEOMETRIC_REPRESENTATION_CONTEXT(2) 
PARAMETRIC_REPRESENTATION_CONTEXT() REPRESENTATION_CONTEXT('2D SPACE',''
  ) );
#2470 = ORIENTED_EDGE('',*,*,#214,.T.);
#2471 = ORIENTED_EDGE('',*,*,#2450,.F.);
#2472 = ADVANCED_FACE('',(#2473),#500,.F.);
#2473 = FACE_BOUND('',#2474,.T.);
#2474 = EDGE_LOOP('',(#2475,#2504,#2525,#2526));
#2475 = ORIENTED_EDGE('',*,*,#2476,.F.);
#2476 = EDGE_CURVE('',#2477,#2477,#2479,.T.);
#2477 = VERTEX_POINT('',#2478);
#2478 = CARTESIAN_POINT('',(-31.,-2.,91.6));
#2479 = SURFACE_CURVE('',#2480,(#2485,#2492),.PCURVE_S1.);
#2480 = CIRCLE('',#2481,2.);
#2481 = AXIS2_PLACEMENT_3D('',#2482,#2483,#2484);
#2482 = CARTESIAN_POINT('',(-31.,3.796405077357E-15,91.6));
#2483 = DIRECTION('',(-1.,1.224646799147E-16,0.));
#2484 = DIRECTION('',(-1.224646799147E-16,-1.,0.));
#2485 = PCURVE('',#500,#2486);
#2486 = DEFINITIONAL_REPRESENTATION('',(#2487),#2491);
#2487 = LINE('',#2488,#2489);
#2488 = CARTESIAN_POINT('',(-0.,0.));
#2489 = VECTOR('',#2490,1.);
#2490 = DIRECTION('',(-1.,0.));
#2491 = ( GEOMETRIC_REPRESENTATION_CONTEXT(2) 
PARAMETRIC_REPRESENTATION_CONTEXT() REPRESENTATION_CONTEXT('2D SPACE',''
  ) );
#2492 = PCURVE('',#2493,#2498);
#2493 = PLANE('',#2494);
#2494 = AXIS2_PLACEMENT_3D('',#2495,#2496,#2497);
#2495 = CARTESIAN_POINT('',(-31.,3.924602589782E-15,91.6));
#2496 = DIRECTION('',(-1.,1.224646799147E-16,0.));
#2497 = DIRECTION('',(0.,0.,1.));
#2498 = DEFINITIONAL_REPRESENTATION('',(#2499),#2503);
#2499 = CIRCLE('',#2500,2.);
#2500 = AXIS2_PLACEMENT_2D('',#2501,#2502);
#2501 = CARTESIAN_POINT('',(0.,-1.281975124256E-16));
#2502 = DIRECTION('',(0.,-1.));
#2503 = ( GEOMETRIC_REPRESENTATION_CONTEXT(2) 
PARAMETRIC_REPRESENTATION_CONTEXT() REPRESENTATION_CONTEXT('2D SPACE',''
  ) );
#2504 = ORIENTED_EDGE('',*,*,#2505,.T.);
#2505 = EDGE_CURVE('',#2477,#389,#2506,.T.);
#2506 = SEAM_CURVE('',#2507,(#2511,#2518),.PCURVE_S1.);
#2507 = LINE('',#2508,#2509);
#2508 = CARTESIAN_POINT('',(-31.,-2.,91.6));
#2509 = VECTOR('',#2510,1.);
#2510 = DIRECTION('',(-1.,1.224646799147E-16,0.));
#2511 = PCURVE('',#500,#2512);
#2512 = DEFINITIONAL_REPRESENTATION('',(#2513),#2517);
#2513 = LINE('',#2514,#2515);
#2514 = CARTESIAN_POINT('',(-6.28318530718,0.));
#2515 = VECTOR('',#2516,1.);
#2516 = DIRECTION('',(-0.,-1.));
#2517 = ( GEOMETRIC_REPRESENTATION_CONTEXT(2) 
PARAMETRIC_REPRESENTATION_CONTEXT() REPRESENTATION_CONTEXT('2D SPACE',''
  ) );
#2518 = PCURVE('',#500,#2519);
#2519 = DEFINITIONAL_REPRESENTATION('',(#2520),#2524);
#2520 = LINE('',#2521,#2522);
#2521 = CARTESIAN_POINT('',(-0.,0.));
#2522 = VECTOR('',#2523,1.);
#2523 = DIRECTION('',(-0.,-1.));
#2524 = ( GEOMETRIC_REPRESENTATION_CONTEXT(2) 
PARAMETRIC_REPRESENTATION_CONTEXT() REPRESENTATION_CONTEXT('2D SPACE',''
  ) );
#2525 = ORIENTED_EDGE('',*,*,#388,.T.);
#2526 = ORIENTED_EDGE('',*,*,#2505,.F.);
#2527 = ADVANCED_FACE('',(#2528),#674,.F.);
#2528 = FACE_BOUND('',#2529,.T.);
#2529 = EDGE_LOOP('',(#2530,#2559,#2580,#2581));
#2530 = ORIENTED_EDGE('',*,*,#2531,.F.);
#2531 = EDGE_CURVE('',#2532,#2532,#2534,.T.);
#2532 = VERTEX_POINT('',#2533);
#2533 = CARTESIAN_POINT('',(2.,-31.,91.6));
#2534 = SURFACE_CURVE('',#2535,(#2540,#2547),.PCURVE_S1.);
#2535 = CIRCLE('',#2536,2.);
#2536 = AXIS2_PLACEMENT_3D('',#2537,#2538,#2539);
#2537 = CARTESIAN_POINT('',(-6.883382752676E-15,-31.,91.6));
#2538 = DIRECTION('',(-2.22044604925E-16,-1.,0.));
#2539 = DIRECTION('',(1.,-2.22044604925E-16,0.));
#2540 = PCURVE('',#674,#2541);
#2541 = DEFINITIONAL_REPRESENTATION('',(#2542),#2546);
#2542 = LINE('',#2543,#2544);
#2543 = CARTESIAN_POINT('',(-0.,0.));
#2544 = VECTOR('',#2545,1.);
#2545 = DIRECTION('',(-1.,0.));
#2546 = ( GEOMETRIC_REPRESENTATION_CONTEXT(2) 
PARAMETRIC_REPRESENTATION_CONTEXT() REPRESENTATION_CONTEXT('2D SPACE',''
  ) );
#2547 = PCURVE('',#2548,#2553);
#2548 = PLANE('',#2549);
#2549 = AXIS2_PLACEMENT_3D('',#2550,#2551,#2552);
#2550 = CARTESIAN_POINT('',(-7.011580265102E-15,-31.,91.6));
#2551 = DIRECTION('',(-2.22044604925E-16,-1.,0.));
#2552 = DIRECTION('',(0.,0.,1.));
#2553 = DEFINITIONAL_REPRESENTATION('',(#2554),#2558);
#2554 = CIRCLE('',#2555,2.);
#2555 = AXIS2_PLACEMENT_2D('',#2556,#2557);
#2556 = CARTESIAN_POINT('',(0.,-1.281975124256E-16));
#2557 = DIRECTION('',(0.,-1.));
#2558 = ( GEOMETRIC_REPRESENTATION_CONTEXT(2) 
PARAMETRIC_REPRESENTATION_CONTEXT() REPRESENTATION_CONTEXT('2D SPACE',''
  ) );
#2559 = ORIENTED_EDGE('',*,*,#2560,.T.);
#2560 = EDGE_CURVE('',#2532,#563,#2561,.T.);
#2561 = SEAM_CURVE('',#2562,(#2566,#2573),.PCURVE_S1.);
#2562 = LINE('',#2563,#2564);
#2563 = CARTESIAN_POINT('',(2.,-31.,91.6));
#2564 = VECTOR('',#2565,1.);
#2565 = DIRECTION('',(-2.22044604925E-16,-1.,0.));
#2566 = PCURVE('',#674,#2567);
#2567 = DEFINITIONAL_REPRESENTATION('',(#2568),#2572);
#2568 = LINE('',#2569,#2570);
#2569 = CARTESIAN_POINT('',(-6.28318530718,0.));
#2570 = VECTOR('',#2571,1.);
#2571 = DIRECTION('',(-0.,-1.));
#2572 = ( GEOMETRIC_REPRESENTATION_CONTEXT(2) 
PARAMETRIC_REPRESENTATION_CONTEXT() REPRESENTATION_CONTEXT('2D SPACE',''
  ) );
#2573 = PCURVE('',#674,#2574);
#2574 = DEFINITIONAL_REPRESENTATION('',(#2575),#2579);
#2575 = LINE('',#2576,#2577);
#2576 = CARTESIAN_POINT('',(-0.,0.));
#2577 = VECTOR('',#2578,1.);
#2578 = DIRECTION('',(-0.,-1.));
#2579 = ( GEOMETRIC_REPRESENTATION_CONTEXT(2) 
PARAMETRIC_REPRESENTATION_CONTEXT() REPRESENTATION_CONTEXT('2D SPACE',''
  ) );
#2580 = ORIENTED_EDGE('',*,*,#562,.T.);
#2581 = ORIENTED_EDGE('',*,*,#2560,.F.);
#2582 = ADVANCED_FACE('',(#2583),#848,.F.);
#2583 = FACE_BOUND('',#2584,.T.);
#2584 = EDGE_LOOP('',(#2585,#2614,#2635,#2636));
#2585 = ORIENTED_EDGE('',*,*,#2586,.F.);
#2586 = EDGE_CURVE('',#2587,#2587,#2589,.T.);
#2587 = VERTEX_POINT('',#2588);
#2588 = CARTESIAN_POINT('',(31.,2.,91.6));
#2589 = SURFACE_CURVE('',#2590,(#2595,#2602),.PCURVE_S1.);
#2590 = CIRCLE('',#2591,2.);
#2591 = AXIS2_PLACEMENT_3D('',#2592,#2593,#2594);
#2592 = CARTESIAN_POINT('',(31.,0.,91.6));
#2593 = DIRECTION('',(1.,0.,0.));
#2594 = DIRECTION('',(0.,1.,0.));
#2595 = PCURVE('',#848,#2596);
#2596 = DEFINITIONAL_REPRESENTATION('',(#2597),#2601);
#2597 = LINE('',#2598,#2599);
#2598 = CARTESIAN_POINT('',(-0.,0.));
#2599 = VECTOR('',#2600,1.);
#2600 = DIRECTION('',(-1.,0.));
#2601 = ( GEOMETRIC_REPRESENTATION_CONTEXT(2) 
PARAMETRIC_REPRESENTATION_CONTEXT() REPRESENTATION_CONTEXT('2D SPACE',''
  ) );
#2602 = PCURVE('',#2603,#2608);
#2603 = PLANE('',#2604);
#2604 = AXIS2_PLACEMENT_3D('',#2605,#2606,#2607);
#2605 = CARTESIAN_POINT('',(31.,-1.281975124256E-16,91.6));
#2606 = DIRECTION('',(1.,0.,0.));
#2607 = DIRECTION('',(0.,0.,1.));
#2608 = DEFINITIONAL_REPRESENTATION('',(#2609),#2613);
#2609 = CIRCLE('',#2610,2.);
#2610 = AXIS2_PLACEMENT_2D('',#2611,#2612);
#2611 = CARTESIAN_POINT('',(0.,-1.281975124256E-16));
#2612 = DIRECTION('',(0.,-1.));
#2613 = ( GEOMETRIC_REPRESENTATION_CONTEXT(2) 
PARAMETRIC_REPRESENTATION_CONTEXT() REPRESENTATION_CONTEXT('2D SPACE',''
  ) );
#2614 = ORIENTED_EDGE('',*,*,#2615,.T.);
#2615 = EDGE_CURVE('',#2587,#737,#2616,.T.);
#2616 = SEAM_CURVE('',#2617,(#2621,#2628),.PCURVE_S1.);
#2617 = LINE('',#2618,#2619);
#2618 = CARTESIAN_POINT('',(31.,2.,91.6));
#2619 = VECTOR('',#2620,1.);
#2620 = DIRECTION('',(1.,0.,0.));
#2621 = PCURVE('',#848,#2622);
#2622 = DEFINITIONAL_REPRESENTATION('',(#2623),#2627);
#2623 = LINE('',#2624,#2625);
#2624 = CARTESIAN_POINT('',(-6.28318530718,0.));
#2625 = VECTOR('',#2626,1.);
#2626 = DIRECTION('',(-0.,-1.));
#2627 = ( GEOMETRIC_REPRESENTATION_CONTEXT(2) 
PARAMETRIC_REPRESENTATION_CONTEXT() REPRESENTATION_CONTEXT('2D SPACE',''
  ) );
#2628 = PCURVE('',#848,#2629);
#2629 = DEFINITIONAL_REPRESENTATION('',(#2630),#2634);
#2630 = LINE('',#2631,#2632);
#2631 = CARTESIAN_POINT('',(-0.,0.));
#2632 = VECTOR('',#2633,1.);
#2633 = DIRECTION('',(-0.,-1.));
#2634 = ( GEOMETRIC_REPRESENTATION_CONTEXT(2) 
PARAMETRIC_REPRESENTATION_CONTEXT() REPRESENTATION_CONTEXT('2D SPACE',''
  ) );
#2635 = ORIENTED_EDGE('',*,*,#736,.T.);
#2636 = ORIENTED_EDGE('',*,*,#2615,.F.);
#2637 = ADVANCED_FACE('',(#2638),#939,.F.);
#2638 = FACE_BOUND('',#2639,.T.);
#2639 = EDGE_LOOP('',(#2640,#2673,#2694,#2695));
#2640 = ORIENTED_EDGE('',*,*,#2641,.T.);
#2641 = EDGE_CURVE('',#2642,#2642,#2644,.T.);
#2642 = VERTEX_POINT('',#2643);
#2643 = CARTESIAN_POINT('',(-20.8,-22.5,31.6));
#2644 = SURFACE_CURVE('',#2645,(#2650,#2657),.PCURVE_S1.);
#2645 = CIRCLE('',#2646,1.7);
#2646 = AXIS2_PLACEMENT_3D('',#2647,#2648,#2649);
#2647 = CARTESIAN_POINT('',(-22.5,-22.5,31.6));
#2648 = DIRECTION('',(0.,0.,-1.));
#2649 = DIRECTION('',(1.,0.,0.));
#2650 = PCURVE('',#939,#2651);
#2651 = DEFINITIONAL_REPRESENTATION('',(#2652),#2656);
#2652 = LINE('',#2653,#2654);
#2653 = CARTESIAN_POINT('',(-6.28318530718,-1.));
#2654 = VECTOR('',#2655,1.);
#2655 = DIRECTION('',(1.,-0.));
#2656 = ( GEOMETRIC_REPRESENTATION_CONTEXT(2) 
PARAMETRIC_REPRESENTATION_CONTEXT() REPRESENTATION_CONTEXT('2D SPACE',''
  ) );
#2657 = PCURVE('',#2658,#2663);
#2658 = PLANE('',#2659);
#2659 = AXIS2_PLACEMENT_3D('',#2660,#2661,#2662);
#2660 = CARTESIAN_POINT('',(-22.5,-22.5,31.6));
#2661 = DIRECTION('',(0.,0.,1.));
#2662 = DIRECTION('',(1.,0.,-0.));
#2663 = DEFINITIONAL_REPRESENTATION('',(#2664),#2672);
#2664 = ( BOUNDED_CURVE() B_SPLINE_CURVE(2,(#2665,#2666,#2667,#2668,
#2669,#2670,#2671),.UNSPECIFIED.,.T.,.F.) B_SPLINE_CURVE_WITH_KNOTS((1,2
    ,2,2,2,1),(-2.094395102393,0.,2.094395102393,4.188790204786,
6.28318530718,8.377580409573),.UNSPECIFIED.) CURVE() 
GEOMETRIC_REPRESENTATION_ITEM() RATIONAL_B_SPLINE_CURVE((1.,0.5,1.,0.5,
1.,0.5,1.)) REPRESENTATION_ITEM('') );
#2665 = CARTESIAN_POINT('',(1.7,-7.105427357601E-15));
#2666 = CARTESIAN_POINT('',(1.7,-2.944486372867));
#2667 = CARTESIAN_POINT('',(-0.85,-1.472243186434));
#2668 = CARTESIAN_POINT('',(-3.4,-7.521807269311E-15));
#2669 = CARTESIAN_POINT('',(-0.85,1.472243186434));
#2670 = CARTESIAN_POINT('',(1.7,2.944486372867));
#2671 = CARTESIAN_POINT('',(1.7,-7.105427357601E-15));
#2672 = ( GEOMETRIC_REPRESENTATION_CONTEXT(2) 
PARAMETRIC_REPRESENTATION_CONTEXT() REPRESENTATION_CONTEXT('2D SPACE',''
  ) );
#2673 = ORIENTED_EDGE('',*,*,#2674,.T.);
#2674 = EDGE_CURVE('',#2642,#919,#2675,.T.);
#2675 = SEAM_CURVE('',#2676,(#2680,#2687),.PCURVE_S1.);
#2676 = LINE('',#2677,#2678);
#2677 = CARTESIAN_POINT('',(-20.8,-22.5,30.6));
#2678 = VECTOR('',#2679,1.);
#2679 = DIRECTION('',(0.,0.,1.));
#2680 = PCURVE('',#939,#2681);
#2681 = DEFINITIONAL_REPRESENTATION('',(#2682),#2686);
#2682 = LINE('',#2683,#2684);
#2683 = CARTESIAN_POINT('',(-6.28318530718,0.));
#2684 = VECTOR('',#2685,1.);
#2685 = DIRECTION('',(-0.,-1.));
#2686 = ( GEOMETRIC_REPRESENTATION_CONTEXT(2) 
PARAMETRIC_REPRESENTATION_CONTEXT() REPRESENTATION_CONTEXT('2D SPACE',''
  ) );
#2687 = PCURVE('',#939,#2688);
#2688 = DEFINITIONAL_REPRESENTATION('',(#2689),#2693);
#2689 = LINE('',#2690,#2691);
#2690 = CARTESIAN_POINT('',(-0.,0.));
#2691 = VECTOR('',#2692,1.);
#2692 = DIRECTION('',(-0.,-1.));
#2693 = ( GEOMETRIC_REPRESENTATION_CONTEXT(2) 
PARAMETRIC_REPRESENTATION_CONTEXT() REPRESENTATION_CONTEXT('2D SPACE',''
  ) );
#2694 = ORIENTED_EDGE('',*,*,#918,.F.);
#2695 = ORIENTED_EDGE('',*,*,#2674,.F.);
#2696 = ADVANCED_FACE('',(#2697),#970,.T.);
#2697 = FACE_BOUND('',#2698,.T.);
#2698 = EDGE_LOOP('',(#2699,#2722,#2748,#2769));
#2699 = ORIENTED_EDGE('',*,*,#2700,.F.);
#2700 = EDGE_CURVE('',#2701,#954,#2703,.T.);
#2701 = VERTEX_POINT('',#2702);
#2702 = CARTESIAN_POINT('',(5.5,-22.55,92.6));
#2703 = SURFACE_CURVE('',#2704,(#2708,#2715),.PCURVE_S1.);
#2704 = LINE('',#2705,#2706);
#2705 = CARTESIAN_POINT('',(5.5,-22.55,91.6));
#2706 = VECTOR('',#2707,1.);
#2707 = DIRECTION('',(0.,0.,1.));
#2708 = PCURVE('',#970,#2709);
#2709 = DEFINITIONAL_REPRESENTATION('',(#2710),#2714);
#2710 = LINE('',#2711,#2712);
#2711 = CARTESIAN_POINT('',(0.,16.));
#2712 = VECTOR('',#2713,1.);
#2713 = DIRECTION('',(1.,0.));
#2714 = ( GEOMETRIC_REPRESENTATION_CONTEXT(2) 
PARAMETRIC_REPRESENTATION_CONTEXT() REPRESENTATION_CONTEXT('2D SPACE',''
  ) );
#2715 = PCURVE('',#1046,#2716);
#2716 = DEFINITIONAL_REPRESENTATION('',(#2717),#2721);
#2717 = LINE('',#2718,#2719);
#2718 = CARTESIAN_POINT('',(0.,0.));
#2719 = VECTOR('',#2720,1.);
#2720 = DIRECTION('',(1.,0.));
#2721 = ( GEOMETRIC_REPRESENTATION_CONTEXT(2) 
PARAMETRIC_REPRESENTATION_CONTEXT() REPRESENTATION_CONTEXT('2D SPACE',''
  ) );
#2722 = ORIENTED_EDGE('',*,*,#2723,.T.);
#2723 = EDGE_CURVE('',#2701,#2724,#2726,.T.);
#2724 = VERTEX_POINT('',#2725);
#2725 = CARTESIAN_POINT('',(-10.5,-22.55,92.6));
#2726 = SURFACE_CURVE('',#2727,(#2731,#2737),.PCURVE_S1.);
#2727 = LINE('',#2728,#2729);
#2728 = CARTESIAN_POINT('',(-5.25,-22.55,92.6));
#2729 = VECTOR('',#2730,1.);
#2730 = DIRECTION('',(-1.,0.,0.));
#2731 = PCURVE('',#970,#2732);
#2732 = DEFINITIONAL_REPRESENTATION('',(#2733),#2736);
#2733 = B_SPLINE_CURVE_WITH_KNOTS('',1,(#2734,#2735),.UNSPECIFIED.,.F.,
  .F.,(2,2),(-10.75,5.25),.PIECEWISE_BEZIER_KNOTS.);
#2734 = CARTESIAN_POINT('',(1.,16.));
#2735 = CARTESIAN_POINT('',(1.,0.));
#2736 = ( GEOMETRIC_REPRESENTATION_CONTEXT(2) 
PARAMETRIC_REPRESENTATION_CONTEXT() REPRESENTATION_CONTEXT('2D SPACE',''
  ) );
#2737 = PCURVE('',#2738,#2743);
#2738 = PLANE('',#2739);
#2739 = AXIS2_PLACEMENT_3D('',#2740,#2741,#2742);
#2740 = CARTESIAN_POINT('',(-2.740115638314E-15,2.907945272208E-15,92.6)
  );
#2741 = DIRECTION('',(0.,0.,1.));
#2742 = DIRECTION('',(0.992546151641,0.121869343405,0.));
#2743 = DEFINITIONAL_REPRESENTATION('',(#2744),#2747);
#2744 = B_SPLINE_CURVE_WITH_KNOTS('',1,(#2745,#2746),.UNSPECIFIED.,.F.,
  .F.,(2,2),(-10.75,5.25),.PIECEWISE_BEZIER_KNOTS.);
#2745 = CARTESIAN_POINT('',(2.710850140241,-23.05219710824));
#2746 = CARTESIAN_POINT('',(-13.16988828602,-21.10228761375));
#2747 = ( GEOMETRIC_REPRESENTATION_CONTEXT(2) 
PARAMETRIC_REPRESENTATION_CONTEXT() REPRESENTATION_CONTEXT('2D SPACE',''
  ) );
#2748 = ORIENTED_EDGE('',*,*,#2749,.T.);
#2749 = EDGE_CURVE('',#2724,#956,#2750,.T.);
#2750 = SURFACE_CURVE('',#2751,(#2755,#2762),.PCURVE_S1.);
#2751 = LINE('',#2752,#2753);
#2752 = CARTESIAN_POINT('',(-10.5,-22.55,91.6));
#2753 = VECTOR('',#2754,1.);
#2754 = DIRECTION('',(0.,0.,1.));
#2755 = PCURVE('',#970,#2756);
#2756 = DEFINITIONAL_REPRESENTATION('',(#2757),#2761);
#2757 = LINE('',#2758,#2759);
#2758 = CARTESIAN_POINT('',(0.,0.));
#2759 = VECTOR('',#2760,1.);
#2760 = DIRECTION('',(1.,0.));
#2761 = ( GEOMETRIC_REPRESENTATION_CONTEXT(2) 
PARAMETRIC_REPRESENTATION_CONTEXT() REPRESENTATION_CONTEXT('2D SPACE',''
  ) );
#2762 = PCURVE('',#996,#2763);
#2763 = DEFINITIONAL_REPRESENTATION('',(#2764),#2768);
#2764 = LINE('',#2765,#2766);
#2765 = CARTESIAN_POINT('',(0.,0.));
#2766 = VECTOR('',#2767,1.);
#2767 = DIRECTION('',(1.,0.));
#2768 = ( GEOMETRIC_REPRESENTATION_CONTEXT(2) 
PARAMETRIC_REPRESENTATION_CONTEXT() REPRESENTATION_CONTEXT('2D SPACE',''
  ) );
#2769 = ORIENTED_EDGE('',*,*,#953,.F.);
#2770 = ADVANCED_FACE('',(#2771),#1046,.F.);
#2771 = FACE_BOUND('',#2772,.F.);
#2772 = EDGE_LOOP('',(#2773,#2774,#2795,#2816));
#2773 = ORIENTED_EDGE('',*,*,#2700,.F.);
#2774 = ORIENTED_EDGE('',*,*,#2775,.T.);
#2775 = EDGE_CURVE('',#2701,#2776,#2778,.T.);
#2776 = VERTEX_POINT('',#2777);
#2777 = CARTESIAN_POINT('',(5.5,-20.55,92.6));
#2778 = SURFACE_CURVE('',#2779,(#2783,#2789),.PCURVE_S1.);
#2779 = LINE('',#2780,#2781);
#2780 = CARTESIAN_POINT('',(5.5,-11.275,92.6));
#2781 = VECTOR('',#2782,1.);
#2782 = DIRECTION('',(0.,1.,0.));
#2783 = PCURVE('',#1046,#2784);
#2784 = DEFINITIONAL_REPRESENTATION('',(#2785),#2788);
#2785 = B_SPLINE_CURVE_WITH_KNOTS('',1,(#2786,#2787),.UNSPECIFIED.,.F.,
  .F.,(2,2),(-11.275,-9.275),.PIECEWISE_BEZIER_KNOTS.);
#2786 = CARTESIAN_POINT('',(1.,0.));
#2787 = CARTESIAN_POINT('',(1.,-2.));
#2788 = ( GEOMETRIC_REPRESENTATION_CONTEXT(2) 
PARAMETRIC_REPRESENTATION_CONTEXT() REPRESENTATION_CONTEXT('2D SPACE',''
  ) );
#2789 = PCURVE('',#2738,#2790);
#2790 = DEFINITIONAL_REPRESENTATION('',(#2791),#2794);
#2791 = B_SPLINE_CURVE_WITH_KNOTS('',1,(#2792,#2793),.UNSPECIFIED.,.F.,
  .F.,(2,2),(-11.275,-9.275),.PIECEWISE_BEZIER_KNOTS.);
#2792 = CARTESIAN_POINT('',(2.710850140241,-23.05219710824));
#2793 = CARTESIAN_POINT('',(2.954588827051,-21.06710480495));
#2794 = ( GEOMETRIC_REPRESENTATION_CONTEXT(2) 
PARAMETRIC_REPRESENTATION_CONTEXT() REPRESENTATION_CONTEXT('2D SPACE',''
  ) );
#2795 = ORIENTED_EDGE('',*,*,#2796,.T.);
#2796 = EDGE_CURVE('',#2776,#1008,#2797,.T.);
#2797 = SURFACE_CURVE('',#2798,(#2802,#2809),.PCURVE_S1.);
#2798 = LINE('',#2799,#2800);
#2799 = CARTESIAN_POINT('',(5.5,-20.55,91.6));
#2800 = VECTOR('',#2801,1.);
#2801 = DIRECTION('',(0.,0.,1.));
#2802 = PCURVE('',#1046,#2803);
#2803 = DEFINITIONAL_REPRESENTATION('',(#2804),#2808);
#2804 = LINE('',#2805,#2806);
#2805 = CARTESIAN_POINT('',(0.,-2.));
#2806 = VECTOR('',#2807,1.);
#2807 = DIRECTION('',(1.,0.));
#2808 = ( GEOMETRIC_REPRESENTATION_CONTEXT(2) 
PARAMETRIC_REPRESENTATION_CONTEXT() REPRESENTATION_CONTEXT('2D SPACE',''
  ) );
#2809 = PCURVE('',#1022,#2810);
#2810 = DEFINITIONAL_REPRESENTATION('',(#2811),#2815);
#2811 = LINE('',#2812,#2813);
#2812 = CARTESIAN_POINT('',(0.,16.));
#2813 = VECTOR('',#2814,1.);
#2814 = DIRECTION('',(1.,0.));
#2815 = ( GEOMETRIC_REPRESENTATION_CONTEXT(2) 
PARAMETRIC_REPRESENTATION_CONTEXT() REPRESENTATION_CONTEXT('2D SPACE',''
  ) );
#2816 = ORIENTED_EDGE('',*,*,#1033,.F.);
#2817 = ADVANCED_FACE('',(#2818),#996,.T.);
#2818 = FACE_BOUND('',#2819,.T.);
#2819 = EDGE_LOOP('',(#2820,#2821,#2842,#2863));
#2820 = ORIENTED_EDGE('',*,*,#2749,.F.);
#2821 = ORIENTED_EDGE('',*,*,#2822,.T.);
#2822 = EDGE_CURVE('',#2724,#2823,#2825,.T.);
#2823 = VERTEX_POINT('',#2824);
#2824 = CARTESIAN_POINT('',(-10.5,-20.55,92.6));
#2825 = SURFACE_CURVE('',#2826,(#2830,#2836),.PCURVE_S1.);
#2826 = LINE('',#2827,#2828);
#2827 = CARTESIAN_POINT('',(-10.5,-11.275,92.6));
#2828 = VECTOR('',#2829,1.);
#2829 = DIRECTION('',(0.,1.,0.));
#2830 = PCURVE('',#996,#2831);
#2831 = DEFINITIONAL_REPRESENTATION('',(#2832),#2835);
#2832 = B_SPLINE_CURVE_WITH_KNOTS('',1,(#2833,#2834),.UNSPECIFIED.,.F.,
  .F.,(2,2),(-11.275,-9.275),.PIECEWISE_BEZIER_KNOTS.);
#2833 = CARTESIAN_POINT('',(1.,0.));
#2834 = CARTESIAN_POINT('',(1.,-2.));
#2835 = ( GEOMETRIC_REPRESENTATION_CONTEXT(2) 
PARAMETRIC_REPRESENTATION_CONTEXT() REPRESENTATION_CONTEXT('2D SPACE',''
  ) );
#2836 = PCURVE('',#2738,#2837);
#2837 = DEFINITIONAL_REPRESENTATION('',(#2838),#2841);
#2838 = B_SPLINE_CURVE_WITH_KNOTS('',1,(#2839,#2840),.UNSPECIFIED.,.F.,
  .F.,(2,2),(-11.275,-9.275),.PIECEWISE_BEZIER_KNOTS.);
#2839 = CARTESIAN_POINT('',(-13.16988828602,-21.10228761375));
#2840 = CARTESIAN_POINT('',(-12.92614959921,-19.11719531047));
#2841 = ( GEOMETRIC_REPRESENTATION_CONTEXT(2) 
PARAMETRIC_REPRESENTATION_CONTEXT() REPRESENTATION_CONTEXT('2D SPACE',''
  ) );
#2842 = ORIENTED_EDGE('',*,*,#2843,.T.);
#2843 = EDGE_CURVE('',#2823,#982,#2844,.T.);
#2844 = SURFACE_CURVE('',#2845,(#2849,#2856),.PCURVE_S1.);
#2845 = LINE('',#2846,#2847);
#2846 = CARTESIAN_POINT('',(-10.5,-20.55,91.6));
#2847 = VECTOR('',#2848,1.);
#2848 = DIRECTION('',(0.,0.,1.));
#2849 = PCURVE('',#996,#2850);
#2850 = DEFINITIONAL_REPRESENTATION('',(#2851),#2855);
#2851 = LINE('',#2852,#2853);
#2852 = CARTESIAN_POINT('',(0.,-2.));
#2853 = VECTOR('',#2854,1.);
#2854 = DIRECTION('',(1.,0.));
#2855 = ( GEOMETRIC_REPRESENTATION_CONTEXT(2) 
PARAMETRIC_REPRESENTATION_CONTEXT() REPRESENTATION_CONTEXT('2D SPACE',''
  ) );
#2856 = PCURVE('',#1022,#2857);
#2857 = DEFINITIONAL_REPRESENTATION('',(#2858),#2862);
#2858 = LINE('',#2859,#2860);
#2859 = CARTESIAN_POINT('',(0.,0.));
#2860 = VECTOR('',#2861,1.);
#2861 = DIRECTION('',(1.,0.));
#2862 = ( GEOMETRIC_REPRESENTATION_CONTEXT(2) 
PARAMETRIC_REPRESENTATION_CONTEXT() REPRESENTATION_CONTEXT('2D SPACE',''
  ) );
#2863 = ORIENTED_EDGE('',*,*,#981,.F.);
#2864 = ADVANCED_FACE('',(#2865),#1022,.F.);
#2865 = FACE_BOUND('',#2866,.F.);
#2866 = EDGE_LOOP('',(#2867,#2868,#2887,#2888));
#2867 = ORIENTED_EDGE('',*,*,#2796,.F.);
#2868 = ORIENTED_EDGE('',*,*,#2869,.T.);
#2869 = EDGE_CURVE('',#2776,#2823,#2870,.T.);
#2870 = SURFACE_CURVE('',#2871,(#2875,#2881),.PCURVE_S1.);
#2871 = LINE('',#2872,#2873);
#2872 = CARTESIAN_POINT('',(-5.25,-20.55,92.6));
#2873 = VECTOR('',#2874,1.);
#2874 = DIRECTION('',(-1.,0.,0.));
#2875 = PCURVE('',#1022,#2876);
#2876 = DEFINITIONAL_REPRESENTATION('',(#2877),#2880);
#2877 = B_SPLINE_CURVE_WITH_KNOTS('',1,(#2878,#2879),.UNSPECIFIED.,.F.,
  .F.,(2,2),(-10.75,5.25),.PIECEWISE_BEZIER_KNOTS.);
#2878 = CARTESIAN_POINT('',(1.,16.));
#2879 = CARTESIAN_POINT('',(1.,0.));
#2880 = ( GEOMETRIC_REPRESENTATION_CONTEXT(2) 
PARAMETRIC_REPRESENTATION_CONTEXT() REPRESENTATION_CONTEXT('2D SPACE',''
  ) );
#2881 = PCURVE('',#2738,#2882);
#2882 = DEFINITIONAL_REPRESENTATION('',(#2883),#2886);
#2883 = B_SPLINE_CURVE_WITH_KNOTS('',1,(#2884,#2885),.UNSPECIFIED.,.F.,
  .F.,(2,2),(-10.75,5.25),.PIECEWISE_BEZIER_KNOTS.);
#2884 = CARTESIAN_POINT('',(2.954588827051,-21.06710480495));
#2885 = CARTESIAN_POINT('',(-12.92614959921,-19.11719531047));
#2886 = ( GEOMETRIC_REPRESENTATION_CONTEXT(2) 
PARAMETRIC_REPRESENTATION_CONTEXT() REPRESENTATION_CONTEXT('2D SPACE',''
  ) );
#2887 = ORIENTED_EDGE('',*,*,#2843,.T.);
#2888 = ORIENTED_EDGE('',*,*,#1007,.F.);
#2889 = ADVANCED_FACE('',(#2890),#1076,.T.);
#2890 = FACE_BOUND('',#2891,.T.);
#2891 = EDGE_LOOP('',(#2892,#2915,#2936,#2957));
#2892 = ORIENTED_EDGE('',*,*,#2893,.F.);
#2893 = EDGE_CURVE('',#2894,#1060,#2896,.T.);
#2894 = VERTEX_POINT('',#2895);
#2895 = CARTESIAN_POINT('',(5.5,-18.55,92.6));
#2896 = SURFACE_CURVE('',#2897,(#2901,#2908),.PCURVE_S1.);
#2897 = LINE('',#2898,#2899);
#2898 = CARTESIAN_POINT('',(5.5,-18.55,91.6));
#2899 = VECTOR('',#2900,1.);
#2900 = DIRECTION('',(0.,0.,1.));
#2901 = PCURVE('',#1076,#2902);
#2902 = DEFINITIONAL_REPRESENTATION('',(#2903),#2907);
#2903 = LINE('',#2904,#2905);
#2904 = CARTESIAN_POINT('',(0.,16.));
#2905 = VECTOR('',#2906,1.);
#2906 = DIRECTION('',(1.,0.));
#2907 = ( GEOMETRIC_REPRESENTATION_CONTEXT(2) 
PARAMETRIC_REPRESENTATION_CONTEXT() REPRESENTATION_CONTEXT('2D SPACE',''
  ) );
#2908 = PCURVE('',#1152,#2909);
#2909 = DEFINITIONAL_REPRESENTATION('',(#2910),#2914);
#2910 = LINE('',#2911,#2912);
#2911 = CARTESIAN_POINT('',(0.,0.));
#2912 = VECTOR('',#2913,1.);
#2913 = DIRECTION('',(1.,0.));
#2914 = ( GEOMETRIC_REPRESENTATION_CONTEXT(2) 
PARAMETRIC_REPRESENTATION_CONTEXT() REPRESENTATION_CONTEXT('2D SPACE',''
  ) );
#2915 = ORIENTED_EDGE('',*,*,#2916,.T.);
#2916 = EDGE_CURVE('',#2894,#2917,#2919,.T.);
#2917 = VERTEX_POINT('',#2918);
#2918 = CARTESIAN_POINT('',(-10.5,-18.55,92.6));
#2919 = SURFACE_CURVE('',#2920,(#2924,#2930),.PCURVE_S1.);
#2920 = LINE('',#2921,#2922);
#2921 = CARTESIAN_POINT('',(-5.25,-18.55,92.6));
#2922 = VECTOR('',#2923,1.);
#2923 = DIRECTION('',(-1.,0.,0.));
#2924 = PCURVE('',#1076,#2925);
#2925 = DEFINITIONAL_REPRESENTATION('',(#2926),#2929);
#2926 = B_SPLINE_CURVE_WITH_KNOTS('',1,(#2927,#2928),.UNSPECIFIED.,.F.,
  .F.,(2,2),(-10.75,5.25),.PIECEWISE_BEZIER_KNOTS.);
#2927 = CARTESIAN_POINT('',(1.,16.));
#2928 = CARTESIAN_POINT('',(1.,0.));
#2929 = ( GEOMETRIC_REPRESENTATION_CONTEXT(2) 
PARAMETRIC_REPRESENTATION_CONTEXT() REPRESENTATION_CONTEXT('2D SPACE',''
  ) );
#2930 = PCURVE('',#2738,#2931);
#2931 = DEFINITIONAL_REPRESENTATION('',(#2932),#2935);
#2932 = B_SPLINE_CURVE_WITH_KNOTS('',1,(#2933,#2934),.UNSPECIFIED.,.F.,
  .F.,(2,2),(-10.75,5.25),.PIECEWISE_BEZIER_KNOTS.);
#2933 = CARTESIAN_POINT('',(3.198327513862,-19.08201250167));
#2934 = CARTESIAN_POINT('',(-12.68241091239,-17.13210300719));
#2935 = ( GEOMETRIC_REPRESENTATION_CONTEXT(2) 
PARAMETRIC_REPRESENTATION_CONTEXT() REPRESENTATION_CONTEXT('2D SPACE',''
  ) );
#2936 = ORIENTED_EDGE('',*,*,#2937,.T.);
#2937 = EDGE_CURVE('',#2917,#1062,#2938,.T.);
#2938 = SURFACE_CURVE('',#2939,(#2943,#2950),.PCURVE_S1.);
#2939 = LINE('',#2940,#2941);
#2940 = CARTESIAN_POINT('',(-10.5,-18.55,91.6));
#2941 = VECTOR('',#2942,1.);
#2942 = DIRECTION('',(0.,0.,1.));
#2943 = PCURVE('',#1076,#2944);
#2944 = DEFINITIONAL_REPRESENTATION('',(#2945),#2949);
#2945 = LINE('',#2946,#2947);
#2946 = CARTESIAN_POINT('',(0.,0.));
#2947 = VECTOR('',#2948,1.);
#2948 = DIRECTION('',(1.,0.));
#2949 = ( GEOMETRIC_REPRESENTATION_CONTEXT(2) 
PARAMETRIC_REPRESENTATION_CONTEXT() REPRESENTATION_CONTEXT('2D SPACE',''
  ) );
#2950 = PCURVE('',#1102,#2951);
#2951 = DEFINITIONAL_REPRESENTATION('',(#2952),#2956);
#2952 = LINE('',#2953,#2954);
#2953 = CARTESIAN_POINT('',(0.,0.));
#2954 = VECTOR('',#2955,1.);
#2955 = DIRECTION('',(1.,0.));
#2956 = ( GEOMETRIC_REPRESENTATION_CONTEXT(2) 
PARAMETRIC_REPRESENTATION_CONTEXT() REPRESENTATION_CONTEXT('2D SPACE',''
  ) );
#2957 = ORIENTED_EDGE('',*,*,#1059,.F.);
#2958 = ADVANCED_FACE('',(#2959),#1152,.F.);
#2959 = FACE_BOUND('',#2960,.F.);
#2960 = EDGE_LOOP('',(#2961,#2962,#2983,#3004));
#2961 = ORIENTED_EDGE('',*,*,#2893,.F.);
#2962 = ORIENTED_EDGE('',*,*,#2963,.T.);
#2963 = EDGE_CURVE('',#2894,#2964,#2966,.T.);
#2964 = VERTEX_POINT('',#2965);
#2965 = CARTESIAN_POINT('',(5.5,-16.55,92.6));
#2966 = SURFACE_CURVE('',#2967,(#2971,#2977),.PCURVE_S1.);
#2967 = LINE('',#2968,#2969);
#2968 = CARTESIAN_POINT('',(5.5,-9.275,92.6));
#2969 = VECTOR('',#2970,1.);
#2970 = DIRECTION('',(0.,1.,0.));
#2971 = PCURVE('',#1152,#2972);
#2972 = DEFINITIONAL_REPRESENTATION('',(#2973),#2976);
#2973 = B_SPLINE_CURVE_WITH_KNOTS('',1,(#2974,#2975),.UNSPECIFIED.,.F.,
  .F.,(2,2),(-9.275,-7.275),.PIECEWISE_BEZIER_KNOTS.);
#2974 = CARTESIAN_POINT('',(1.,0.));
#2975 = CARTESIAN_POINT('',(1.,-2.));
#2976 = ( GEOMETRIC_REPRESENTATION_CONTEXT(2) 
PARAMETRIC_REPRESENTATION_CONTEXT() REPRESENTATION_CONTEXT('2D SPACE',''
  ) );
#2977 = PCURVE('',#2738,#2978);
#2978 = DEFINITIONAL_REPRESENTATION('',(#2979),#2982);
#2979 = B_SPLINE_CURVE_WITH_KNOTS('',1,(#2980,#2981),.UNSPECIFIED.,.F.,
  .F.,(2,2),(-9.275,-7.275),.PIECEWISE_BEZIER_KNOTS.);
#2980 = CARTESIAN_POINT('',(3.198327513862,-19.08201250167));
#2981 = CARTESIAN_POINT('',(3.442066200672,-17.09692019839));
#2982 = ( GEOMETRIC_REPRESENTATION_CONTEXT(2) 
PARAMETRIC_REPRESENTATION_CONTEXT() REPRESENTATION_CONTEXT('2D SPACE',''
  ) );
#2983 = ORIENTED_EDGE('',*,*,#2984,.T.);
#2984 = EDGE_CURVE('',#2964,#1114,#2985,.T.);
#2985 = SURFACE_CURVE('',#2986,(#2990,#2997),.PCURVE_S1.);
#2986 = LINE('',#2987,#2988);
#2987 = CARTESIAN_POINT('',(5.5,-16.55,91.6));
#2988 = VECTOR('',#2989,1.);
#2989 = DIRECTION('',(0.,0.,1.));
#2990 = PCURVE('',#1152,#2991);
#2991 = DEFINITIONAL_REPRESENTATION('',(#2992),#2996);
#2992 = LINE('',#2993,#2994);
#2993 = CARTESIAN_POINT('',(0.,-2.));
#2994 = VECTOR('',#2995,1.);
#2995 = DIRECTION('',(1.,0.));
#2996 = ( GEOMETRIC_REPRESENTATION_CONTEXT(2) 
PARAMETRIC_REPRESENTATION_CONTEXT() REPRESENTATION_CONTEXT('2D SPACE',''
  ) );
#2997 = PCURVE('',#1128,#2998);
#2998 = DEFINITIONAL_REPRESENTATION('',(#2999),#3003);
#2999 = LINE('',#3000,#3001);
#3000 = CARTESIAN_POINT('',(0.,16.));
#3001 = VECTOR('',#3002,1.);
#3002 = DIRECTION('',(1.,0.));
#3003 = ( GEOMETRIC_REPRESENTATION_CONTEXT(2) 
PARAMETRIC_REPRESENTATION_CONTEXT() REPRESENTATION_CONTEXT('2D SPACE',''
  ) );
#3004 = ORIENTED_EDGE('',*,*,#1139,.F.);
#3005 = ADVANCED_FACE('',(#3006),#1102,.T.);
#3006 = FACE_BOUND('',#3007,.T.);
#3007 = EDGE_LOOP('',(#3008,#3009,#3030,#3051));
#3008 = ORIENTED_EDGE('',*,*,#2937,.F.);
#3009 = ORIENTED_EDGE('',*,*,#3010,.T.);
#3010 = EDGE_CURVE('',#2917,#3011,#3013,.T.);
#3011 = VERTEX_POINT('',#3012);
#3012 = CARTESIAN_POINT('',(-10.5,-16.55,92.6));
#3013 = SURFACE_CURVE('',#3014,(#3018,#3024),.PCURVE_S1.);
#3014 = LINE('',#3015,#3016);
#3015 = CARTESIAN_POINT('',(-10.5,-9.275,92.6));
#3016 = VECTOR('',#3017,1.);
#3017 = DIRECTION('',(0.,1.,0.));
#3018 = PCURVE('',#1102,#3019);
#3019 = DEFINITIONAL_REPRESENTATION('',(#3020),#3023);
#3020 = B_SPLINE_CURVE_WITH_KNOTS('',1,(#3021,#3022),.UNSPECIFIED.,.F.,
  .F.,(2,2),(-9.275,-7.275),.PIECEWISE_BEZIER_KNOTS.);
#3021 = CARTESIAN_POINT('',(1.,0.));
#3022 = CARTESIAN_POINT('',(1.,-2.));
#3023 = ( GEOMETRIC_REPRESENTATION_CONTEXT(2) 
PARAMETRIC_REPRESENTATION_CONTEXT() REPRESENTATION_CONTEXT('2D SPACE',''
  ) );
#3024 = PCURVE('',#2738,#3025);
#3025 = DEFINITIONAL_REPRESENTATION('',(#3026),#3029);
#3026 = B_SPLINE_CURVE_WITH_KNOTS('',1,(#3027,#3028),.UNSPECIFIED.,.F.,
  .F.,(2,2),(-9.275,-7.275),.PIECEWISE_BEZIER_KNOTS.);
#3027 = CARTESIAN_POINT('',(-12.68241091239,-17.13210300719));
#3028 = CARTESIAN_POINT('',(-12.43867222558,-15.14701070391));
#3029 = ( GEOMETRIC_REPRESENTATION_CONTEXT(2) 
PARAMETRIC_REPRESENTATION_CONTEXT() REPRESENTATION_CONTEXT('2D SPACE',''
  ) );
#3030 = ORIENTED_EDGE('',*,*,#3031,.T.);
#3031 = EDGE_CURVE('',#3011,#1088,#3032,.T.);
#3032 = SURFACE_CURVE('',#3033,(#3037,#3044),.PCURVE_S1.);
#3033 = LINE('',#3034,#3035);
#3034 = CARTESIAN_POINT('',(-10.5,-16.55,91.6));
#3035 = VECTOR('',#3036,1.);
#3036 = DIRECTION('',(0.,0.,1.));
#3037 = PCURVE('',#1102,#3038);
#3038 = DEFINITIONAL_REPRESENTATION('',(#3039),#3043);
#3039 = LINE('',#3040,#3041);
#3040 = CARTESIAN_POINT('',(0.,-2.));
#3041 = VECTOR('',#3042,1.);
#3042 = DIRECTION('',(1.,0.));
#3043 = ( GEOMETRIC_REPRESENTATION_CONTEXT(2) 
PARAMETRIC_REPRESENTATION_CONTEXT() REPRESENTATION_CONTEXT('2D SPACE',''
  ) );
#3044 = PCURVE('',#1128,#3045);
#3045 = DEFINITIONAL_REPRESENTATION('',(#3046),#3050);
#3046 = LINE('',#3047,#3048);
#3047 = CARTESIAN_POINT('',(0.,0.));
#3048 = VECTOR('',#3049,1.);
#3049 = DIRECTION('',(1.,0.));
#3050 = ( GEOMETRIC_REPRESENTATION_CONTEXT(2) 
PARAMETRIC_REPRESENTATION_CONTEXT() REPRESENTATION_CONTEXT('2D SPACE',''
  ) );
#3051 = ORIENTED_EDGE('',*,*,#1087,.F.);
#3052 = ADVANCED_FACE('',(#3053),#1128,.F.);
#3053 = FACE_BOUND('',#3054,.F.);
#3054 = EDGE_LOOP('',(#3055,#3056,#3075,#3076));
#3055 = ORIENTED_EDGE('',*,*,#2984,.F.);
#3056 = ORIENTED_EDGE('',*,*,#3057,.T.);
#3057 = EDGE_CURVE('',#2964,#3011,#3058,.T.);
#3058 = SURFACE_CURVE('',#3059,(#3063,#3069),.PCURVE_S1.);
#3059 = LINE('',#3060,#3061);
#3060 = CARTESIAN_POINT('',(-5.25,-16.55,92.6));
#3061 = VECTOR('',#3062,1.);
#3062 = DIRECTION('',(-1.,0.,0.));
#3063 = PCURVE('',#1128,#3064);
#3064 = DEFINITIONAL_REPRESENTATION('',(#3065),#3068);
#3065 = B_SPLINE_CURVE_WITH_KNOTS('',1,(#3066,#3067),.UNSPECIFIED.,.F.,
  .F.,(2,2),(-10.75,5.25),.PIECEWISE_BEZIER_KNOTS.);
#3066 = CARTESIAN_POINT('',(1.,16.));
#3067 = CARTESIAN_POINT('',(1.,0.));
#3068 = ( GEOMETRIC_REPRESENTATION_CONTEXT(2) 
PARAMETRIC_REPRESENTATION_CONTEXT() REPRESENTATION_CONTEXT('2D SPACE',''
  ) );
#3069 = PCURVE('',#2738,#3070);
#3070 = DEFINITIONAL_REPRESENTATION('',(#3071),#3074);
#3071 = B_SPLINE_CURVE_WITH_KNOTS('',1,(#3072,#3073),.UNSPECIFIED.,.F.,
  .F.,(2,2),(-10.75,5.25),.PIECEWISE_BEZIER_KNOTS.);
#3072 = CARTESIAN_POINT('',(3.442066200672,-17.09692019839));
#3073 = CARTESIAN_POINT('',(-12.43867222558,-15.14701070391));
#3074 = ( GEOMETRIC_REPRESENTATION_CONTEXT(2) 
PARAMETRIC_REPRESENTATION_CONTEXT() REPRESENTATION_CONTEXT('2D SPACE',''
  ) );
#3075 = ORIENTED_EDGE('',*,*,#3031,.T.);
#3076 = ORIENTED_EDGE('',*,*,#1113,.F.);
#3077 = ADVANCED_FACE('',(#3078),#1182,.T.);
#3078 = FACE_BOUND('',#3079,.T.);
#3079 = EDGE_LOOP('',(#3080,#3103,#3131,#3152));
#3080 = ORIENTED_EDGE('',*,*,#3081,.T.);
#3081 = EDGE_CURVE('',#1166,#3082,#3084,.T.);
#3082 = VERTEX_POINT('',#3083);
#3083 = CARTESIAN_POINT('',(15.75,-13.75,37.6));
#3084 = SURFACE_CURVE('',#3085,(#3089,#3096),.PCURVE_S1.);
#3085 = LINE('',#3086,#3087);
#3086 = CARTESIAN_POINT('',(15.75,-13.75,95.6));
#3087 = VECTOR('',#3088,1.);
#3088 = DIRECTION('',(0.,0.,-1.));
#3089 = PCURVE('',#1182,#3090);
#3090 = DEFINITIONAL_REPRESENTATION('',(#3091),#3095);
#3091 = LINE('',#3092,#3093);
#3092 = CARTESIAN_POINT('',(4.,36.5));
#3093 = VECTOR('',#3094,1.);
#3094 = DIRECTION('',(-1.,0.));
#3095 = ( GEOMETRIC_REPRESENTATION_CONTEXT(2) 
PARAMETRIC_REPRESENTATION_CONTEXT() REPRESENTATION_CONTEXT('2D SPACE',''
  ) );
#3096 = PCURVE('',#1261,#3097);
#3097 = DEFINITIONAL_REPRESENTATION('',(#3098),#3102);
#3098 = LINE('',#3099,#3100);
#3099 = CARTESIAN_POINT('',(4.,0.));
#3100 = VECTOR('',#3101,1.);
#3101 = DIRECTION('',(-1.,0.));
#3102 = ( GEOMETRIC_REPRESENTATION_CONTEXT(2) 
PARAMETRIC_REPRESENTATION_CONTEXT() REPRESENTATION_CONTEXT('2D SPACE',''
  ) );
#3103 = ORIENTED_EDGE('',*,*,#3104,.F.);
#3104 = EDGE_CURVE('',#3105,#3082,#3107,.T.);
#3105 = VERTEX_POINT('',#3106);
#3106 = CARTESIAN_POINT('',(-20.75,-13.75,37.6));
#3107 = SURFACE_CURVE('',#3108,(#3112,#3119),.PCURVE_S1.);
#3108 = LINE('',#3109,#3110);
#3109 = CARTESIAN_POINT('',(-20.75,-13.75,37.6));
#3110 = VECTOR('',#3111,1.);
#3111 = DIRECTION('',(1.,0.,0.));
#3112 = PCURVE('',#1182,#3113);
#3113 = DEFINITIONAL_REPRESENTATION('',(#3114),#3118);
#3114 = LINE('',#3115,#3116);
#3115 = CARTESIAN_POINT('',(-54.,0.));
#3116 = VECTOR('',#3117,1.);
#3117 = DIRECTION('',(0.,1.));
#3118 = ( GEOMETRIC_REPRESENTATION_CONTEXT(2) 
PARAMETRIC_REPRESENTATION_CONTEXT() REPRESENTATION_CONTEXT('2D SPACE',''
  ) );
#3119 = PCURVE('',#3120,#3125);
#3120 = PLANE('',#3121);
#3121 = AXIS2_PLACEMENT_3D('',#3122,#3123,#3124);
#3122 = CARTESIAN_POINT('',(-19.25,4.75,37.6));
#3123 = DIRECTION('',(0.,0.,1.));
#3124 = DIRECTION('',(1.,0.,0.));
#3125 = DEFINITIONAL_REPRESENTATION('',(#3126),#3130);
#3126 = LINE('',#3127,#3128);
#3127 = CARTESIAN_POINT('',(-1.5,-18.5));
#3128 = VECTOR('',#3129,1.);
#3129 = DIRECTION('',(1.,0.));
#3130 = ( GEOMETRIC_REPRESENTATION_CONTEXT(2) 
PARAMETRIC_REPRESENTATION_CONTEXT() REPRESENTATION_CONTEXT('2D SPACE',''
  ) );
#3131 = ORIENTED_EDGE('',*,*,#3132,.T.);
#3132 = EDGE_CURVE('',#3105,#1168,#3133,.T.);
#3133 = SURFACE_CURVE('',#3134,(#3138,#3145),.PCURVE_S1.);
#3134 = LINE('',#3135,#3136);
#3135 = CARTESIAN_POINT('',(-20.75,-13.75,37.6));
#3136 = VECTOR('',#3137,1.);
#3137 = DIRECTION('',(0.,0.,1.));
#3138 = PCURVE('',#1182,#3139);
#3139 = DEFINITIONAL_REPRESENTATION('',(#3140),#3144);
#3140 = LINE('',#3141,#3142);
#3141 = CARTESIAN_POINT('',(-54.,0.));
#3142 = VECTOR('',#3143,1.);
#3143 = DIRECTION('',(1.,0.));
#3144 = ( GEOMETRIC_REPRESENTATION_CONTEXT(2) 
PARAMETRIC_REPRESENTATION_CONTEXT() REPRESENTATION_CONTEXT('2D SPACE',''
  ) );
#3145 = PCURVE('',#1209,#3146);
#3146 = DEFINITIONAL_REPRESENTATION('',(#3147),#3151);
#3147 = LINE('',#3148,#3149);
#3148 = CARTESIAN_POINT('',(-54.,0.));
#3149 = VECTOR('',#3150,1.);
#3150 = DIRECTION('',(1.,0.));
#3151 = ( GEOMETRIC_REPRESENTATION_CONTEXT(2) 
PARAMETRIC_REPRESENTATION_CONTEXT() REPRESENTATION_CONTEXT('2D SPACE',''
  ) );
#3152 = ORIENTED_EDGE('',*,*,#1165,.F.);
#3153 = ADVANCED_FACE('',(#3154),#1261,.F.);
#3154 = FACE_BOUND('',#3155,.F.);
#3155 = EDGE_LOOP('',(#3156,#3157,#3180,#3201));
#3156 = ORIENTED_EDGE('',*,*,#3081,.T.);
#3157 = ORIENTED_EDGE('',*,*,#3158,.T.);
#3158 = EDGE_CURVE('',#3082,#3159,#3161,.T.);
#3159 = VERTEX_POINT('',#3160);
#3160 = CARTESIAN_POINT('',(15.75,5.75,37.6));
#3161 = SURFACE_CURVE('',#3162,(#3166,#3173),.PCURVE_S1.);
#3162 = LINE('',#3163,#3164);
#3163 = CARTESIAN_POINT('',(15.75,-13.75,37.6));
#3164 = VECTOR('',#3165,1.);
#3165 = DIRECTION('',(0.,1.,0.));
#3166 = PCURVE('',#1261,#3167);
#3167 = DEFINITIONAL_REPRESENTATION('',(#3168),#3172);
#3168 = LINE('',#3169,#3170);
#3169 = CARTESIAN_POINT('',(-54.,0.));
#3170 = VECTOR('',#3171,1.);
#3171 = DIRECTION('',(0.,-1.));
#3172 = ( GEOMETRIC_REPRESENTATION_CONTEXT(2) 
PARAMETRIC_REPRESENTATION_CONTEXT() REPRESENTATION_CONTEXT('2D SPACE',''
  ) );
#3173 = PCURVE('',#3120,#3174);
#3174 = DEFINITIONAL_REPRESENTATION('',(#3175),#3179);
#3175 = LINE('',#3176,#3177);
#3176 = CARTESIAN_POINT('',(35.,-18.5));
#3177 = VECTOR('',#3178,1.);
#3178 = DIRECTION('',(0.,1.));
#3179 = ( GEOMETRIC_REPRESENTATION_CONTEXT(2) 
PARAMETRIC_REPRESENTATION_CONTEXT() REPRESENTATION_CONTEXT('2D SPACE',''
  ) );
#3180 = ORIENTED_EDGE('',*,*,#3181,.F.);
#3181 = EDGE_CURVE('',#1222,#3159,#3182,.T.);
#3182 = SURFACE_CURVE('',#3183,(#3187,#3194),.PCURVE_S1.);
#3183 = LINE('',#3184,#3185);
#3184 = CARTESIAN_POINT('',(15.75,5.75,95.6));
#3185 = VECTOR('',#3186,1.);
#3186 = DIRECTION('',(0.,0.,-1.));
#3187 = PCURVE('',#1261,#3188);
#3188 = DEFINITIONAL_REPRESENTATION('',(#3189),#3193);
#3189 = LINE('',#3190,#3191);
#3190 = CARTESIAN_POINT('',(4.,-19.5));
#3191 = VECTOR('',#3192,1.);
#3192 = DIRECTION('',(-1.,0.));
#3193 = ( GEOMETRIC_REPRESENTATION_CONTEXT(2) 
PARAMETRIC_REPRESENTATION_CONTEXT() REPRESENTATION_CONTEXT('2D SPACE',''
  ) );
#3194 = PCURVE('',#1236,#3195);
#3195 = DEFINITIONAL_REPRESENTATION('',(#3196),#3200);
#3196 = LINE('',#3197,#3198);
#3197 = CARTESIAN_POINT('',(4.,36.5));
#3198 = VECTOR('',#3199,1.);
#3199 = DIRECTION('',(-1.,0.));
#3200 = ( GEOMETRIC_REPRESENTATION_CONTEXT(2) 
PARAMETRIC_REPRESENTATION_CONTEXT() REPRESENTATION_CONTEXT('2D SPACE',''
  ) );
#3201 = ORIENTED_EDGE('',*,*,#1248,.F.);
#3202 = ADVANCED_FACE('',(#3203),#1209,.T.);
#3203 = FACE_BOUND('',#3204,.T.);
#3204 = EDGE_LOOP('',(#3205,#3206,#3229,#3250));
#3205 = ORIENTED_EDGE('',*,*,#3132,.F.);
#3206 = ORIENTED_EDGE('',*,*,#3207,.T.);
#3207 = EDGE_CURVE('',#3105,#3208,#3210,.T.);
#3208 = VERTEX_POINT('',#3209);
#3209 = CARTESIAN_POINT('',(-20.75,5.75,37.6));
#3210 = SURFACE_CURVE('',#3211,(#3215,#3222),.PCURVE_S1.);
#3211 = LINE('',#3212,#3213);
#3212 = CARTESIAN_POINT('',(-20.75,-13.75,37.6));
#3213 = VECTOR('',#3214,1.);
#3214 = DIRECTION('',(0.,1.,0.));
#3215 = PCURVE('',#1209,#3216);
#3216 = DEFINITIONAL_REPRESENTATION('',(#3217),#3221);
#3217 = LINE('',#3218,#3219);
#3218 = CARTESIAN_POINT('',(-54.,0.));
#3219 = VECTOR('',#3220,1.);
#3220 = DIRECTION('',(0.,-1.));
#3221 = ( GEOMETRIC_REPRESENTATION_CONTEXT(2) 
PARAMETRIC_REPRESENTATION_CONTEXT() REPRESENTATION_CONTEXT('2D SPACE',''
  ) );
#3222 = PCURVE('',#3120,#3223);
#3223 = DEFINITIONAL_REPRESENTATION('',(#3224),#3228);
#3224 = LINE('',#3225,#3226);
#3225 = CARTESIAN_POINT('',(-1.5,-18.5));
#3226 = VECTOR('',#3227,1.);
#3227 = DIRECTION('',(0.,1.));
#3228 = ( GEOMETRIC_REPRESENTATION_CONTEXT(2) 
PARAMETRIC_REPRESENTATION_CONTEXT() REPRESENTATION_CONTEXT('2D SPACE',''
  ) );
#3229 = ORIENTED_EDGE('',*,*,#3230,.F.);
#3230 = EDGE_CURVE('',#1195,#3208,#3231,.T.);
#3231 = SURFACE_CURVE('',#3232,(#3236,#3243),.PCURVE_S1.);
#3232 = LINE('',#3233,#3234);
#3233 = CARTESIAN_POINT('',(-20.75,5.75,95.6));
#3234 = VECTOR('',#3235,1.);
#3235 = DIRECTION('',(0.,0.,-1.));
#3236 = PCURVE('',#1209,#3237);
#3237 = DEFINITIONAL_REPRESENTATION('',(#3238),#3242);
#3238 = LINE('',#3239,#3240);
#3239 = CARTESIAN_POINT('',(4.,-19.5));
#3240 = VECTOR('',#3241,1.);
#3241 = DIRECTION('',(-1.,0.));
#3242 = ( GEOMETRIC_REPRESENTATION_CONTEXT(2) 
PARAMETRIC_REPRESENTATION_CONTEXT() REPRESENTATION_CONTEXT('2D SPACE',''
  ) );
#3243 = PCURVE('',#1236,#3244);
#3244 = DEFINITIONAL_REPRESENTATION('',(#3245),#3249);
#3245 = LINE('',#3246,#3247);
#3246 = CARTESIAN_POINT('',(4.,0.));
#3247 = VECTOR('',#3248,1.);
#3248 = DIRECTION('',(-1.,0.));
#3249 = ( GEOMETRIC_REPRESENTATION_CONTEXT(2) 
PARAMETRIC_REPRESENTATION_CONTEXT() REPRESENTATION_CONTEXT('2D SPACE',''
  ) );
#3250 = ORIENTED_EDGE('',*,*,#1194,.F.);
#3251 = ADVANCED_FACE('',(#3252),#1236,.F.);
#3252 = FACE_BOUND('',#3253,.F.);
#3253 = EDGE_LOOP('',(#3254,#3255,#3278,#3305,#3332,#3359,#3380,#3381));
#3254 = ORIENTED_EDGE('',*,*,#3181,.T.);
#3255 = ORIENTED_EDGE('',*,*,#3256,.F.);
#3256 = EDGE_CURVE('',#3257,#3159,#3259,.T.);
#3257 = VERTEX_POINT('',#3258);
#3258 = CARTESIAN_POINT('',(-7.25,5.75,37.6));
#3259 = SURFACE_CURVE('',#3260,(#3264,#3271),.PCURVE_S1.);
#3260 = LINE('',#3261,#3262);
#3261 = CARTESIAN_POINT('',(-20.75,5.75,37.6));
#3262 = VECTOR('',#3263,1.);
#3263 = DIRECTION('',(1.,0.,0.));
#3264 = PCURVE('',#1236,#3265);
#3265 = DEFINITIONAL_REPRESENTATION('',(#3266),#3270);
#3266 = LINE('',#3267,#3268);
#3267 = CARTESIAN_POINT('',(-54.,0.));
#3268 = VECTOR('',#3269,1.);
#3269 = DIRECTION('',(0.,1.));
#3270 = ( GEOMETRIC_REPRESENTATION_CONTEXT(2) 
PARAMETRIC_REPRESENTATION_CONTEXT() REPRESENTATION_CONTEXT('2D SPACE',''
  ) );
#3271 = PCURVE('',#3120,#3272);
#3272 = DEFINITIONAL_REPRESENTATION('',(#3273),#3277);
#3273 = LINE('',#3274,#3275);
#3274 = CARTESIAN_POINT('',(-1.5,1.));
#3275 = VECTOR('',#3276,1.);
#3276 = DIRECTION('',(1.,0.));
#3277 = ( GEOMETRIC_REPRESENTATION_CONTEXT(2) 
PARAMETRIC_REPRESENTATION_CONTEXT() REPRESENTATION_CONTEXT('2D SPACE',''
  ) );
#3278 = ORIENTED_EDGE('',*,*,#3279,.F.);
#3279 = EDGE_CURVE('',#3280,#3257,#3282,.T.);
#3280 = VERTEX_POINT('',#3281);
#3281 = CARTESIAN_POINT('',(-7.25,5.75,51.6));
#3282 = SURFACE_CURVE('',#3283,(#3287,#3294),.PCURVE_S1.);
#3283 = LINE('',#3284,#3285);
#3284 = CARTESIAN_POINT('',(-7.25,5.75,37.6));
#3285 = VECTOR('',#3286,1.);
#3286 = DIRECTION('',(0.,0.,-1.));
#3287 = PCURVE('',#1236,#3288);
#3288 = DEFINITIONAL_REPRESENTATION('',(#3289),#3293);
#3289 = LINE('',#3290,#3291);
#3290 = CARTESIAN_POINT('',(-54.,13.5));
#3291 = VECTOR('',#3292,1.);
#3292 = DIRECTION('',(-1.,0.));
#3293 = ( GEOMETRIC_REPRESENTATION_CONTEXT(2) 
PARAMETRIC_REPRESENTATION_CONTEXT() REPRESENTATION_CONTEXT('2D SPACE',''
  ) );
#3294 = PCURVE('',#3295,#3300);
#3295 = PLANE('',#3296);
#3296 = AXIS2_PLACEMENT_3D('',#3297,#3298,#3299);
#3297 = CARTESIAN_POINT('',(-7.25,4.75,37.6));
#3298 = DIRECTION('',(1.,0.,0.));
#3299 = DIRECTION('',(0.,0.,1.));
#3300 = DEFINITIONAL_REPRESENTATION('',(#3301),#3304);
#3301 = B_SPLINE_CURVE_WITH_KNOTS('',1,(#3302,#3303),.UNSPECIFIED.,.F.,
  .F.,(2,2),(-14.,0.),.PIECEWISE_BEZIER_KNOTS.);
#3302 = CARTESIAN_POINT('',(14.,-1.));
#3303 = CARTESIAN_POINT('',(0.,-1.));
#3304 = ( GEOMETRIC_REPRESENTATION_CONTEXT(2) 
PARAMETRIC_REPRESENTATION_CONTEXT() REPRESENTATION_CONTEXT('2D SPACE',''
  ) );
#3305 = ORIENTED_EDGE('',*,*,#3306,.F.);
#3306 = EDGE_CURVE('',#3307,#3280,#3309,.T.);
#3307 = VERTEX_POINT('',#3308);
#3308 = CARTESIAN_POINT('',(-19.25,5.75,51.6));
#3309 = SURFACE_CURVE('',#3310,(#3314,#3321),.PCURVE_S1.);
#3310 = LINE('',#3311,#3312);
#3311 = CARTESIAN_POINT('',(-20.,5.75,51.6));
#3312 = VECTOR('',#3313,1.);
#3313 = DIRECTION('',(1.,0.,0.));
#3314 = PCURVE('',#1236,#3315);
#3315 = DEFINITIONAL_REPRESENTATION('',(#3316),#3320);
#3316 = LINE('',#3317,#3318);
#3317 = CARTESIAN_POINT('',(-40.,0.75));
#3318 = VECTOR('',#3319,1.);
#3319 = DIRECTION('',(0.,1.));
#3320 = ( GEOMETRIC_REPRESENTATION_CONTEXT(2) 
PARAMETRIC_REPRESENTATION_CONTEXT() REPRESENTATION_CONTEXT('2D SPACE',''
  ) );
#3321 = PCURVE('',#3322,#3327);
#3322 = PLANE('',#3323);
#3323 = AXIS2_PLACEMENT_3D('',#3324,#3325,#3326);
#3324 = CARTESIAN_POINT('',(-19.25,4.75,51.6));
#3325 = DIRECTION('',(0.,0.,1.));
#3326 = DIRECTION('',(1.,0.,0.));
#3327 = DEFINITIONAL_REPRESENTATION('',(#3328),#3331);
#3328 = B_SPLINE_CURVE_WITH_KNOTS('',1,(#3329,#3330),.UNSPECIFIED.,.F.,
  .F.,(2,2),(0.75,12.75),.PIECEWISE_BEZIER_KNOTS.);
#3329 = CARTESIAN_POINT('',(0.,1.));
#3330 = CARTESIAN_POINT('',(12.,1.));
#3331 = ( GEOMETRIC_REPRESENTATION_CONTEXT(2) 
PARAMETRIC_REPRESENTATION_CONTEXT() REPRESENTATION_CONTEXT('2D SPACE',''
  ) );
#3332 = ORIENTED_EDGE('',*,*,#3333,.T.);
#3333 = EDGE_CURVE('',#3307,#3334,#3336,.T.);
#3334 = VERTEX_POINT('',#3335);
#3335 = CARTESIAN_POINT('',(-19.25,5.75,37.6));
#3336 = SURFACE_CURVE('',#3337,(#3341,#3348),.PCURVE_S1.);
#3337 = LINE('',#3338,#3339);
#3338 = CARTESIAN_POINT('',(-19.25,5.75,37.6));
#3339 = VECTOR('',#3340,1.);
#3340 = DIRECTION('',(0.,0.,-1.));
#3341 = PCURVE('',#1236,#3342);
#3342 = DEFINITIONAL_REPRESENTATION('',(#3343),#3347);
#3343 = LINE('',#3344,#3345);
#3344 = CARTESIAN_POINT('',(-54.,1.5));
#3345 = VECTOR('',#3346,1.);
#3346 = DIRECTION('',(-1.,0.));
#3347 = ( GEOMETRIC_REPRESENTATION_CONTEXT(2) 
PARAMETRIC_REPRESENTATION_CONTEXT() REPRESENTATION_CONTEXT('2D SPACE',''
  ) );
#3348 = PCURVE('',#3349,#3354);
#3349 = PLANE('',#3350);
#3350 = AXIS2_PLACEMENT_3D('',#3351,#3352,#3353);
#3351 = CARTESIAN_POINT('',(-19.25,4.75,37.6));
#3352 = DIRECTION('',(1.,0.,0.));
#3353 = DIRECTION('',(0.,0.,1.));
#3354 = DEFINITIONAL_REPRESENTATION('',(#3355),#3358);
#3355 = B_SPLINE_CURVE_WITH_KNOTS('',1,(#3356,#3357),.UNSPECIFIED.,.F.,
  .F.,(2,2),(-14.,0.),.PIECEWISE_BEZIER_KNOTS.);
#3356 = CARTESIAN_POINT('',(14.,-1.));
#3357 = CARTESIAN_POINT('',(0.,-1.));
#3358 = ( GEOMETRIC_REPRESENTATION_CONTEXT(2) 
PARAMETRIC_REPRESENTATION_CONTEXT() REPRESENTATION_CONTEXT('2D SPACE',''
  ) );
#3359 = ORIENTED_EDGE('',*,*,#3360,.F.);
#3360 = EDGE_CURVE('',#3208,#3334,#3361,.T.);
#3361 = SURFACE_CURVE('',#3362,(#3366,#3373),.PCURVE_S1.);
#3362 = LINE('',#3363,#3364);
#3363 = CARTESIAN_POINT('',(-20.75,5.75,37.6));
#3364 = VECTOR('',#3365,1.);
#3365 = DIRECTION('',(1.,0.,0.));
#3366 = PCURVE('',#1236,#3367);
#3367 = DEFINITIONAL_REPRESENTATION('',(#3368),#3372);
#3368 = LINE('',#3369,#3370);
#3369 = CARTESIAN_POINT('',(-54.,0.));
#3370 = VECTOR('',#3371,1.);
#3371 = DIRECTION('',(0.,1.));
#3372 = ( GEOMETRIC_REPRESENTATION_CONTEXT(2) 
PARAMETRIC_REPRESENTATION_CONTEXT() REPRESENTATION_CONTEXT('2D SPACE',''
  ) );
#3373 = PCURVE('',#3120,#3374);
#3374 = DEFINITIONAL_REPRESENTATION('',(#3375),#3379);
#3375 = LINE('',#3376,#3377);
#3376 = CARTESIAN_POINT('',(-1.5,1.));
#3377 = VECTOR('',#3378,1.);
#3378 = DIRECTION('',(1.,0.));
#3379 = ( GEOMETRIC_REPRESENTATION_CONTEXT(2) 
PARAMETRIC_REPRESENTATION_CONTEXT() REPRESENTATION_CONTEXT('2D SPACE',''
  ) );
#3380 = ORIENTED_EDGE('',*,*,#3230,.F.);
#3381 = ORIENTED_EDGE('',*,*,#1221,.F.);
#3382 = ADVANCED_FACE('',(#3383),#1296,.F.);
#3383 = FACE_BOUND('',#3384,.T.);
#3384 = EDGE_LOOP('',(#3385,#3418,#3439,#3440));
#3385 = ORIENTED_EDGE('',*,*,#3386,.T.);
#3386 = EDGE_CURVE('',#3387,#3387,#3389,.T.);
#3387 = VERTEX_POINT('',#3388);
#3388 = CARTESIAN_POINT('',(24.2,-22.5,31.6));
#3389 = SURFACE_CURVE('',#3390,(#3395,#3402),.PCURVE_S1.);
#3390 = CIRCLE('',#3391,1.7);
#3391 = AXIS2_PLACEMENT_3D('',#3392,#3393,#3394);
#3392 = CARTESIAN_POINT('',(22.5,-22.5,31.6));
#3393 = DIRECTION('',(0.,0.,-1.));
#3394 = DIRECTION('',(1.,0.,0.));
#3395 = PCURVE('',#1296,#3396);
#3396 = DEFINITIONAL_REPRESENTATION('',(#3397),#3401);
#3397 = LINE('',#3398,#3399);
#3398 = CARTESIAN_POINT('',(-6.28318530718,-1.));
#3399 = VECTOR('',#3400,1.);
#3400 = DIRECTION('',(1.,-0.));
#3401 = ( GEOMETRIC_REPRESENTATION_CONTEXT(2) 
PARAMETRIC_REPRESENTATION_CONTEXT() REPRESENTATION_CONTEXT('2D SPACE',''
  ) );
#3402 = PCURVE('',#3403,#3408);
#3403 = PLANE('',#3404);
#3404 = AXIS2_PLACEMENT_3D('',#3405,#3406,#3407);
#3405 = CARTESIAN_POINT('',(22.5,-22.5,31.6));
#3406 = DIRECTION('',(0.,0.,1.));
#3407 = DIRECTION('',(1.,0.,-0.));
#3408 = DEFINITIONAL_REPRESENTATION('',(#3409),#3417);
#3409 = ( BOUNDED_CURVE() B_SPLINE_CURVE(2,(#3410,#3411,#3412,#3413,
#3414,#3415,#3416),.UNSPECIFIED.,.T.,.F.) B_SPLINE_CURVE_WITH_KNOTS((1,2
    ,2,2,2,1),(-2.094395102393,0.,2.094395102393,4.188790204786,
6.28318530718,8.377580409573),.UNSPECIFIED.) CURVE() 
GEOMETRIC_REPRESENTATION_ITEM() RATIONAL_B_SPLINE_CURVE((1.,0.5,1.,0.5,
1.,0.5,1.)) REPRESENTATION_ITEM('') );
#3410 = CARTESIAN_POINT('',(1.7,-7.105427357601E-15));
#3411 = CARTESIAN_POINT('',(1.7,-2.944486372867));
#3412 = CARTESIAN_POINT('',(-0.85,-1.472243186434));
#3413 = CARTESIAN_POINT('',(-3.4,-7.521807269311E-15));
#3414 = CARTESIAN_POINT('',(-0.85,1.472243186434));
#3415 = CARTESIAN_POINT('',(1.7,2.944486372867));
#3416 = CARTESIAN_POINT('',(1.7,-7.105427357601E-15));
#3417 = ( GEOMETRIC_REPRESENTATION_CONTEXT(2) 
PARAMETRIC_REPRESENTATION_CONTEXT() REPRESENTATION_CONTEXT('2D SPACE',''
  ) );
#3418 = ORIENTED_EDGE('',*,*,#3419,.T.);
#3419 = EDGE_CURVE('',#3387,#1276,#3420,.T.);
#3420 = SEAM_CURVE('',#3421,(#3425,#3432),.PCURVE_S1.);
#3421 = LINE('',#3422,#3423);
#3422 = CARTESIAN_POINT('',(24.2,-22.5,30.6));
#3423 = VECTOR('',#3424,1.);
#3424 = DIRECTION('',(0.,0.,1.));
#3425 = PCURVE('',#1296,#3426);
#3426 = DEFINITIONAL_REPRESENTATION('',(#3427),#3431);
#3427 = LINE('',#3428,#3429);
#3428 = CARTESIAN_POINT('',(-6.28318530718,0.));
#3429 = VECTOR('',#3430,1.);
#3430 = DIRECTION('',(-0.,-1.));
#3431 = ( GEOMETRIC_REPRESENTATION_CONTEXT(2) 
PARAMETRIC_REPRESENTATION_CONTEXT() REPRESENTATION_CONTEXT('2D SPACE',''
  ) );
#3432 = PCURVE('',#1296,#3433);
#3433 = DEFINITIONAL_REPRESENTATION('',(#3434),#3438);
#3434 = LINE('',#3435,#3436);
#3435 = CARTESIAN_POINT('',(-0.,0.));
#3436 = VECTOR('',#3437,1.);
#3437 = DIRECTION('',(-0.,-1.));
#3438 = ( GEOMETRIC_REPRESENTATION_CONTEXT(2) 
PARAMETRIC_REPRESENTATION_CONTEXT() REPRESENTATION_CONTEXT('2D SPACE',''
  ) );
#3439 = ORIENTED_EDGE('',*,*,#1275,.F.);
#3440 = ORIENTED_EDGE('',*,*,#3419,.F.);
#3441 = ADVANCED_FACE('',(#3442),#1327,.T.);
#3442 = FACE_BOUND('',#3443,.T.);
#3443 = EDGE_LOOP('',(#3444,#3467,#3493,#3514));
#3444 = ORIENTED_EDGE('',*,*,#3445,.F.);
#3445 = EDGE_CURVE('',#3446,#1311,#3448,.T.);
#3446 = VERTEX_POINT('',#3447);
#3447 = CARTESIAN_POINT('',(5.5,8.55,92.6));
#3448 = SURFACE_CURVE('',#3449,(#3453,#3460),.PCURVE_S1.);
#3449 = LINE('',#3450,#3451);
#3450 = CARTESIAN_POINT('',(5.5,8.55,91.6));
#3451 = VECTOR('',#3452,1.);
#3452 = DIRECTION('',(0.,0.,1.));
#3453 = PCURVE('',#1327,#3454);
#3454 = DEFINITIONAL_REPRESENTATION('',(#3455),#3459);
#3455 = LINE('',#3456,#3457);
#3456 = CARTESIAN_POINT('',(0.,16.));
#3457 = VECTOR('',#3458,1.);
#3458 = DIRECTION('',(1.,0.));
#3459 = ( GEOMETRIC_REPRESENTATION_CONTEXT(2) 
PARAMETRIC_REPRESENTATION_CONTEXT() REPRESENTATION_CONTEXT('2D SPACE',''
  ) );
#3460 = PCURVE('',#1403,#3461);
#3461 = DEFINITIONAL_REPRESENTATION('',(#3462),#3466);
#3462 = LINE('',#3463,#3464);
#3463 = CARTESIAN_POINT('',(0.,0.));
#3464 = VECTOR('',#3465,1.);
#3465 = DIRECTION('',(1.,0.));
#3466 = ( GEOMETRIC_REPRESENTATION_CONTEXT(2) 
PARAMETRIC_REPRESENTATION_CONTEXT() REPRESENTATION_CONTEXT('2D SPACE',''
  ) );
#3467 = ORIENTED_EDGE('',*,*,#3468,.T.);
#3468 = EDGE_CURVE('',#3446,#3469,#3471,.T.);
#3469 = VERTEX_POINT('',#3470);
#3470 = CARTESIAN_POINT('',(-10.5,8.55,92.6));
#3471 = SURFACE_CURVE('',#3472,(#3476,#3482),.PCURVE_S1.);
#3472 = LINE('',#3473,#3474);
#3473 = CARTESIAN_POINT('',(-5.25,8.55,92.6));
#3474 = VECTOR('',#3475,1.);
#3475 = DIRECTION('',(-1.,0.,0.));
#3476 = PCURVE('',#1327,#3477);
#3477 = DEFINITIONAL_REPRESENTATION('',(#3478),#3481);
#3478 = B_SPLINE_CURVE_WITH_KNOTS('',1,(#3479,#3480),.UNSPECIFIED.,.F.,
  .F.,(2,2),(-10.75,5.25),.PIECEWISE_BEZIER_KNOTS.);
#3479 = CARTESIAN_POINT('',(1.,16.));
#3480 = CARTESIAN_POINT('',(1.,0.));
#3481 = ( GEOMETRIC_REPRESENTATION_CONTEXT(2) 
PARAMETRIC_REPRESENTATION_CONTEXT() REPRESENTATION_CONTEXT('2D SPACE',''
  ) );
#3482 = PCURVE('',#3483,#3488);
#3483 = PLANE('',#3484);
#3484 = AXIS2_PLACEMENT_3D('',#3485,#3486,#3487);
#3485 = CARTESIAN_POINT('',(-2.740115638314E-15,2.907945272208E-15,92.6)
  );
#3486 = DIRECTION('',(0.,0.,1.));
#3487 = DIRECTION('',(0.992546151641,0.121869343405,0.));
#3488 = DEFINITIONAL_REPRESENTATION('',(#3489),#3492);
#3489 = B_SPLINE_CURVE_WITH_KNOTS('',1,(#3490,#3491),.UNSPECIFIED.,.F.,
  .F.,(2,2),(-10.75,5.25),.PIECEWISE_BEZIER_KNOTS.);
#3490 = CARTESIAN_POINT('',(6.500986720141,7.815988207805));
#3491 = CARTESIAN_POINT('',(-9.37975170612,9.765897702287));
#3492 = ( GEOMETRIC_REPRESENTATION_CONTEXT(2) 
PARAMETRIC_REPRESENTATION_CONTEXT() REPRESENTATION_CONTEXT('2D SPACE',''
  ) );
#3493 = ORIENTED_EDGE('',*,*,#3494,.T.);
#3494 = EDGE_CURVE('',#3469,#1313,#3495,.T.);
#3495 = SURFACE_CURVE('',#3496,(#3500,#3507),.PCURVE_S1.);
#3496 = LINE('',#3497,#3498);
#3497 = CARTESIAN_POINT('',(-10.5,8.55,91.6));
#3498 = VECTOR('',#3499,1.);
#3499 = DIRECTION('',(0.,0.,1.));
#3500 = PCURVE('',#1327,#3501);
#3501 = DEFINITIONAL_REPRESENTATION('',(#3502),#3506);
#3502 = LINE('',#3503,#3504);
#3503 = CARTESIAN_POINT('',(0.,0.));
#3504 = VECTOR('',#3505,1.);
#3505 = DIRECTION('',(1.,0.));
#3506 = ( GEOMETRIC_REPRESENTATION_CONTEXT(2) 
PARAMETRIC_REPRESENTATION_CONTEXT() REPRESENTATION_CONTEXT('2D SPACE',''
  ) );
#3507 = PCURVE('',#1353,#3508);
#3508 = DEFINITIONAL_REPRESENTATION('',(#3509),#3513);
#3509 = LINE('',#3510,#3511);
#3510 = CARTESIAN_POINT('',(0.,0.));
#3511 = VECTOR('',#3512,1.);
#3512 = DIRECTION('',(1.,0.));
#3513 = ( GEOMETRIC_REPRESENTATION_CONTEXT(2) 
PARAMETRIC_REPRESENTATION_CONTEXT() REPRESENTATION_CONTEXT('2D SPACE',''
  ) );
#3514 = ORIENTED_EDGE('',*,*,#1310,.F.);
#3515 = ADVANCED_FACE('',(#3516),#1403,.F.);
#3516 = FACE_BOUND('',#3517,.F.);
#3517 = EDGE_LOOP('',(#3518,#3519,#3540,#3561));
#3518 = ORIENTED_EDGE('',*,*,#3445,.F.);
#3519 = ORIENTED_EDGE('',*,*,#3520,.T.);
#3520 = EDGE_CURVE('',#3446,#3521,#3523,.T.);
#3521 = VERTEX_POINT('',#3522);
#3522 = CARTESIAN_POINT('',(5.5,10.55,92.6));
#3523 = SURFACE_CURVE('',#3524,(#3528,#3534),.PCURVE_S1.);
#3524 = LINE('',#3525,#3526);
#3525 = CARTESIAN_POINT('',(5.5,4.275,92.6));
#3526 = VECTOR('',#3527,1.);
#3527 = DIRECTION('',(0.,1.,0.));
#3528 = PCURVE('',#1403,#3529);
#3529 = DEFINITIONAL_REPRESENTATION('',(#3530),#3533);
#3530 = B_SPLINE_CURVE_WITH_KNOTS('',1,(#3531,#3532),.UNSPECIFIED.,.F.,
  .F.,(2,2),(4.275,6.275),.PIECEWISE_BEZIER_KNOTS.);
#3531 = CARTESIAN_POINT('',(1.,0.));
#3532 = CARTESIAN_POINT('',(1.,-2.));
#3533 = ( GEOMETRIC_REPRESENTATION_CONTEXT(2) 
PARAMETRIC_REPRESENTATION_CONTEXT() REPRESENTATION_CONTEXT('2D SPACE',''
  ) );
#3534 = PCURVE('',#3483,#3535);
#3535 = DEFINITIONAL_REPRESENTATION('',(#3536),#3539);
#3536 = B_SPLINE_CURVE_WITH_KNOTS('',1,(#3537,#3538),.UNSPECIFIED.,.F.,
  .F.,(2,2),(4.275,6.275),.PIECEWISE_BEZIER_KNOTS.);
#3537 = CARTESIAN_POINT('',(6.500986720141,7.815988207805));
#3538 = CARTESIAN_POINT('',(6.744725406952,9.801080511088));
#3539 = ( GEOMETRIC_REPRESENTATION_CONTEXT(2) 
PARAMETRIC_REPRESENTATION_CONTEXT() REPRESENTATION_CONTEXT('2D SPACE',''
  ) );
#3540 = ORIENTED_EDGE('',*,*,#3541,.T.);
#3541 = EDGE_CURVE('',#3521,#1365,#3542,.T.);
#3542 = SURFACE_CURVE('',#3543,(#3547,#3554),.PCURVE_S1.);
#3543 = LINE('',#3544,#3545);
#3544 = CARTESIAN_POINT('',(5.5,10.55,91.6));
#3545 = VECTOR('',#3546,1.);
#3546 = DIRECTION('',(0.,0.,1.));
#3547 = PCURVE('',#1403,#3548);
#3548 = DEFINITIONAL_REPRESENTATION('',(#3549),#3553);
#3549 = LINE('',#3550,#3551);
#3550 = CARTESIAN_POINT('',(0.,-2.));
#3551 = VECTOR('',#3552,1.);
#3552 = DIRECTION('',(1.,0.));
#3553 = ( GEOMETRIC_REPRESENTATION_CONTEXT(2) 
PARAMETRIC_REPRESENTATION_CONTEXT() REPRESENTATION_CONTEXT('2D SPACE',''
  ) );
#3554 = PCURVE('',#1379,#3555);
#3555 = DEFINITIONAL_REPRESENTATION('',(#3556),#3560);
#3556 = LINE('',#3557,#3558);
#3557 = CARTESIAN_POINT('',(0.,16.));
#3558 = VECTOR('',#3559,1.);
#3559 = DIRECTION('',(1.,0.));
#3560 = ( GEOMETRIC_REPRESENTATION_CONTEXT(2) 
PARAMETRIC_REPRESENTATION_CONTEXT() REPRESENTATION_CONTEXT('2D SPACE',''
  ) );
#3561 = ORIENTED_EDGE('',*,*,#1390,.F.);
#3562 = ADVANCED_FACE('',(#3563),#1353,.T.);
#3563 = FACE_BOUND('',#3564,.T.);
#3564 = EDGE_LOOP('',(#3565,#3566,#3587,#3608));
#3565 = ORIENTED_EDGE('',*,*,#3494,.F.);
#3566 = ORIENTED_EDGE('',*,*,#3567,.T.);
#3567 = EDGE_CURVE('',#3469,#3568,#3570,.T.);
#3568 = VERTEX_POINT('',#3569);
#3569 = CARTESIAN_POINT('',(-10.5,10.55,92.6));
#3570 = SURFACE_CURVE('',#3571,(#3575,#3581),.PCURVE_S1.);
#3571 = LINE('',#3572,#3573);
#3572 = CARTESIAN_POINT('',(-10.5,4.275,92.6));
#3573 = VECTOR('',#3574,1.);
#3574 = DIRECTION('',(0.,1.,0.));
#3575 = PCURVE('',#1353,#3576);
#3576 = DEFINITIONAL_REPRESENTATION('',(#3577),#3580);
#3577 = B_SPLINE_CURVE_WITH_KNOTS('',1,(#3578,#3579),.UNSPECIFIED.,.F.,
  .F.,(2,2),(4.275,6.275),.PIECEWISE_BEZIER_KNOTS.);
#3578 = CARTESIAN_POINT('',(1.,0.));
#3579 = CARTESIAN_POINT('',(1.,-2.));
#3580 = ( GEOMETRIC_REPRESENTATION_CONTEXT(2) 
PARAMETRIC_REPRESENTATION_CONTEXT() REPRESENTATION_CONTEXT('2D SPACE',''
  ) );
#3581 = PCURVE('',#3483,#3582);
#3582 = DEFINITIONAL_REPRESENTATION('',(#3583),#3586);
#3583 = B_SPLINE_CURVE_WITH_KNOTS('',1,(#3584,#3585),.UNSPECIFIED.,.F.,
  .F.,(2,2),(4.275,6.275),.PIECEWISE_BEZIER_KNOTS.);
#3584 = CARTESIAN_POINT('',(-9.37975170612,9.765897702287));
#3585 = CARTESIAN_POINT('',(-9.13601301931,11.75099000557));
#3586 = ( GEOMETRIC_REPRESENTATION_CONTEXT(2) 
PARAMETRIC_REPRESENTATION_CONTEXT() REPRESENTATION_CONTEXT('2D SPACE',''
  ) );
#3587 = ORIENTED_EDGE('',*,*,#3588,.T.);
#3588 = EDGE_CURVE('',#3568,#1339,#3589,.T.);
#3589 = SURFACE_CURVE('',#3590,(#3594,#3601),.PCURVE_S1.);
#3590 = LINE('',#3591,#3592);
#3591 = CARTESIAN_POINT('',(-10.5,10.55,91.6));
#3592 = VECTOR('',#3593,1.);
#3593 = DIRECTION('',(0.,0.,1.));
#3594 = PCURVE('',#1353,#3595);
#3595 = DEFINITIONAL_REPRESENTATION('',(#3596),#3600);
#3596 = LINE('',#3597,#3598);
#3597 = CARTESIAN_POINT('',(0.,-2.));
#3598 = VECTOR('',#3599,1.);
#3599 = DIRECTION('',(1.,0.));
#3600 = ( GEOMETRIC_REPRESENTATION_CONTEXT(2) 
PARAMETRIC_REPRESENTATION_CONTEXT() REPRESENTATION_CONTEXT('2D SPACE',''
  ) );
#3601 = PCURVE('',#1379,#3602);
#3602 = DEFINITIONAL_REPRESENTATION('',(#3603),#3607);
#3603 = LINE('',#3604,#3605);
#3604 = CARTESIAN_POINT('',(0.,0.));
#3605 = VECTOR('',#3606,1.);
#3606 = DIRECTION('',(1.,0.));
#3607 = ( GEOMETRIC_REPRESENTATION_CONTEXT(2) 
PARAMETRIC_REPRESENTATION_CONTEXT() REPRESENTATION_CONTEXT('2D SPACE',''
  ) );
#3608 = ORIENTED_EDGE('',*,*,#1338,.F.);
#3609 = ADVANCED_FACE('',(#3610),#1379,.F.);
#3610 = FACE_BOUND('',#3611,.F.);
#3611 = EDGE_LOOP('',(#3612,#3613,#3632,#3633));
#3612 = ORIENTED_EDGE('',*,*,#3541,.F.);
#3613 = ORIENTED_EDGE('',*,*,#3614,.T.);
#3614 = EDGE_CURVE('',#3521,#3568,#3615,.T.);
#3615 = SURFACE_CURVE('',#3616,(#3620,#3626),.PCURVE_S1.);
#3616 = LINE('',#3617,#3618);
#3617 = CARTESIAN_POINT('',(-5.25,10.55,92.6));
#3618 = VECTOR('',#3619,1.);
#3619 = DIRECTION('',(-1.,0.,0.));
#3620 = PCURVE('',#1379,#3621);
#3621 = DEFINITIONAL_REPRESENTATION('',(#3622),#3625);
#3622 = B_SPLINE_CURVE_WITH_KNOTS('',1,(#3623,#3624),.UNSPECIFIED.,.F.,
  .F.,(2,2),(-10.75,5.25),.PIECEWISE_BEZIER_KNOTS.);
#3623 = CARTESIAN_POINT('',(1.,16.));
#3624 = CARTESIAN_POINT('',(1.,0.));
#3625 = ( GEOMETRIC_REPRESENTATION_CONTEXT(2) 
PARAMETRIC_REPRESENTATION_CONTEXT() REPRESENTATION_CONTEXT('2D SPACE',''
  ) );
#3626 = PCURVE('',#3483,#3627);
#3627 = DEFINITIONAL_REPRESENTATION('',(#3628),#3631);
#3628 = B_SPLINE_CURVE_WITH_KNOTS('',1,(#3629,#3630),.UNSPECIFIED.,.F.,
  .F.,(2,2),(-10.75,5.25),.PIECEWISE_BEZIER_KNOTS.);
#3629 = CARTESIAN_POINT('',(6.744725406952,9.801080511088));
#3630 = CARTESIAN_POINT('',(-9.13601301931,11.75099000557));
#3631 = ( GEOMETRIC_REPRESENTATION_CONTEXT(2) 
PARAMETRIC_REPRESENTATION_CONTEXT() REPRESENTATION_CONTEXT('2D SPACE',''
  ) );
#3632 = ORIENTED_EDGE('',*,*,#3588,.T.);
#3633 = ORIENTED_EDGE('',*,*,#1364,.F.);
#3634 = ADVANCED_FACE('',(#3635),#1433,.T.);
#3635 = FACE_BOUND('',#3636,.T.);
#3636 = EDGE_LOOP('',(#3637,#3660,#3681,#3702));
#3637 = ORIENTED_EDGE('',*,*,#3638,.F.);
#3638 = EDGE_CURVE('',#3639,#1417,#3641,.T.);
#3639 = VERTEX_POINT('',#3640);
#3640 = CARTESIAN_POINT('',(5.5,12.55,92.6));
#3641 = SURFACE_CURVE('',#3642,(#3646,#3653),.PCURVE_S1.);
#3642 = LINE('',#3643,#3644);
#3643 = CARTESIAN_POINT('',(5.5,12.55,91.6));
#3644 = VECTOR('',#3645,1.);
#3645 = DIRECTION('',(0.,0.,1.));
#3646 = PCURVE('',#1433,#3647);
#3647 = DEFINITIONAL_REPRESENTATION('',(#3648),#3652);
#3648 = LINE('',#3649,#3650);
#3649 = CARTESIAN_POINT('',(0.,16.));
#3650 = VECTOR('',#3651,1.);
#3651 = DIRECTION('',(1.,0.));
#3652 = ( GEOMETRIC_REPRESENTATION_CONTEXT(2) 
PARAMETRIC_REPRESENTATION_CONTEXT() REPRESENTATION_CONTEXT('2D SPACE',''
  ) );
#3653 = PCURVE('',#1509,#3654);
#3654 = DEFINITIONAL_REPRESENTATION('',(#3655),#3659);
#3655 = LINE('',#3656,#3657);
#3656 = CARTESIAN_POINT('',(0.,0.));
#3657 = VECTOR('',#3658,1.);
#3658 = DIRECTION('',(1.,0.));
#3659 = ( GEOMETRIC_REPRESENTATION_CONTEXT(2) 
PARAMETRIC_REPRESENTATION_CONTEXT() REPRESENTATION_CONTEXT('2D SPACE',''
  ) );
#3660 = ORIENTED_EDGE('',*,*,#3661,.T.);
#3661 = EDGE_CURVE('',#3639,#3662,#3664,.T.);
#3662 = VERTEX_POINT('',#3663);
#3663 = CARTESIAN_POINT('',(-10.5,12.55,92.6));
#3664 = SURFACE_CURVE('',#3665,(#3669,#3675),.PCURVE_S1.);
#3665 = LINE('',#3666,#3667);
#3666 = CARTESIAN_POINT('',(-5.25,12.55,92.6));
#3667 = VECTOR('',#3668,1.);
#3668 = DIRECTION('',(-1.,0.,0.));
#3669 = PCURVE('',#1433,#3670);
#3670 = DEFINITIONAL_REPRESENTATION('',(#3671),#3674);
#3671 = B_SPLINE_CURVE_WITH_KNOTS('',1,(#3672,#3673),.UNSPECIFIED.,.F.,
  .F.,(2,2),(-10.75,5.25),.PIECEWISE_BEZIER_KNOTS.);
#3672 = CARTESIAN_POINT('',(1.,16.));
#3673 = CARTESIAN_POINT('',(1.,0.));
#3674 = ( GEOMETRIC_REPRESENTATION_CONTEXT(2) 
PARAMETRIC_REPRESENTATION_CONTEXT() REPRESENTATION_CONTEXT('2D SPACE',''
  ) );
#3675 = PCURVE('',#3483,#3676);
#3676 = DEFINITIONAL_REPRESENTATION('',(#3677),#3680);
#3677 = B_SPLINE_CURVE_WITH_KNOTS('',1,(#3678,#3679),.UNSPECIFIED.,.F.,
  .F.,(2,2),(-10.75,5.25),.PIECEWISE_BEZIER_KNOTS.);
#3678 = CARTESIAN_POINT('',(6.988464093762,11.78617281437));
#3679 = CARTESIAN_POINT('',(-8.892274332499,13.736082308853));
#3680 = ( GEOMETRIC_REPRESENTATION_CONTEXT(2) 
PARAMETRIC_REPRESENTATION_CONTEXT() REPRESENTATION_CONTEXT('2D SPACE',''
  ) );
#3681 = ORIENTED_EDGE('',*,*,#3682,.T.);
#3682 = EDGE_CURVE('',#3662,#1419,#3683,.T.);
#3683 = SURFACE_CURVE('',#3684,(#3688,#3695),.PCURVE_S1.);
#3684 = LINE('',#3685,#3686);
#3685 = CARTESIAN_POINT('',(-10.5,12.55,91.6));
#3686 = VECTOR('',#3687,1.);
#3687 = DIRECTION('',(0.,0.,1.));
#3688 = PCURVE('',#1433,#3689);
#3689 = DEFINITIONAL_REPRESENTATION('',(#3690),#3694);
#3690 = LINE('',#3691,#3692);
#3691 = CARTESIAN_POINT('',(0.,0.));
#3692 = VECTOR('',#3693,1.);
#3693 = DIRECTION('',(1.,0.));
#3694 = ( GEOMETRIC_REPRESENTATION_CONTEXT(2) 
PARAMETRIC_REPRESENTATION_CONTEXT() REPRESENTATION_CONTEXT('2D SPACE',''
  ) );
#3695 = PCURVE('',#1459,#3696);
#3696 = DEFINITIONAL_REPRESENTATION('',(#3697),#3701);
#3697 = LINE('',#3698,#3699);
#3698 = CARTESIAN_POINT('',(0.,0.));
#3699 = VECTOR('',#3700,1.);
#3700 = DIRECTION('',(1.,0.));
#3701 = ( GEOMETRIC_REPRESENTATION_CONTEXT(2) 
PARAMETRIC_REPRESENTATION_CONTEXT() REPRESENTATION_CONTEXT('2D SPACE',''
  ) );
#3702 = ORIENTED_EDGE('',*,*,#1416,.F.);
#3703 = ADVANCED_FACE('',(#3704),#1509,.F.);
#3704 = FACE_BOUND('',#3705,.F.);
#3705 = EDGE_LOOP('',(#3706,#3707,#3728,#3749));
#3706 = ORIENTED_EDGE('',*,*,#3638,.F.);
#3707 = ORIENTED_EDGE('',*,*,#3708,.T.);
#3708 = EDGE_CURVE('',#3639,#3709,#3711,.T.);
#3709 = VERTEX_POINT('',#3710);
#3710 = CARTESIAN_POINT('',(5.5,14.55,92.6));
#3711 = SURFACE_CURVE('',#3712,(#3716,#3722),.PCURVE_S1.);
#3712 = LINE('',#3713,#3714);
#3713 = CARTESIAN_POINT('',(5.5,6.275,92.6));
#3714 = VECTOR('',#3715,1.);
#3715 = DIRECTION('',(0.,1.,0.));
#3716 = PCURVE('',#1509,#3717);
#3717 = DEFINITIONAL_REPRESENTATION('',(#3718),#3721);
#3718 = B_SPLINE_CURVE_WITH_KNOTS('',1,(#3719,#3720),.UNSPECIFIED.,.F.,
  .F.,(2,2),(6.275,8.275),.PIECEWISE_BEZIER_KNOTS.);
#3719 = CARTESIAN_POINT('',(1.,0.));
#3720 = CARTESIAN_POINT('',(1.,-2.));
#3721 = ( GEOMETRIC_REPRESENTATION_CONTEXT(2) 
PARAMETRIC_REPRESENTATION_CONTEXT() REPRESENTATION_CONTEXT('2D SPACE',''
  ) );
#3722 = PCURVE('',#3483,#3723);
#3723 = DEFINITIONAL_REPRESENTATION('',(#3724),#3727);
#3724 = B_SPLINE_CURVE_WITH_KNOTS('',1,(#3725,#3726),.UNSPECIFIED.,.F.,
  .F.,(2,2),(6.275,8.275),.PIECEWISE_BEZIER_KNOTS.);
#3725 = CARTESIAN_POINT('',(6.988464093762,11.78617281437));
#3726 = CARTESIAN_POINT('',(7.232202780572,13.771265117653));
#3727 = ( GEOMETRIC_REPRESENTATION_CONTEXT(2) 
PARAMETRIC_REPRESENTATION_CONTEXT() REPRESENTATION_CONTEXT('2D SPACE',''
  ) );
#3728 = ORIENTED_EDGE('',*,*,#3729,.T.);
#3729 = EDGE_CURVE('',#3709,#1471,#3730,.T.);
#3730 = SURFACE_CURVE('',#3731,(#3735,#3742),.PCURVE_S1.);
#3731 = LINE('',#3732,#3733);
#3732 = CARTESIAN_POINT('',(5.5,14.55,91.6));
#3733 = VECTOR('',#3734,1.);
#3734 = DIRECTION('',(0.,0.,1.));
#3735 = PCURVE('',#1509,#3736);
#3736 = DEFINITIONAL_REPRESENTATION('',(#3737),#3741);
#3737 = LINE('',#3738,#3739);
#3738 = CARTESIAN_POINT('',(0.,-2.));
#3739 = VECTOR('',#3740,1.);
#3740 = DIRECTION('',(1.,0.));
#3741 = ( GEOMETRIC_REPRESENTATION_CONTEXT(2) 
PARAMETRIC_REPRESENTATION_CONTEXT() REPRESENTATION_CONTEXT('2D SPACE',''
  ) );
#3742 = PCURVE('',#1485,#3743);
#3743 = DEFINITIONAL_REPRESENTATION('',(#3744),#3748);
#3744 = LINE('',#3745,#3746);
#3745 = CARTESIAN_POINT('',(0.,16.));
#3746 = VECTOR('',#3747,1.);
#3747 = DIRECTION('',(1.,0.));
#3748 = ( GEOMETRIC_REPRESENTATION_CONTEXT(2) 
PARAMETRIC_REPRESENTATION_CONTEXT() REPRESENTATION_CONTEXT('2D SPACE',''
  ) );
#3749 = ORIENTED_EDGE('',*,*,#1496,.F.);
#3750 = ADVANCED_FACE('',(#3751),#1459,.T.);
#3751 = FACE_BOUND('',#3752,.T.);
#3752 = EDGE_LOOP('',(#3753,#3754,#3775,#3796));
#3753 = ORIENTED_EDGE('',*,*,#3682,.F.);
#3754 = ORIENTED_EDGE('',*,*,#3755,.T.);
#3755 = EDGE_CURVE('',#3662,#3756,#3758,.T.);
#3756 = VERTEX_POINT('',#3757);
#3757 = CARTESIAN_POINT('',(-10.5,14.55,92.6));
#3758 = SURFACE_CURVE('',#3759,(#3763,#3769),.PCURVE_S1.);
#3759 = LINE('',#3760,#3761);
#3760 = CARTESIAN_POINT('',(-10.5,6.275,92.6));
#3761 = VECTOR('',#3762,1.);
#3762 = DIRECTION('',(0.,1.,0.));
#3763 = PCURVE('',#1459,#3764);
#3764 = DEFINITIONAL_REPRESENTATION('',(#3765),#3768);
#3765 = B_SPLINE_CURVE_WITH_KNOTS('',1,(#3766,#3767),.UNSPECIFIED.,.F.,
  .F.,(2,2),(6.275,8.275),.PIECEWISE_BEZIER_KNOTS.);
#3766 = CARTESIAN_POINT('',(1.,0.));
#3767 = CARTESIAN_POINT('',(1.,-2.));
#3768 = ( GEOMETRIC_REPRESENTATION_CONTEXT(2) 
PARAMETRIC_REPRESENTATION_CONTEXT() REPRESENTATION_CONTEXT('2D SPACE',''
  ) );
#3769 = PCURVE('',#3483,#3770);
#3770 = DEFINITIONAL_REPRESENTATION('',(#3771),#3774);
#3771 = B_SPLINE_CURVE_WITH_KNOTS('',1,(#3772,#3773),.UNSPECIFIED.,.F.,
  .F.,(2,2),(6.275,8.275),.PIECEWISE_BEZIER_KNOTS.);
#3772 = CARTESIAN_POINT('',(-8.892274332499,13.736082308853));
#3773 = CARTESIAN_POINT('',(-8.648535645689,15.721174612135));
#3774 = ( GEOMETRIC_REPRESENTATION_CONTEXT(2) 
PARAMETRIC_REPRESENTATION_CONTEXT() REPRESENTATION_CONTEXT('2D SPACE',''
  ) );
#3775 = ORIENTED_EDGE('',*,*,#3776,.T.);
#3776 = EDGE_CURVE('',#3756,#1445,#3777,.T.);
#3777 = SURFACE_CURVE('',#3778,(#3782,#3789),.PCURVE_S1.);
#3778 = LINE('',#3779,#3780);
#3779 = CARTESIAN_POINT('',(-10.5,14.55,91.6));
#3780 = VECTOR('',#3781,1.);
#3781 = DIRECTION('',(0.,0.,1.));
#3782 = PCURVE('',#1459,#3783);
#3783 = DEFINITIONAL_REPRESENTATION('',(#3784),#3788);
#3784 = LINE('',#3785,#3786);
#3785 = CARTESIAN_POINT('',(0.,-2.));
#3786 = VECTOR('',#3787,1.);
#3787 = DIRECTION('',(1.,0.));
#3788 = ( GEOMETRIC_REPRESENTATION_CONTEXT(2) 
PARAMETRIC_REPRESENTATION_CONTEXT() REPRESENTATION_CONTEXT('2D SPACE',''
  ) );
#3789 = PCURVE('',#1485,#3790);
#3790 = DEFINITIONAL_REPRESENTATION('',(#3791),#3795);
#3791 = LINE('',#3792,#3793);
#3792 = CARTESIAN_POINT('',(0.,0.));
#3793 = VECTOR('',#3794,1.);
#3794 = DIRECTION('',(1.,0.));
#3795 = ( GEOMETRIC_REPRESENTATION_CONTEXT(2) 
PARAMETRIC_REPRESENTATION_CONTEXT() REPRESENTATION_CONTEXT('2D SPACE',''
  ) );
#3796 = ORIENTED_EDGE('',*,*,#1444,.F.);
#3797 = ADVANCED_FACE('',(#3798),#1485,.F.);
#3798 = FACE_BOUND('',#3799,.F.);
#3799 = EDGE_LOOP('',(#3800,#3801,#3820,#3821));
#3800 = ORIENTED_EDGE('',*,*,#3729,.F.);
#3801 = ORIENTED_EDGE('',*,*,#3802,.T.);
#3802 = EDGE_CURVE('',#3709,#3756,#3803,.T.);
#3803 = SURFACE_CURVE('',#3804,(#3808,#3814),.PCURVE_S1.);
#3804 = LINE('',#3805,#3806);
#3805 = CARTESIAN_POINT('',(-5.25,14.55,92.6));
#3806 = VECTOR('',#3807,1.);
#3807 = DIRECTION('',(-1.,0.,0.));
#3808 = PCURVE('',#1485,#3809);
#3809 = DEFINITIONAL_REPRESENTATION('',(#3810),#3813);
#3810 = B_SPLINE_CURVE_WITH_KNOTS('',1,(#3811,#3812),.UNSPECIFIED.,.F.,
  .F.,(2,2),(-10.75,5.25),.PIECEWISE_BEZIER_KNOTS.);
#3811 = CARTESIAN_POINT('',(1.,16.));
#3812 = CARTESIAN_POINT('',(1.,0.));
#3813 = ( GEOMETRIC_REPRESENTATION_CONTEXT(2) 
PARAMETRIC_REPRESENTATION_CONTEXT() REPRESENTATION_CONTEXT('2D SPACE',''
  ) );
#3814 = PCURVE('',#3483,#3815);
#3815 = DEFINITIONAL_REPRESENTATION('',(#3816),#3819);
#3816 = B_SPLINE_CURVE_WITH_KNOTS('',1,(#3817,#3818),.UNSPECIFIED.,.F.,
  .F.,(2,2),(-10.75,5.25),.PIECEWISE_BEZIER_KNOTS.);
#3817 = CARTESIAN_POINT('',(7.232202780572,13.771265117653));
#3818 = CARTESIAN_POINT('',(-8.648535645689,15.721174612135));
#3819 = ( GEOMETRIC_REPRESENTATION_CONTEXT(2) 
PARAMETRIC_REPRESENTATION_CONTEXT() REPRESENTATION_CONTEXT('2D SPACE',''
  ) );
#3820 = ORIENTED_EDGE('',*,*,#3776,.T.);
#3821 = ORIENTED_EDGE('',*,*,#1470,.F.);
#3822 = ADVANCED_FACE('',(#3823),#1543,.F.);
#3823 = FACE_BOUND('',#3824,.T.);
#3824 = EDGE_LOOP('',(#3825,#3858,#3879,#3880));
#3825 = ORIENTED_EDGE('',*,*,#3826,.T.);
#3826 = EDGE_CURVE('',#3827,#3827,#3829,.T.);
#3827 = VERTEX_POINT('',#3828);
#3828 = CARTESIAN_POINT('',(-20.8,22.5,31.6));
#3829 = SURFACE_CURVE('',#3830,(#3835,#3842),.PCURVE_S1.);
#3830 = CIRCLE('',#3831,1.7);
#3831 = AXIS2_PLACEMENT_3D('',#3832,#3833,#3834);
#3832 = CARTESIAN_POINT('',(-22.5,22.5,31.6));
#3833 = DIRECTION('',(0.,0.,-1.));
#3834 = DIRECTION('',(1.,0.,0.));
#3835 = PCURVE('',#1543,#3836);
#3836 = DEFINITIONAL_REPRESENTATION('',(#3837),#3841);
#3837 = LINE('',#3838,#3839);
#3838 = CARTESIAN_POINT('',(-6.28318530718,-1.));
#3839 = VECTOR('',#3840,1.);
#3840 = DIRECTION('',(1.,-0.));
#3841 = ( GEOMETRIC_REPRESENTATION_CONTEXT(2) 
PARAMETRIC_REPRESENTATION_CONTEXT() REPRESENTATION_CONTEXT('2D SPACE',''
  ) );
#3842 = PCURVE('',#3843,#3848);
#3843 = PLANE('',#3844);
#3844 = AXIS2_PLACEMENT_3D('',#3845,#3846,#3847);
#3845 = CARTESIAN_POINT('',(-22.5,22.5,31.6));
#3846 = DIRECTION('',(0.,0.,1.));
#3847 = DIRECTION('',(1.,0.,-0.));
#3848 = DEFINITIONAL_REPRESENTATION('',(#3849),#3857);
#3849 = ( BOUNDED_CURVE() B_SPLINE_CURVE(2,(#3850,#3851,#3852,#3853,
#3854,#3855,#3856),.UNSPECIFIED.,.T.,.F.) B_SPLINE_CURVE_WITH_KNOTS((1,2
    ,2,2,2,1),(-2.094395102393,0.,2.094395102393,4.188790204786,
6.28318530718,8.377580409573),.UNSPECIFIED.) CURVE() 
GEOMETRIC_REPRESENTATION_ITEM() RATIONAL_B_SPLINE_CURVE((1.,0.5,1.,0.5,
1.,0.5,1.)) REPRESENTATION_ITEM('') );
#3850 = CARTESIAN_POINT('',(1.7,0.));
#3851 = CARTESIAN_POINT('',(1.7,-2.944486372867));
#3852 = CARTESIAN_POINT('',(-0.85,-1.472243186434));
#3853 = CARTESIAN_POINT('',(-3.4,-4.163799117101E-16));
#3854 = CARTESIAN_POINT('',(-0.85,1.472243186434));
#3855 = CARTESIAN_POINT('',(1.7,2.944486372867));
#3856 = CARTESIAN_POINT('',(1.7,0.));
#3857 = ( GEOMETRIC_REPRESENTATION_CONTEXT(2) 
PARAMETRIC_REPRESENTATION_CONTEXT() REPRESENTATION_CONTEXT('2D SPACE',''
  ) );
#3858 = ORIENTED_EDGE('',*,*,#3859,.T.);
#3859 = EDGE_CURVE('',#3827,#1523,#3860,.T.);
#3860 = SEAM_CURVE('',#3861,(#3865,#3872),.PCURVE_S1.);
#3861 = LINE('',#3862,#3863);
#3862 = CARTESIAN_POINT('',(-20.8,22.5,30.6));
#3863 = VECTOR('',#3864,1.);
#3864 = DIRECTION('',(0.,0.,1.));
#3865 = PCURVE('',#1543,#3866);
#3866 = DEFINITIONAL_REPRESENTATION('',(#3867),#3871);
#3867 = LINE('',#3868,#3869);
#3868 = CARTESIAN_POINT('',(-6.28318530718,0.));
#3869 = VECTOR('',#3870,1.);
#3870 = DIRECTION('',(-0.,-1.));
#3871 = ( GEOMETRIC_REPRESENTATION_CONTEXT(2) 
PARAMETRIC_REPRESENTATION_CONTEXT() REPRESENTATION_CONTEXT('2D SPACE',''
  ) );
#3872 = PCURVE('',#1543,#3873);
#3873 = DEFINITIONAL_REPRESENTATION('',(#3874),#3878);
#3874 = LINE('',#3875,#3876);
#3875 = CARTESIAN_POINT('',(-0.,0.));
#3876 = VECTOR('',#3877,1.);
#3877 = DIRECTION('',(-0.,-1.));
#3878 = ( GEOMETRIC_REPRESENTATION_CONTEXT(2) 
PARAMETRIC_REPRESENTATION_CONTEXT() REPRESENTATION_CONTEXT('2D SPACE',''
  ) );
#3879 = ORIENTED_EDGE('',*,*,#1522,.F.);
#3880 = ORIENTED_EDGE('',*,*,#3859,.F.);
#3881 = ADVANCED_FACE('',(#3882),#1578,.F.);
#3882 = FACE_BOUND('',#3883,.T.);
#3883 = EDGE_LOOP('',(#3884,#3912,#3933,#3934));
#3884 = ORIENTED_EDGE('',*,*,#3885,.T.);
#3885 = EDGE_CURVE('',#3886,#3886,#3888,.T.);
#3886 = VERTEX_POINT('',#3887);
#3887 = CARTESIAN_POINT('',(-3.567085809127,23.096988312782,92.6));
#3888 = SURFACE_CURVE('',#3889,(#3894,#3901),.PCURVE_S1.);
#3889 = CIRCLE('',#3890,6.);
#3890 = AXIS2_PLACEMENT_3D('',#3891,#3892,#3893);
#3891 = CARTESIAN_POINT('',(-9.567085809127,23.096988312782,92.6));
#3892 = DIRECTION('',(0.,0.,-1.));
#3893 = DIRECTION('',(1.,0.,0.));
#3894 = PCURVE('',#1578,#3895);
#3895 = DEFINITIONAL_REPRESENTATION('',(#3896),#3900);
#3896 = LINE('',#3897,#3898);
#3897 = CARTESIAN_POINT('',(-6.28318530718,-1.));
#3898 = VECTOR('',#3899,1.);
#3899 = DIRECTION('',(1.,-0.));
#3900 = ( GEOMETRIC_REPRESENTATION_CONTEXT(2) 
PARAMETRIC_REPRESENTATION_CONTEXT() REPRESENTATION_CONTEXT('2D SPACE',''
  ) );
#3901 = PCURVE('',#3483,#3902);
#3902 = DEFINITIONAL_REPRESENTATION('',(#3903),#3911);
#3903 = ( BOUNDED_CURVE() B_SPLINE_CURVE(2,(#3904,#3905,#3906,#3907,
#3908,#3909,#3910),.UNSPECIFIED.,.T.,.F.) B_SPLINE_CURVE_WITH_KNOTS((1,2
    ,2,2,2,1),(-2.094395102393,0.,2.094395102393,4.188790204786,
6.28318530718,8.377580409573),.UNSPECIFIED.) CURVE() 
GEOMETRIC_REPRESENTATION_ITEM() RATIONAL_B_SPLINE_CURVE((1.,0.5,1.,0.5,
1.,0.5,1.)) REPRESENTATION_ITEM('') );
#3904 = CARTESIAN_POINT('',(-0.725682492108,23.359545269785));
#3905 = CARTESIAN_POINT('',(-1.992185860085,13.044703088786));
#3906 = CARTESIAN_POINT('',(-10.29184954086,19.298948269932));
#3907 = CARTESIAN_POINT('',(-18.59151322165,25.553193451077));
#3908 = CARTESIAN_POINT('',(-9.025346172892,29.61379045093));
#3909 = CARTESIAN_POINT('',(0.540820875868,33.674387450783));
#3910 = CARTESIAN_POINT('',(-0.725682492108,23.359545269785));
#3911 = ( GEOMETRIC_REPRESENTATION_CONTEXT(2) 
PARAMETRIC_REPRESENTATION_CONTEXT() REPRESENTATION_CONTEXT('2D SPACE',''
  ) );
#3912 = ORIENTED_EDGE('',*,*,#3913,.T.);
#3913 = EDGE_CURVE('',#3886,#1558,#3914,.T.);
#3914 = SEAM_CURVE('',#3915,(#3919,#3926),.PCURVE_S1.);
#3915 = LINE('',#3916,#3917);
#3916 = CARTESIAN_POINT('',(-3.567085809127,23.096988312782,91.6));
#3917 = VECTOR('',#3918,1.);
#3918 = DIRECTION('',(0.,0.,1.));
#3919 = PCURVE('',#1578,#3920);
#3920 = DEFINITIONAL_REPRESENTATION('',(#3921),#3925);
#3921 = LINE('',#3922,#3923);
#3922 = CARTESIAN_POINT('',(-6.28318530718,0.));
#3923 = VECTOR('',#3924,1.);
#3924 = DIRECTION('',(-0.,-1.));
#3925 = ( GEOMETRIC_REPRESENTATION_CONTEXT(2) 
PARAMETRIC_REPRESENTATION_CONTEXT() REPRESENTATION_CONTEXT('2D SPACE',''
  ) );
#3926 = PCURVE('',#1578,#3927);
#3927 = DEFINITIONAL_REPRESENTATION('',(#3928),#3932);
#3928 = LINE('',#3929,#3930);
#3929 = CARTESIAN_POINT('',(-0.,0.));
#3930 = VECTOR('',#3931,1.);
#3931 = DIRECTION('',(-0.,-1.));
#3932 = ( GEOMETRIC_REPRESENTATION_CONTEXT(2) 
PARAMETRIC_REPRESENTATION_CONTEXT() REPRESENTATION_CONTEXT('2D SPACE',''
  ) );
#3933 = ORIENTED_EDGE('',*,*,#1557,.F.);
#3934 = ORIENTED_EDGE('',*,*,#3913,.F.);
#3935 = ADVANCED_FACE('',(#3936),#1613,.F.);
#3936 = FACE_BOUND('',#3937,.T.);
#3937 = EDGE_LOOP('',(#3938,#3966,#3987,#3988));
#3938 = ORIENTED_EDGE('',*,*,#3939,.T.);
#3939 = EDGE_CURVE('',#3940,#3940,#3942,.T.);
#3940 = VERTEX_POINT('',#3941);
#3941 = CARTESIAN_POINT('',(15.567085809127,23.096988312782,92.6));
#3942 = SURFACE_CURVE('',#3943,(#3948,#3955),.PCURVE_S1.);
#3943 = CIRCLE('',#3944,6.);
#3944 = AXIS2_PLACEMENT_3D('',#3945,#3946,#3947);
#3945 = CARTESIAN_POINT('',(9.567085809127,23.096988312782,92.6));
#3946 = DIRECTION('',(0.,0.,-1.));
#3947 = DIRECTION('',(1.,0.,0.));
#3948 = PCURVE('',#1613,#3949);
#3949 = DEFINITIONAL_REPRESENTATION('',(#3950),#3954);
#3950 = LINE('',#3951,#3952);
#3951 = CARTESIAN_POINT('',(-6.28318530718,-1.));
#3952 = VECTOR('',#3953,1.);
#3953 = DIRECTION('',(1.,-0.));
#3954 = ( GEOMETRIC_REPRESENTATION_CONTEXT(2) 
PARAMETRIC_REPRESENTATION_CONTEXT() REPRESENTATION_CONTEXT('2D SPACE',''
  ) );
#3955 = PCURVE('',#3483,#3956);
#3956 = DEFINITIONAL_REPRESENTATION('',(#3957),#3965);
#3957 = ( BOUNDED_CURVE() B_SPLINE_CURVE(2,(#3958,#3959,#3960,#3961,
#3962,#3963,#3964),.UNSPECIFIED.,.T.,.F.) B_SPLINE_CURVE_WITH_KNOTS((1,2
    ,2,2,2,1),(-2.094395102393,0.,2.094395102393,4.188790204786,
6.28318530718,8.377580409573),.UNSPECIFIED.) CURVE() 
GEOMETRIC_REPRESENTATION_ITEM() RATIONAL_B_SPLINE_CURVE((1.,0.5,1.,0.5,
1.,0.5,1.)) REPRESENTATION_ITEM('') );
#3958 = CARTESIAN_POINT('',(18.265865912435,21.027676338067));
#3959 = CARTESIAN_POINT('',(16.999362544458,10.712834157068));
#3960 = CARTESIAN_POINT('',(8.699698863674,16.967079338214));
#3961 = CARTESIAN_POINT('',(0.400035182891,23.221324519359));
#3962 = CARTESIAN_POINT('',(9.966202231651,27.281921519212));
#3963 = CARTESIAN_POINT('',(19.532369280411,31.342518519065));
#3964 = CARTESIAN_POINT('',(18.265865912435,21.027676338067));
#3965 = ( GEOMETRIC_REPRESENTATION_CONTEXT(2) 
PARAMETRIC_REPRESENTATION_CONTEXT() REPRESENTATION_CONTEXT('2D SPACE',''
  ) );
#3966 = ORIENTED_EDGE('',*,*,#3967,.T.);
#3967 = EDGE_CURVE('',#3940,#1593,#3968,.T.);
#3968 = SEAM_CURVE('',#3969,(#3973,#3980),.PCURVE_S1.);
#3969 = LINE('',#3970,#3971);
#3970 = CARTESIAN_POINT('',(15.567085809127,23.096988312782,91.6));
#3971 = VECTOR('',#3972,1.);
#3972 = DIRECTION('',(0.,0.,1.));
#3973 = PCURVE('',#1613,#3974);
#3974 = DEFINITIONAL_REPRESENTATION('',(#3975),#3979);
#3975 = LINE('',#3976,#3977);
#3976 = CARTESIAN_POINT('',(-6.28318530718,0.));
#3977 = VECTOR('',#3978,1.);
#3978 = DIRECTION('',(-0.,-1.));
#3979 = ( GEOMETRIC_REPRESENTATION_CONTEXT(2) 
PARAMETRIC_REPRESENTATION_CONTEXT() REPRESENTATION_CONTEXT('2D SPACE',''
  ) );
#3980 = PCURVE('',#1613,#3981);
#3981 = DEFINITIONAL_REPRESENTATION('',(#3982),#3986);
#3982 = LINE('',#3983,#3984);
#3983 = CARTESIAN_POINT('',(-0.,0.));
#3984 = VECTOR('',#3985,1.);
#3985 = DIRECTION('',(-0.,-1.));
#3986 = ( GEOMETRIC_REPRESENTATION_CONTEXT(2) 
PARAMETRIC_REPRESENTATION_CONTEXT() REPRESENTATION_CONTEXT('2D SPACE',''
  ) );
#3987 = ORIENTED_EDGE('',*,*,#1592,.F.);
#3988 = ORIENTED_EDGE('',*,*,#3967,.F.);
#3989 = ADVANCED_FACE('',(#3990),#1648,.F.);
#3990 = FACE_BOUND('',#3991,.T.);
#3991 = EDGE_LOOP('',(#3992,#4025,#4046,#4047));
#3992 = ORIENTED_EDGE('',*,*,#3993,.T.);
#3993 = EDGE_CURVE('',#3994,#3994,#3996,.T.);
#3994 = VERTEX_POINT('',#3995);
#3995 = CARTESIAN_POINT('',(24.2,22.5,31.6));
#3996 = SURFACE_CURVE('',#3997,(#4002,#4009),.PCURVE_S1.);
#3997 = CIRCLE('',#3998,1.7);
#3998 = AXIS2_PLACEMENT_3D('',#3999,#4000,#4001);
#3999 = CARTESIAN_POINT('',(22.5,22.5,31.6));
#4000 = DIRECTION('',(0.,0.,-1.));
#4001 = DIRECTION('',(1.,0.,0.));
#4002 = PCURVE('',#1648,#4003);
#4003 = DEFINITIONAL_REPRESENTATION('',(#4004),#4008);
#4004 = LINE('',#4005,#4006);
#4005 = CARTESIAN_POINT('',(-6.28318530718,-1.));
#4006 = VECTOR('',#4007,1.);
#4007 = DIRECTION('',(1.,-0.));
#4008 = ( GEOMETRIC_REPRESENTATION_CONTEXT(2) 
PARAMETRIC_REPRESENTATION_CONTEXT() REPRESENTATION_CONTEXT('2D SPACE',''
  ) );
#4009 = PCURVE('',#4010,#4015);
#4010 = PLANE('',#4011);
#4011 = AXIS2_PLACEMENT_3D('',#4012,#4013,#4014);
#4012 = CARTESIAN_POINT('',(22.5,22.5,31.6));
#4013 = DIRECTION('',(0.,0.,1.));
#4014 = DIRECTION('',(1.,0.,-0.));
#4015 = DEFINITIONAL_REPRESENTATION('',(#4016),#4024);
#4016 = ( BOUNDED_CURVE() B_SPLINE_CURVE(2,(#4017,#4018,#4019,#4020,
#4021,#4022,#4023),.UNSPECIFIED.,.T.,.F.) B_SPLINE_CURVE_WITH_KNOTS((1,2
    ,2,2,2,1),(-2.094395102393,0.,2.094395102393,4.188790204786,
6.28318530718,8.377580409573),.UNSPECIFIED.) CURVE() 
GEOMETRIC_REPRESENTATION_ITEM() RATIONAL_B_SPLINE_CURVE((1.,0.5,1.,0.5,
1.,0.5,1.)) REPRESENTATION_ITEM('') );
#4017 = CARTESIAN_POINT('',(1.7,0.));
#4018 = CARTESIAN_POINT('',(1.7,-2.944486372867));
#4019 = CARTESIAN_POINT('',(-0.85,-1.472243186434));
#4020 = CARTESIAN_POINT('',(-3.4,-4.163799117101E-16));
#4021 = CARTESIAN_POINT('',(-0.85,1.472243186434));
#4022 = CARTESIAN_POINT('',(1.7,2.944486372867));
#4023 = CARTESIAN_POINT('',(1.7,0.));
#4024 = ( GEOMETRIC_REPRESENTATION_CONTEXT(2) 
PARAMETRIC_REPRESENTATION_CONTEXT() REPRESENTATION_CONTEXT('2D SPACE',''
  ) );
#4025 = ORIENTED_EDGE('',*,*,#4026,.T.);
#4026 = EDGE_CURVE('',#3994,#1628,#4027,.T.);
#4027 = SEAM_CURVE('',#4028,(#4032,#4039),.PCURVE_S1.);
#4028 = LINE('',#4029,#4030);
#4029 = CARTESIAN_POINT('',(24.2,22.5,30.6));
#4030 = VECTOR('',#4031,1.);
#4031 = DIRECTION('',(0.,0.,1.));
#4032 = PCURVE('',#1648,#4033);
#4033 = DEFINITIONAL_REPRESENTATION('',(#4034),#4038);
#4034 = LINE('',#4035,#4036);
#4035 = CARTESIAN_POINT('',(-6.28318530718,0.));
#4036 = VECTOR('',#4037,1.);
#4037 = DIRECTION('',(-0.,-1.));
#4038 = ( GEOMETRIC_REPRESENTATION_CONTEXT(2) 
PARAMETRIC_REPRESENTATION_CONTEXT() REPRESENTATION_CONTEXT('2D SPACE',''
  ) );
#4039 = PCURVE('',#1648,#4040);
#4040 = DEFINITIONAL_REPRESENTATION('',(#4041),#4045);
#4041 = LINE('',#4042,#4043);
#4042 = CARTESIAN_POINT('',(-0.,0.));
#4043 = VECTOR('',#4044,1.);
#4044 = DIRECTION('',(-0.,-1.));
#4045 = ( GEOMETRIC_REPRESENTATION_CONTEXT(2) 
PARAMETRIC_REPRESENTATION_CONTEXT() REPRESENTATION_CONTEXT('2D SPACE',''
  ) );
#4046 = ORIENTED_EDGE('',*,*,#1627,.F.);
#4047 = ORIENTED_EDGE('',*,*,#4026,.F.);
#4048 = ADVANCED_FACE('',(#4049),#1685,.F.);
#4049 = FACE_BOUND('',#4050,.T.);
#4050 = EDGE_LOOP('',(#4051,#4072,#4096,#4115));
#4051 = ORIENTED_EDGE('',*,*,#4052,.F.);
#4052 = EDGE_CURVE('',#4053,#1667,#4055,.T.);
#4053 = VERTEX_POINT('',#4054);
#4054 = CARTESIAN_POINT('',(3.449439287833,-32.81922254715,92.6));
#4055 = SURFACE_CURVE('',#4056,(#4060,#4066),.PCURVE_S1.);
#4056 = LINE('',#4057,#4058);
#4057 = CARTESIAN_POINT('',(3.449439287833,-32.81922254715,87.6));
#4058 = VECTOR('',#4059,1.);
#4059 = DIRECTION('',(0.,-0.,-1.));
#4060 = PCURVE('',#1685,#4061);
#4061 = DEFINITIONAL_REPRESENTATION('',(#4062),#4065);
#4062 = B_SPLINE_CURVE_WITH_KNOTS('',1,(#4063,#4064),.UNSPECIFIED.,.F.,
  .F.,(2,2),(-5.0000006,6.000000070117E-07),.PIECEWISE_BEZIER_KNOTS.);
#4063 = CARTESIAN_POINT('',(-10.97812099504,-5.0000006));
#4064 = CARTESIAN_POINT('',(-10.97812099504,6.000000070117E-07));
#4065 = ( GEOMETRIC_REPRESENTATION_CONTEXT(2) 
PARAMETRIC_REPRESENTATION_CONTEXT() REPRESENTATION_CONTEXT('2D SPACE',''
  ) );
#4066 = PCURVE('',#1713,#4067);
#4067 = DEFINITIONAL_REPRESENTATION('',(#4068),#4071);
#4068 = B_SPLINE_CURVE_WITH_KNOTS('',1,(#4069,#4070),.UNSPECIFIED.,.F.,
  .F.,(2,2),(-5.0000006,6.000000070117E-07),.PIECEWISE_BEZIER_KNOTS.);
#4069 = CARTESIAN_POINT('',(78.,-6.0000006));
#4070 = CARTESIAN_POINT('',(78.,-0.9999994));
#4071 = ( GEOMETRIC_REPRESENTATION_CONTEXT(2) 
PARAMETRIC_REPRESENTATION_CONTEXT() REPRESENTATION_CONTEXT('2D SPACE',''
  ) );
#4072 = ORIENTED_EDGE('',*,*,#4073,.T.);
#4073 = EDGE_CURVE('',#4053,#4074,#4076,.T.);
#4074 = VERTEX_POINT('',#4075);
#4075 = CARTESIAN_POINT('',(20.844213245616,-25.58356453216,92.6));
#4076 = SURFACE_CURVE('',#4077,(#4082,#4089),.PCURVE_S1.);
#4077 = CIRCLE('',#4078,33.);
#4078 = AXIS2_PLACEMENT_3D('',#4079,#4080,#4081);
#4079 = CARTESIAN_POINT('',(1.736464926059E-13,2.286895437438E-14,92.6)
  );
#4080 = DIRECTION('',(0.,0.,1.));
#4081 = DIRECTION('',(0.994521895368,0.104528463268,-0.));
#4082 = PCURVE('',#1685,#4083);
#4083 = DEFINITIONAL_REPRESENTATION('',(#4084),#4088);
#4084 = LINE('',#4085,#4086);
#4085 = CARTESIAN_POINT('',(-6.26573201466,-5.));
#4086 = VECTOR('',#4087,1.);
#4087 = DIRECTION('',(-1.,-0.));
#4088 = ( GEOMETRIC_REPRESENTATION_CONTEXT(2) 
PARAMETRIC_REPRESENTATION_CONTEXT() REPRESENTATION_CONTEXT('2D SPACE',''
  ) );
#4089 = PCURVE('',#2738,#4090);
#4090 = DEFINITIONAL_REPRESENTATION('',(#4091),#4095);
#4091 = CIRCLE('',#4092,33.);
#4092 = AXIS2_PLACEMENT_2D('',#4093,#4094);
#4093 = CARTESIAN_POINT('',(1.775044842869E-13,-1.68389736495E-15));
#4094 = DIRECTION('',(0.999847695156,-1.745240643728E-02));
#4095 = ( GEOMETRIC_REPRESENTATION_CONTEXT(2) 
PARAMETRIC_REPRESENTATION_CONTEXT() REPRESENTATION_CONTEXT('2D SPACE',''
  ) );
#4096 = ORIENTED_EDGE('',*,*,#4097,.T.);
#4097 = EDGE_CURVE('',#4074,#1669,#4098,.T.);
#4098 = SURFACE_CURVE('',#4099,(#4103,#4109),.PCURVE_S1.);
#4099 = LINE('',#4100,#4101);
#4100 = CARTESIAN_POINT('',(20.844213245616,-25.58356453216,87.6));
#4101 = VECTOR('',#4102,1.);
#4102 = DIRECTION('',(0.,-0.,-1.));
#4103 = PCURVE('',#1685,#4104);
#4104 = DEFINITIONAL_REPRESENTATION('',(#4105),#4108);
#4105 = B_SPLINE_CURVE_WITH_KNOTS('',1,(#4106,#4107),.UNSPECIFIED.,.F.,
  .F.,(2,2),(-5.0000006,6.000000070117E-07),.PIECEWISE_BEZIER_KNOTS.);
#4106 = CARTESIAN_POINT('',(-11.55707169229,-5.0000006));
#4107 = CARTESIAN_POINT('',(-11.55707169229,6.000000070117E-07));
#4108 = ( GEOMETRIC_REPRESENTATION_CONTEXT(2) 
PARAMETRIC_REPRESENTATION_CONTEXT() REPRESENTATION_CONTEXT('2D SPACE',''
  ) );
#4109 = PCURVE('',#2380,#4110);
#4110 = DEFINITIONAL_REPRESENTATION('',(#4111),#4114);
#4111 = B_SPLINE_CURVE_WITH_KNOTS('',1,(#4112,#4113),.UNSPECIFIED.,.F.,
  .F.,(2,2),(-5.0000006,6.000000070117E-07),.PIECEWISE_BEZIER_KNOTS.);
#4112 = CARTESIAN_POINT('',(-4.21960333005,-61.0000006));
#4113 = CARTESIAN_POINT('',(-4.21960333005,-55.9999994));
#4114 = ( GEOMETRIC_REPRESENTATION_CONTEXT(2) 
PARAMETRIC_REPRESENTATION_CONTEXT() REPRESENTATION_CONTEXT('2D SPACE',''
  ) );
#4115 = ORIENTED_EDGE('',*,*,#1666,.F.);
#4116 = ADVANCED_FACE('',(#4117),#2380,.T.);
#4117 = FACE_BOUND('',#4118,.F.);
#4118 = EDGE_LOOP('',(#4119,#4142,#4164,#4165,#4166,#4187,#4220,#4246,
    #4279,#4305,#4331,#4332));
#4119 = ORIENTED_EDGE('',*,*,#4120,.F.);
#4120 = EDGE_CURVE('',#4121,#2360,#4123,.T.);
#4121 = VERTEX_POINT('',#4122);
#4122 = CARTESIAN_POINT('',(26.,-22.5,31.6));
#4123 = SEAM_CURVE('',#4124,(#4128,#4135),.PCURVE_S1.);
#4124 = LINE('',#4125,#4126);
#4125 = CARTESIAN_POINT('',(26.,-22.5,31.6));
#4126 = VECTOR('',#4127,1.);
#4127 = DIRECTION('',(0.,0.,1.));
#4128 = PCURVE('',#2380,#4129);
#4129 = DEFINITIONAL_REPRESENTATION('',(#4130),#4134);
#4130 = LINE('',#4131,#4132);
#4131 = CARTESIAN_POINT('',(-6.28318530718,0.));
#4132 = VECTOR('',#4133,1.);
#4133 = DIRECTION('',(-0.,-1.));
#4134 = ( GEOMETRIC_REPRESENTATION_CONTEXT(2) 
PARAMETRIC_REPRESENTATION_CONTEXT() REPRESENTATION_CONTEXT('2D SPACE',''
  ) );
#4135 = PCURVE('',#2380,#4136);
#4136 = DEFINITIONAL_REPRESENTATION('',(#4137),#4141);
#4137 = LINE('',#4138,#4139);
#4138 = CARTESIAN_POINT('',(-0.,0.));
#4139 = VECTOR('',#4140,1.);
#4140 = DIRECTION('',(-0.,-1.));
#4141 = ( GEOMETRIC_REPRESENTATION_CONTEXT(2) 
PARAMETRIC_REPRESENTATION_CONTEXT() REPRESENTATION_CONTEXT('2D SPACE',''
  ) );
#4142 = ORIENTED_EDGE('',*,*,#4143,.F.);
#4143 = EDGE_CURVE('',#4121,#4121,#4144,.T.);
#4144 = SURFACE_CURVE('',#4145,(#4150,#4157),.PCURVE_S1.);
#4145 = CIRCLE('',#4146,3.5);
#4146 = AXIS2_PLACEMENT_3D('',#4147,#4148,#4149);
#4147 = CARTESIAN_POINT('',(22.5,-22.5,31.6));
#4148 = DIRECTION('',(0.,0.,1.));
#4149 = DIRECTION('',(1.,0.,0.));
#4150 = PCURVE('',#2380,#4151);
#4151 = DEFINITIONAL_REPRESENTATION('',(#4152),#4156);
#4152 = LINE('',#4153,#4154);
#4153 = CARTESIAN_POINT('',(-0.,0.));
#4154 = VECTOR('',#4155,1.);
#4155 = DIRECTION('',(-1.,0.));
#4156 = ( GEOMETRIC_REPRESENTATION_CONTEXT(2) 
PARAMETRIC_REPRESENTATION_CONTEXT() REPRESENTATION_CONTEXT('2D SPACE',''
  ) );
#4157 = PCURVE('',#3403,#4158);
#4158 = DEFINITIONAL_REPRESENTATION('',(#4159),#4163);
#4159 = CIRCLE('',#4160,3.5);
#4160 = AXIS2_PLACEMENT_2D('',#4161,#4162);
#4161 = CARTESIAN_POINT('',(0.,-7.105427357601E-15));
#4162 = DIRECTION('',(1.,0.));
#4163 = ( GEOMETRIC_REPRESENTATION_CONTEXT(2) 
PARAMETRIC_REPRESENTATION_CONTEXT() REPRESENTATION_CONTEXT('2D SPACE',''
  ) );
#4164 = ORIENTED_EDGE('',*,*,#4120,.T.);
#4165 = ORIENTED_EDGE('',*,*,#2359,.F.);
#4166 = ORIENTED_EDGE('',*,*,#4167,.F.);
#4167 = EDGE_CURVE('',#4168,#2331,#4170,.T.);
#4168 = VERTEX_POINT('',#4169);
#4169 = CARTESIAN_POINT('',(25.583564532162,-20.84421324561,92.6));
#4170 = SURFACE_CURVE('',#4171,(#4175,#4181),.PCURVE_S1.);
#4171 = LINE('',#4172,#4173);
#4172 = CARTESIAN_POINT('',(25.583564532162,-20.84421324561,87.6));
#4173 = VECTOR('',#4174,1.);
#4174 = DIRECTION('',(0.,-0.,-1.));
#4175 = PCURVE('',#2380,#4176);
#4176 = DEFINITIONAL_REPRESENTATION('',(#4177),#4180);
#4177 = B_SPLINE_CURVE_WITH_KNOTS('',1,(#4178,#4179),.UNSPECIFIED.,.F.,
  .F.,(2,2),(-5.0000006,6.000000070117E-07),.PIECEWISE_BEZIER_KNOTS.);
#4178 = CARTESIAN_POINT('',(-0.492785650335,-61.0000006));
#4179 = CARTESIAN_POINT('',(-0.492785650335,-55.9999994));
#4180 = ( GEOMETRIC_REPRESENTATION_CONTEXT(2) 
PARAMETRIC_REPRESENTATION_CONTEXT() REPRESENTATION_CONTEXT('2D SPACE',''
  ) );
#4181 = PCURVE('',#2347,#4182);
#4182 = DEFINITIONAL_REPRESENTATION('',(#4183),#4186);
#4183 = B_SPLINE_CURVE_WITH_KNOTS('',1,(#4184,#4185),.UNSPECIFIED.,.F.,
  .F.,(2,2),(-5.0000006,6.000000070117E-07),.PIECEWISE_BEZIER_KNOTS.);
#4184 = CARTESIAN_POINT('',(-11.76052711434,-5.0000006));
#4185 = CARTESIAN_POINT('',(-11.76052711434,6.000000070117E-07));
#4186 = ( GEOMETRIC_REPRESENTATION_CONTEXT(2) 
PARAMETRIC_REPRESENTATION_CONTEXT() REPRESENTATION_CONTEXT('2D SPACE',''
  ) );
#4187 = ORIENTED_EDGE('',*,*,#4188,.F.);
#4188 = EDGE_CURVE('',#4189,#4168,#4191,.T.);
#4189 = VERTEX_POINT('',#4190);
#4190 = CARTESIAN_POINT('',(21.570048552679,-19.12580523596,92.6));
#4191 = SURFACE_CURVE('',#4192,(#4197,#4204),.PCURVE_S1.);
#4192 = CIRCLE('',#4193,3.5);
#4193 = AXIS2_PLACEMENT_3D('',#4194,#4195,#4196);
#4194 = CARTESIAN_POINT('',(22.5,-22.5,92.6));
#4195 = DIRECTION('',(0.,0.,-1.));
#4196 = DIRECTION('',(1.,0.,0.));
#4197 = PCURVE('',#2380,#4198);
#4198 = DEFINITIONAL_REPRESENTATION('',(#4199),#4203);
#4199 = LINE('',#4200,#4201);
#4200 = CARTESIAN_POINT('',(-6.28318530718,-61.));
#4201 = VECTOR('',#4202,1.);
#4202 = DIRECTION('',(1.,-0.));
#4203 = ( GEOMETRIC_REPRESENTATION_CONTEXT(2) 
PARAMETRIC_REPRESENTATION_CONTEXT() REPRESENTATION_CONTEXT('2D SPACE',''
  ) );
#4204 = PCURVE('',#4205,#4210);
#4205 = PLANE('',#4206);
#4206 = AXIS2_PLACEMENT_3D('',#4207,#4208,#4209);
#4207 = CARTESIAN_POINT('',(-2.740115638314E-15,2.907945272208E-15,92.6)
  );
#4208 = DIRECTION('',(0.,0.,1.));
#4209 = DIRECTION('',(0.992546151641,0.121869343405,0.));
#4210 = DEFINITIONAL_REPRESENTATION('',(#4211),#4219);
#4211 = ( BOUNDED_CURVE() B_SPLINE_CURVE(2,(#4212,#4213,#4214,#4215,
#4216,#4217,#4218),.UNSPECIFIED.,.T.,.F.) B_SPLINE_CURVE_WITH_KNOTS((1,2
    ,2,2,2,1),(-2.094395102393,0.,2.094395102393,4.188790204786,
6.28318530718,8.377580409573),.UNSPECIFIED.) CURVE() 
GEOMETRIC_REPRESENTATION_ITEM() RATIONAL_B_SPLINE_CURVE((1.,0.5,1.,0.5,
1.,0.5,1.)) REPRESENTATION_ITEM('') );
#4212 = CARTESIAN_POINT('',(23.064139716059,-25.50089134046));
#4213 = CARTESIAN_POINT('',(22.325346084739,-31.51788261271));
#4214 = CARTESIAN_POINT('',(17.483875604282,-27.86957292371));
#4215 = CARTESIAN_POINT('',(12.642405123825,-24.22126323471));
#4216 = CARTESIAN_POINT('',(18.222669235601,-21.85258165146));
#4217 = CARTESIAN_POINT('',(23.802933347378,-19.48390006821));
#4218 = CARTESIAN_POINT('',(23.064139716059,-25.50089134046));
#4219 = ( GEOMETRIC_REPRESENTATION_CONTEXT(2) 
PARAMETRIC_REPRESENTATION_CONTEXT() REPRESENTATION_CONTEXT('2D SPACE',''
  ) );
#4220 = ORIENTED_EDGE('',*,*,#4221,.T.);
#4221 = EDGE_CURVE('',#4189,#4222,#4224,.T.);
#4222 = VERTEX_POINT('',#4223);
#4223 = CARTESIAN_POINT('',(21.570048552679,-19.12580523596,57.6));
#4224 = SURFACE_CURVE('',#4225,(#4229,#4235),.PCURVE_S1.);
#4225 = LINE('',#4226,#4227);
#4226 = CARTESIAN_POINT('',(21.570048552679,-19.12580523596,31.6));
#4227 = VECTOR('',#4228,1.);
#4228 = DIRECTION('',(-0.,-0.,-1.));
#4229 = PCURVE('',#2380,#4230);
#4230 = DEFINITIONAL_REPRESENTATION('',(#4231),#4234);
#4231 = B_SPLINE_CURVE_WITH_KNOTS('',1,(#4232,#4233),.UNSPECIFIED.,.F.,
  .F.,(2,2),(-61.0000006,-22.5),.PIECEWISE_BEZIER_KNOTS.);
#4232 = CARTESIAN_POINT('',(-1.839726704557,-61.0000006));
#4233 = CARTESIAN_POINT('',(-1.839726704557,-22.5));
#4234 = ( GEOMETRIC_REPRESENTATION_CONTEXT(2) 
PARAMETRIC_REPRESENTATION_CONTEXT() REPRESENTATION_CONTEXT('2D SPACE',''
  ) );
#4235 = PCURVE('',#4236,#4241);
#4236 = PLANE('',#4237);
#4237 = AXIS2_PLACEMENT_3D('',#4238,#4239,#4240);
#4238 = CARTESIAN_POINT('',(18.527429511509,-14.85384516806,57.6));
#4239 = DIRECTION('',(0.814524592924,0.580129026615,0.));
#4240 = DIRECTION('',(0.,0.,1.));
#4241 = DEFINITIONAL_REPRESENTATION('',(#4242),#4245);
#4242 = B_SPLINE_CURVE_WITH_KNOTS('',1,(#4243,#4244),.UNSPECIFIED.,.F.,
  .F.,(2,2),(-61.0000006,-22.5),.PIECEWISE_BEZIER_KNOTS.);
#4243 = CARTESIAN_POINT('',(35.0000006,5.244728158014));
#4244 = CARTESIAN_POINT('',(-3.5,5.244728158014));
#4245 = ( GEOMETRIC_REPRESENTATION_CONTEXT(2) 
PARAMETRIC_REPRESENTATION_CONTEXT() REPRESENTATION_CONTEXT('2D SPACE',''
  ) );
#4246 = ORIENTED_EDGE('',*,*,#4247,.F.);
#4247 = EDGE_CURVE('',#4248,#4222,#4250,.T.);
#4248 = VERTEX_POINT('',#4249);
#4249 = CARTESIAN_POINT('',(19.615189529661,-20.51811489984,57.6));
#4250 = SURFACE_CURVE('',#4251,(#4256,#4263),.PCURVE_S1.);
#4251 = CIRCLE('',#4252,3.5);
#4252 = AXIS2_PLACEMENT_3D('',#4253,#4254,#4255);
#4253 = CARTESIAN_POINT('',(22.5,-22.5,57.6));
#4254 = DIRECTION('',(0.,0.,-1.));
#4255 = DIRECTION('',(1.,0.,0.));
#4256 = PCURVE('',#2380,#4257);
#4257 = DEFINITIONAL_REPRESENTATION('',(#4258),#4262);
#4258 = LINE('',#4259,#4260);
#4259 = CARTESIAN_POINT('',(-6.28318530718,-26.));
#4260 = VECTOR('',#4261,1.);
#4261 = DIRECTION('',(1.,-0.));
#4262 = ( GEOMETRIC_REPRESENTATION_CONTEXT(2) 
PARAMETRIC_REPRESENTATION_CONTEXT() REPRESENTATION_CONTEXT('2D SPACE',''
  ) );
#4263 = PCURVE('',#4264,#4269);
#4264 = PLANE('',#4265);
#4265 = AXIS2_PLACEMENT_3D('',#4266,#4267,#4268);
#4266 = CARTESIAN_POINT('',(16.572570488491,-16.24615483193,57.6));
#4267 = DIRECTION('',(0.,0.,1.));
#4268 = DIRECTION('',(0.580129026615,-0.814524592924,0.));
#4269 = DEFINITIONAL_REPRESENTATION('',(#4270),#4278);
#4270 = ( BOUNDED_CURVE() B_SPLINE_CURVE(2,(#4271,#4272,#4273,#4274,
#4275,#4276,#4277),.UNSPECIFIED.,.T.,.F.) B_SPLINE_CURVE_WITH_KNOTS((1,2
    ,2,2,2,1),(-2.094395102393,0.,2.094395102393,4.188790204786,
6.28318530718,8.377580409573),.UNSPECIFIED.) CURVE() 
GEOMETRIC_REPRESENTATION_ITEM() RATIONAL_B_SPLINE_CURVE((1.,0.5,1.,0.5,
1.,0.5,1.)) REPRESENTATION_ITEM('') );
#4271 = CARTESIAN_POINT('',(10.563036195722,4.050836075235));
#4272 = CARTESIAN_POINT('',(15.50082912208,0.533990753585));
#4273 = CARTESIAN_POINT('',(9.986255269171,-1.983840698443));
#4274 = CARTESIAN_POINT('',(4.471681416263,-4.50167215047));
#4275 = CARTESIAN_POINT('',(5.048462342814,1.533004623208));
#4276 = CARTESIAN_POINT('',(5.625243269365,7.567681396885));
#4277 = CARTESIAN_POINT('',(10.563036195722,4.050836075235));
#4278 = ( GEOMETRIC_REPRESENTATION_CONTEXT(2) 
PARAMETRIC_REPRESENTATION_CONTEXT() REPRESENTATION_CONTEXT('2D SPACE',''
  ) );
#4279 = ORIENTED_EDGE('',*,*,#4280,.F.);
#4280 = EDGE_CURVE('',#4281,#4248,#4283,.T.);
#4281 = VERTEX_POINT('',#4282);
#4282 = CARTESIAN_POINT('',(19.615189529661,-20.51811489984,92.6));
#4283 = SURFACE_CURVE('',#4284,(#4288,#4294),.PCURVE_S1.);
#4284 = LINE('',#4285,#4286);
#4285 = CARTESIAN_POINT('',(19.615189529661,-20.51811489984,31.6));
#4286 = VECTOR('',#4287,1.);
#4287 = DIRECTION('',(-0.,-0.,-1.));
#4288 = PCURVE('',#2380,#4289);
#4289 = DEFINITIONAL_REPRESENTATION('',(#4290),#4293);
#4290 = B_SPLINE_CURVE_WITH_KNOTS('',1,(#4291,#4292),.UNSPECIFIED.,.F.,
  .F.,(2,2),(-61.0000006,-22.5),.PIECEWISE_BEZIER_KNOTS.);
#4291 = CARTESIAN_POINT('',(-2.539640127044,-61.0000006));
#4292 = CARTESIAN_POINT('',(-2.539640127044,-22.5));
#4293 = ( GEOMETRIC_REPRESENTATION_CONTEXT(2) 
PARAMETRIC_REPRESENTATION_CONTEXT() REPRESENTATION_CONTEXT('2D SPACE',''
  ) );
#4294 = PCURVE('',#4295,#4300);
#4295 = PLANE('',#4296);
#4296 = AXIS2_PLACEMENT_3D('',#4297,#4298,#4299);
#4297 = CARTESIAN_POINT('',(16.572570488491,-16.24615483193,57.6));
#4298 = DIRECTION('',(0.814524592924,0.580129026615,0.));
#4299 = DIRECTION('',(0.,0.,1.));
#4300 = DEFINITIONAL_REPRESENTATION('',(#4301),#4304);
#4301 = B_SPLINE_CURVE_WITH_KNOTS('',1,(#4302,#4303),.UNSPECIFIED.,.F.,
  .F.,(2,2),(-61.0000006,-22.5),.PIECEWISE_BEZIER_KNOTS.);
#4302 = CARTESIAN_POINT('',(35.0000006,5.244728158014));
#4303 = CARTESIAN_POINT('',(-3.5,5.244728158014));
#4304 = ( GEOMETRIC_REPRESENTATION_CONTEXT(2) 
PARAMETRIC_REPRESENTATION_CONTEXT() REPRESENTATION_CONTEXT('2D SPACE',''
  ) );
#4305 = ORIENTED_EDGE('',*,*,#4306,.F.);
#4306 = EDGE_CURVE('',#4074,#4281,#4307,.T.);
#4307 = SURFACE_CURVE('',#4308,(#4313,#4320),.PCURVE_S1.);
#4308 = CIRCLE('',#4309,3.5);
#4309 = AXIS2_PLACEMENT_3D('',#4310,#4311,#4312);
#4310 = CARTESIAN_POINT('',(22.5,-22.5,92.6));
#4311 = DIRECTION('',(0.,0.,-1.));
#4312 = DIRECTION('',(1.,0.,0.));
#4313 = PCURVE('',#2380,#4314);
#4314 = DEFINITIONAL_REPRESENTATION('',(#4315),#4319);
#4315 = LINE('',#4316,#4317);
#4316 = CARTESIAN_POINT('',(-6.28318530718,-61.));
#4317 = VECTOR('',#4318,1.);
#4318 = DIRECTION('',(1.,-0.));
#4319 = ( GEOMETRIC_REPRESENTATION_CONTEXT(2) 
PARAMETRIC_REPRESENTATION_CONTEXT() REPRESENTATION_CONTEXT('2D SPACE',''
  ) );
#4320 = PCURVE('',#2738,#4321);
#4321 = DEFINITIONAL_REPRESENTATION('',(#4322),#4330);
#4322 = ( BOUNDED_CURVE() B_SPLINE_CURVE(2,(#4323,#4324,#4325,#4326,
#4327,#4328,#4329),.UNSPECIFIED.,.T.,.F.) B_SPLINE_CURVE_WITH_KNOTS((1,2
    ,2,2,2,1),(-2.094395102393,0.,2.094395102393,4.188790204786,
6.28318530718,8.377580409573),.UNSPECIFIED.) CURVE() 
GEOMETRIC_REPRESENTATION_ITEM() RATIONAL_B_SPLINE_CURVE((1.,0.5,1.,0.5,
1.,0.5,1.)) REPRESENTATION_ITEM('') );
#4323 = CARTESIAN_POINT('',(23.064139716059,-25.50089134046));
#4324 = CARTESIAN_POINT('',(22.325346084739,-31.51788261271));
#4325 = CARTESIAN_POINT('',(17.483875604282,-27.86957292371));
#4326 = CARTESIAN_POINT('',(12.642405123825,-24.22126323471));
#4327 = CARTESIAN_POINT('',(18.222669235601,-21.85258165146));
#4328 = CARTESIAN_POINT('',(23.802933347378,-19.48390006821));
#4329 = CARTESIAN_POINT('',(23.064139716059,-25.50089134046));
#4330 = ( GEOMETRIC_REPRESENTATION_CONTEXT(2) 
PARAMETRIC_REPRESENTATION_CONTEXT() REPRESENTATION_CONTEXT('2D SPACE',''
  ) );
#4331 = ORIENTED_EDGE('',*,*,#4097,.T.);
#4332 = ORIENTED_EDGE('',*,*,#2392,.F.);
#4333 = ADVANCED_FACE('',(#4334),#2347,.F.);
#4334 = FACE_BOUND('',#4335,.T.);
#4335 = EDGE_LOOP('',(#4336,#4337,#4361,#4380));
#4336 = ORIENTED_EDGE('',*,*,#4167,.F.);
#4337 = ORIENTED_EDGE('',*,*,#4338,.T.);
#4338 = EDGE_CURVE('',#4168,#4339,#4341,.T.);
#4339 = VERTEX_POINT('',#4340);
#4340 = CARTESIAN_POINT('',(32.819222547153,-3.449439287833,92.6));
#4341 = SURFACE_CURVE('',#4342,(#4347,#4354),.PCURVE_S1.);
#4342 = CIRCLE('',#4343,33.);
#4343 = AXIS2_PLACEMENT_3D('',#4344,#4345,#4346);
#4344 = CARTESIAN_POINT('',(1.736464926059E-13,2.286895437438E-14,92.6)
  );
#4345 = DIRECTION('',(0.,0.,1.));
#4346 = DIRECTION('',(0.994521895368,0.104528463268,-0.));
#4347 = PCURVE('',#2347,#4348);
#4348 = DEFINITIONAL_REPRESENTATION('',(#4349),#4353);
#4349 = LINE('',#4350,#4351);
#4350 = CARTESIAN_POINT('',(-6.26573201466,-5.));
#4351 = VECTOR('',#4352,1.);
#4352 = DIRECTION('',(-1.,-0.));
#4353 = ( GEOMETRIC_REPRESENTATION_CONTEXT(2) 
PARAMETRIC_REPRESENTATION_CONTEXT() REPRESENTATION_CONTEXT('2D SPACE',''
  ) );
#4354 = PCURVE('',#4205,#4355);
#4355 = DEFINITIONAL_REPRESENTATION('',(#4356),#4360);
#4356 = CIRCLE('',#4357,33.);
#4357 = AXIS2_PLACEMENT_2D('',#4358,#4359);
#4358 = CARTESIAN_POINT('',(1.775044842869E-13,-1.68389736495E-15));
#4359 = DIRECTION('',(0.999847695156,-1.745240643728E-02));
#4360 = ( GEOMETRIC_REPRESENTATION_CONTEXT(2) 
PARAMETRIC_REPRESENTATION_CONTEXT() REPRESENTATION_CONTEXT('2D SPACE',''
  ) );
#4361 = ORIENTED_EDGE('',*,*,#4362,.T.);
#4362 = EDGE_CURVE('',#4339,#2304,#4363,.T.);
#4363 = SURFACE_CURVE('',#4364,(#4368,#4374),.PCURVE_S1.);
#4364 = LINE('',#4365,#4366);
#4365 = CARTESIAN_POINT('',(32.819222547153,-3.449439287833,87.6));
#4366 = VECTOR('',#4367,1.);
#4367 = DIRECTION('',(0.,-0.,-1.));
#4368 = PCURVE('',#2347,#4369);
#4369 = DEFINITIONAL_REPRESENTATION('',(#4370),#4373);
#4370 = B_SPLINE_CURVE_WITH_KNOTS('',1,(#4371,#4372),.UNSPECIFIED.,.F.,
  .F.,(2,2),(-5.,0.),.PIECEWISE_BEZIER_KNOTS.);
#4371 = CARTESIAN_POINT('',(-12.3394778116,-5.));
#4372 = CARTESIAN_POINT('',(-12.3394778116,0.));
#4373 = ( GEOMETRIC_REPRESENTATION_CONTEXT(2) 
PARAMETRIC_REPRESENTATION_CONTEXT() REPRESENTATION_CONTEXT('2D SPACE',''
  ) );
#4374 = PCURVE('',#2319,#4375);
#4375 = DEFINITIONAL_REPRESENTATION('',(#4376),#4379);
#4376 = B_SPLINE_CURVE_WITH_KNOTS('',1,(#4377,#4378),.UNSPECIFIED.,.F.,
  .F.,(2,2),(-5.0000006,6.000000070117E-07),.PIECEWISE_BEZIER_KNOTS.);
#4377 = CARTESIAN_POINT('',(33.,-6.0000006));
#4378 = CARTESIAN_POINT('',(33.,-0.9999994));
#4379 = ( GEOMETRIC_REPRESENTATION_CONTEXT(2) 
PARAMETRIC_REPRESENTATION_CONTEXT() REPRESENTATION_CONTEXT('2D SPACE',''
  ) );
#4380 = ORIENTED_EDGE('',*,*,#2330,.F.);
#4381 = ADVANCED_FACE('',(#4382),#2319,.F.);
#4382 = FACE_BOUND('',#4383,.F.);
#4383 = EDGE_LOOP('',(#4384,#4405,#4424,#4425));
#4384 = ORIENTED_EDGE('',*,*,#4385,.F.);
#4385 = EDGE_CURVE('',#4386,#2275,#4388,.T.);
#4386 = VERTEX_POINT('',#4387);
#4387 = CARTESIAN_POINT('',(28.84113496568,-3.031325434762,92.6));
#4388 = SURFACE_CURVE('',#4389,(#4393,#4399),.PCURVE_S1.);
#4389 = LINE('',#4390,#4391);
#4390 = CARTESIAN_POINT('',(28.84113496568,-3.031325434762,87.6));
#4391 = VECTOR('',#4392,1.);
#4392 = DIRECTION('',(-0.,-0.,-1.));
#4393 = PCURVE('',#2319,#4394);
#4394 = DEFINITIONAL_REPRESENTATION('',(#4395),#4398);
#4395 = B_SPLINE_CURVE_WITH_KNOTS('',1,(#4396,#4397),.UNSPECIFIED.,.F.,
  .F.,(2,2),(-8.0000006,6.000000070117E-07),.PIECEWISE_BEZIER_KNOTS.);
#4396 = CARTESIAN_POINT('',(29.,-9.0000006));
#4397 = CARTESIAN_POINT('',(29.,-0.9999994));
#4398 = ( GEOMETRIC_REPRESENTATION_CONTEXT(2) 
PARAMETRIC_REPRESENTATION_CONTEXT() REPRESENTATION_CONTEXT('2D SPACE',''
  ) );
#4399 = PCURVE('',#2291,#4400);
#4400 = DEFINITIONAL_REPRESENTATION('',(#4401),#4404);
#4401 = B_SPLINE_CURVE_WITH_KNOTS('',1,(#4402,#4403),.UNSPECIFIED.,.F.,
  .F.,(2,2),(-8.,0.),.PIECEWISE_BEZIER_KNOTS.);
#4402 = CARTESIAN_POINT('',(-6.17846555206,-8.));
#4403 = CARTESIAN_POINT('',(-6.17846555206,0.));
#4404 = ( GEOMETRIC_REPRESENTATION_CONTEXT(2) 
PARAMETRIC_REPRESENTATION_CONTEXT() REPRESENTATION_CONTEXT('2D SPACE',''
  ) );
#4405 = ORIENTED_EDGE('',*,*,#4406,.F.);
#4406 = EDGE_CURVE('',#4339,#4386,#4407,.T.);
#4407 = SURFACE_CURVE('',#4408,(#4412,#4418),.PCURVE_S1.);
#4408 = LINE('',#4409,#4410);
#4409 = CARTESIAN_POINT('',(-1.506237248504E-15,1.583119141327E-16,92.6)
  );
#4410 = VECTOR('',#4411,1.);
#4411 = DIRECTION('',(-0.994521895368,0.104528463268,0.));
#4412 = PCURVE('',#2319,#4413);
#4413 = DEFINITIONAL_REPRESENTATION('',(#4414),#4417);
#4414 = B_SPLINE_CURVE_WITH_KNOTS('',1,(#4415,#4416),.UNSPECIFIED.,.F.,
  .F.,(2,2),(-33.86803555718,-29.),.PIECEWISE_BEZIER_KNOTS.);
#4415 = CARTESIAN_POINT('',(33.868035557182,-6.));
#4416 = CARTESIAN_POINT('',(29.,-6.));
#4417 = ( GEOMETRIC_REPRESENTATION_CONTEXT(2) 
PARAMETRIC_REPRESENTATION_CONTEXT() REPRESENTATION_CONTEXT('2D SPACE',''
  ) );
#4418 = PCURVE('',#4205,#4419);
#4419 = DEFINITIONAL_REPRESENTATION('',(#4420),#4423);
#4420 = B_SPLINE_CURVE_WITH_KNOTS('',1,(#4421,#4422),.UNSPECIFIED.,.F.,
  .F.,(2,2),(-33.86803555718,-29.),.PIECEWISE_BEZIER_KNOTS.);
#4421 = CARTESIAN_POINT('',(33.,-7.618650307144));
#4422 = CARTESIAN_POINT('',(28.256731878772,-6.523580575972));
#4423 = ( GEOMETRIC_REPRESENTATION_CONTEXT(2) 
PARAMETRIC_REPRESENTATION_CONTEXT() REPRESENTATION_CONTEXT('2D SPACE',''
  ) );
#4424 = ORIENTED_EDGE('',*,*,#4362,.T.);
#4425 = ORIENTED_EDGE('',*,*,#2303,.T.);
#4426 = ADVANCED_FACE('',(#4427),#2291,.F.);
#4427 = FACE_BOUND('',#4428,.T.);
#4428 = EDGE_LOOP('',(#4429,#4457,#4476,#4477));
#4429 = ORIENTED_EDGE('',*,*,#4430,.F.);
#4430 = EDGE_CURVE('',#4431,#4386,#4433,.T.);
#4431 = VERTEX_POINT('',#4432);
#4432 = CARTESIAN_POINT('',(28.84113496568,3.031325434762,92.6));
#4433 = SURFACE_CURVE('',#4434,(#4439,#4446),.PCURVE_S1.);
#4434 = CIRCLE('',#4435,29.);
#4435 = AXIS2_PLACEMENT_3D('',#4436,#4437,#4438);
#4436 = CARTESIAN_POINT('',(1.75139182436E-13,1.53630861786E-15,92.6));
#4437 = DIRECTION('',(0.,0.,-1.));
#4438 = DIRECTION('',(1.,0.,0.));
#4439 = PCURVE('',#2291,#4440);
#4440 = DEFINITIONAL_REPRESENTATION('',(#4441),#4445);
#4441 = LINE('',#4442,#4443);
#4442 = CARTESIAN_POINT('',(-12.56637061435,-5.));
#4443 = VECTOR('',#4444,1.);
#4444 = DIRECTION('',(1.,-0.));
#4445 = ( GEOMETRIC_REPRESENTATION_CONTEXT(2) 
PARAMETRIC_REPRESENTATION_CONTEXT() REPRESENTATION_CONTEXT('2D SPACE',''
  ) );
#4446 = PCURVE('',#4205,#4447);
#4447 = DEFINITIONAL_REPRESENTATION('',(#4448),#4456);
#4448 = ( BOUNDED_CURVE() B_SPLINE_CURVE(2,(#4449,#4450,#4451,#4452,
#4453,#4454,#4455),.UNSPECIFIED.,.T.,.F.) B_SPLINE_CURVE_WITH_KNOTS((1,2
    ,2,2,2,1),(-2.094395102393,0.,2.094395102393,4.188790204786,
6.28318530718,8.377580409573),.UNSPECIFIED.) CURVE() 
GEOMETRIC_REPRESENTATION_ITEM() RATIONAL_B_SPLINE_CURVE((1.,0.5,1.,0.5,
1.,0.5,1.)) REPRESENTATION_ITEM('') );
#4449 = CARTESIAN_POINT('',(28.783838397599,-3.534210958749));
#4450 = CARTESIAN_POINT('',(22.662405452378,-53.38928150024));
#4451 = CARTESIAN_POINT('',(-17.4526356714,-23.16042979137));
#4452 = CARTESIAN_POINT('',(-57.56767679519,7.068421917499));
#4453 = CARTESIAN_POINT('',(-11.33120272618,26.694640750121));
#4454 = CARTESIAN_POINT('',(34.905271342819,46.320859582743));
#4455 = CARTESIAN_POINT('',(28.783838397599,-3.534210958749));
#4456 = ( GEOMETRIC_REPRESENTATION_CONTEXT(2) 
PARAMETRIC_REPRESENTATION_CONTEXT() REPRESENTATION_CONTEXT('2D SPACE',''
  ) );
#4457 = ORIENTED_EDGE('',*,*,#4458,.T.);
#4458 = EDGE_CURVE('',#4431,#2248,#4459,.T.);
#4459 = SURFACE_CURVE('',#4460,(#4464,#4470),.PCURVE_S1.);
#4460 = LINE('',#4461,#4462);
#4461 = CARTESIAN_POINT('',(28.84113496568,3.031325434762,87.6));
#4462 = VECTOR('',#4463,1.);
#4463 = DIRECTION('',(-0.,-0.,-1.));
#4464 = PCURVE('',#2291,#4465);
#4465 = DEFINITIONAL_REPRESENTATION('',(#4466),#4469);
#4466 = B_SPLINE_CURVE_WITH_KNOTS('',1,(#4467,#4468),.UNSPECIFIED.,.F.,
  .F.,(2,2),(-8.,0.),.PIECEWISE_BEZIER_KNOTS.);
#4467 = CARTESIAN_POINT('',(-6.387905062299,-8.));
#4468 = CARTESIAN_POINT('',(-6.387905062299,0.));
#4469 = ( GEOMETRIC_REPRESENTATION_CONTEXT(2) 
PARAMETRIC_REPRESENTATION_CONTEXT() REPRESENTATION_CONTEXT('2D SPACE',''
  ) );
#4470 = PCURVE('',#2263,#4471);
#4471 = DEFINITIONAL_REPRESENTATION('',(#4472),#4475);
#4472 = B_SPLINE_CURVE_WITH_KNOTS('',1,(#4473,#4474),.UNSPECIFIED.,.F.,
  .F.,(2,2),(-8.0000006,6.000000070117E-07),.PIECEWISE_BEZIER_KNOTS.);
#4473 = CARTESIAN_POINT('',(82.,-9.0000006));
#4474 = CARTESIAN_POINT('',(82.,-0.9999994));
#4475 = ( GEOMETRIC_REPRESENTATION_CONTEXT(2) 
PARAMETRIC_REPRESENTATION_CONTEXT() REPRESENTATION_CONTEXT('2D SPACE',''
  ) );
#4476 = ORIENTED_EDGE('',*,*,#2274,.F.);
#4477 = ORIENTED_EDGE('',*,*,#4385,.F.);
#4478 = ADVANCED_FACE('',(#4479),#2263,.F.);
#4479 = FACE_BOUND('',#4480,.F.);
#4480 = EDGE_LOOP('',(#4481,#4482,#4503,#4522));
#4481 = ORIENTED_EDGE('',*,*,#2247,.T.);
#4482 = ORIENTED_EDGE('',*,*,#4483,.F.);
#4483 = EDGE_CURVE('',#4484,#2219,#4486,.T.);
#4484 = VERTEX_POINT('',#4485);
#4485 = CARTESIAN_POINT('',(32.819222547153,3.449439287833,92.6));
#4486 = SURFACE_CURVE('',#4487,(#4491,#4497),.PCURVE_S1.);
#4487 = LINE('',#4488,#4489);
#4488 = CARTESIAN_POINT('',(32.819222547153,3.449439287833,87.6));
#4489 = VECTOR('',#4490,1.);
#4490 = DIRECTION('',(0.,-0.,-1.));
#4491 = PCURVE('',#2263,#4492);
#4492 = DEFINITIONAL_REPRESENTATION('',(#4493),#4496);
#4493 = B_SPLINE_CURVE_WITH_KNOTS('',1,(#4494,#4495),.UNSPECIFIED.,.F.,
  .F.,(2,2),(-5.0000006,6.000000070117E-07),.PIECEWISE_BEZIER_KNOTS.);
#4494 = CARTESIAN_POINT('',(78.,-6.0000006));
#4495 = CARTESIAN_POINT('',(78.,-0.9999994));
#4496 = ( GEOMETRIC_REPRESENTATION_CONTEXT(2) 
PARAMETRIC_REPRESENTATION_CONTEXT() REPRESENTATION_CONTEXT('2D SPACE',''
  ) );
#4497 = PCURVE('',#2235,#4498);
#4498 = DEFINITIONAL_REPRESENTATION('',(#4499),#4502);
#4499 = B_SPLINE_CURVE_WITH_KNOTS('',1,(#4500,#4501),.UNSPECIFIED.,.F.,
  .F.,(2,2),(-5.,0.),.PIECEWISE_BEZIER_KNOTS.);
#4500 = CARTESIAN_POINT('',(-6.26573201466,-5.));
#4501 = CARTESIAN_POINT('',(-6.26573201466,0.));
#4502 = ( GEOMETRIC_REPRESENTATION_CONTEXT(2) 
PARAMETRIC_REPRESENTATION_CONTEXT() REPRESENTATION_CONTEXT('2D SPACE',''
  ) );
#4503 = ORIENTED_EDGE('',*,*,#4504,.F.);
#4504 = EDGE_CURVE('',#4431,#4484,#4505,.T.);
#4505 = SURFACE_CURVE('',#4506,(#4510,#4516),.PCURVE_S1.);
#4506 = LINE('',#4507,#4508);
#4507 = CARTESIAN_POINT('',(55.195965192939,5.801329711355,92.6));
#4508 = VECTOR('',#4509,1.);
#4509 = DIRECTION('',(0.994521895368,0.104528463268,-0.));
#4510 = PCURVE('',#2263,#4511);
#4511 = DEFINITIONAL_REPRESENTATION('',(#4512),#4515);
#4512 = B_SPLINE_CURVE_WITH_KNOTS('',1,(#4513,#4514),.UNSPECIFIED.,.F.,
  .F.,(2,2),(-26.5,-22.49497317455),.PIECEWISE_BEZIER_KNOTS.);
#4513 = CARTESIAN_POINT('',(82.,-6.));
#4514 = CARTESIAN_POINT('',(77.994973174551,-6.));
#4515 = ( GEOMETRIC_REPRESENTATION_CONTEXT(2) 
PARAMETRIC_REPRESENTATION_CONTEXT() REPRESENTATION_CONTEXT('2D SPACE',''
  ) );
#4516 = PCURVE('',#4205,#4517);
#4517 = DEFINITIONAL_REPRESENTATION('',(#4518),#4521);
#4518 = B_SPLINE_CURVE_WITH_KNOTS('',1,(#4519,#4520),.UNSPECIFIED.,.F.,
  .F.,(2,2),(-26.5,-22.49497317455),.PIECEWISE_BEZIER_KNOTS.);
#4519 = CARTESIAN_POINT('',(28.995583159536,-0.506119786681));
#4520 = CARTESIAN_POINT('',(33.,-0.576017142631));
#4521 = ( GEOMETRIC_REPRESENTATION_CONTEXT(2) 
PARAMETRIC_REPRESENTATION_CONTEXT() REPRESENTATION_CONTEXT('2D SPACE',''
  ) );
#4522 = ORIENTED_EDGE('',*,*,#4458,.T.);
#4523 = ADVANCED_FACE('',(#4524),#2235,.F.);
#4524 = FACE_BOUND('',#4525,.T.);
#4525 = EDGE_LOOP('',(#4526,#4527,#4551,#4570));
#4526 = ORIENTED_EDGE('',*,*,#4483,.F.);
#4527 = ORIENTED_EDGE('',*,*,#4528,.T.);
#4528 = EDGE_CURVE('',#4484,#4529,#4531,.T.);
#4529 = VERTEX_POINT('',#4530);
#4530 = CARTESIAN_POINT('',(25.583564532162,20.844213245616,92.6));
#4531 = SURFACE_CURVE('',#4532,(#4537,#4544),.PCURVE_S1.);
#4532 = CIRCLE('',#4533,33.);
#4533 = AXIS2_PLACEMENT_3D('',#4534,#4535,#4536);
#4534 = CARTESIAN_POINT('',(1.736464926059E-13,2.286895437438E-14,92.6)
  );
#4535 = DIRECTION('',(0.,0.,1.));
#4536 = DIRECTION('',(0.994521895368,0.104528463268,-0.));
#4537 = PCURVE('',#2235,#4538);
#4538 = DEFINITIONAL_REPRESENTATION('',(#4539),#4543);
#4539 = LINE('',#4540,#4541);
#4540 = CARTESIAN_POINT('',(-6.26573201466,-5.));
#4541 = VECTOR('',#4542,1.);
#4542 = DIRECTION('',(-1.,-0.));
#4543 = ( GEOMETRIC_REPRESENTATION_CONTEXT(2) 
PARAMETRIC_REPRESENTATION_CONTEXT() REPRESENTATION_CONTEXT('2D SPACE',''
  ) );
#4544 = PCURVE('',#4205,#4545);
#4545 = DEFINITIONAL_REPRESENTATION('',(#4546),#4550);
#4546 = CIRCLE('',#4547,33.);
#4547 = AXIS2_PLACEMENT_2D('',#4548,#4549);
#4548 = CARTESIAN_POINT('',(1.775044842869E-13,-1.68389736495E-15));
#4549 = DIRECTION('',(0.999847695156,-1.745240643728E-02));
#4550 = ( GEOMETRIC_REPRESENTATION_CONTEXT(2) 
PARAMETRIC_REPRESENTATION_CONTEXT() REPRESENTATION_CONTEXT('2D SPACE',''
  ) );
#4551 = ORIENTED_EDGE('',*,*,#4552,.T.);
#4552 = EDGE_CURVE('',#4529,#2191,#4553,.T.);
#4553 = SURFACE_CURVE('',#4554,(#4558,#4564),.PCURVE_S1.);
#4554 = LINE('',#4555,#4556);
#4555 = CARTESIAN_POINT('',(25.583564532162,20.844213245616,87.6));
#4556 = VECTOR('',#4557,1.);
#4557 = DIRECTION('',(0.,-0.,-1.));
#4558 = PCURVE('',#2235,#4559);
#4559 = DEFINITIONAL_REPRESENTATION('',(#4560),#4563);
#4560 = B_SPLINE_CURVE_WITH_KNOTS('',1,(#4561,#4562),.UNSPECIFIED.,.F.,
  .F.,(2,2),(-5.0000006,6.000000070117E-07),.PIECEWISE_BEZIER_KNOTS.);
#4561 = CARTESIAN_POINT('',(-6.844682711911,-5.0000006));
#4562 = CARTESIAN_POINT('',(-6.844682711911,6.000000070117E-07));
#4563 = ( GEOMETRIC_REPRESENTATION_CONTEXT(2) 
PARAMETRIC_REPRESENTATION_CONTEXT() REPRESENTATION_CONTEXT('2D SPACE',''
  ) );
#4564 = PCURVE('',#2178,#4565);
#4565 = DEFINITIONAL_REPRESENTATION('',(#4566),#4569);
#4566 = B_SPLINE_CURVE_WITH_KNOTS('',1,(#4567,#4568),.UNSPECIFIED.,.F.,
  .F.,(2,2),(-5.0000006,6.000000070117E-07),.PIECEWISE_BEZIER_KNOTS.);
#4567 = CARTESIAN_POINT('',(-5.790399656845,-61.0000006));
#4568 = CARTESIAN_POINT('',(-5.790399656845,-55.9999994));
#4569 = ( GEOMETRIC_REPRESENTATION_CONTEXT(2) 
PARAMETRIC_REPRESENTATION_CONTEXT() REPRESENTATION_CONTEXT('2D SPACE',''
  ) );
#4570 = ORIENTED_EDGE('',*,*,#2218,.F.);
#4571 = ADVANCED_FACE('',(#4572),#2178,.T.);
#4572 = FACE_BOUND('',#4573,.F.);
#4573 = EDGE_LOOP('',(#4574,#4597,#4619,#4620,#4621,#4642,#4670,#4696,
    #4729,#4755,#4781,#4782));
#4574 = ORIENTED_EDGE('',*,*,#4575,.F.);
#4575 = EDGE_CURVE('',#4576,#2158,#4578,.T.);
#4576 = VERTEX_POINT('',#4577);
#4577 = CARTESIAN_POINT('',(26.,22.5,31.6));
#4578 = SEAM_CURVE('',#4579,(#4583,#4590),.PCURVE_S1.);
#4579 = LINE('',#4580,#4581);
#4580 = CARTESIAN_POINT('',(26.,22.5,31.6));
#4581 = VECTOR('',#4582,1.);
#4582 = DIRECTION('',(0.,0.,1.));
#4583 = PCURVE('',#2178,#4584);
#4584 = DEFINITIONAL_REPRESENTATION('',(#4585),#4589);
#4585 = LINE('',#4586,#4587);
#4586 = CARTESIAN_POINT('',(-6.28318530718,0.));
#4587 = VECTOR('',#4588,1.);
#4588 = DIRECTION('',(-0.,-1.));
#4589 = ( GEOMETRIC_REPRESENTATION_CONTEXT(2) 
PARAMETRIC_REPRESENTATION_CONTEXT() REPRESENTATION_CONTEXT('2D SPACE',''
  ) );
#4590 = PCURVE('',#2178,#4591);
#4591 = DEFINITIONAL_REPRESENTATION('',(#4592),#4596);
#4592 = LINE('',#4593,#4594);
#4593 = CARTESIAN_POINT('',(-0.,0.));
#4594 = VECTOR('',#4595,1.);
#4595 = DIRECTION('',(-0.,-1.));
#4596 = ( GEOMETRIC_REPRESENTATION_CONTEXT(2) 
PARAMETRIC_REPRESENTATION_CONTEXT() REPRESENTATION_CONTEXT('2D SPACE',''
  ) );
#4597 = ORIENTED_EDGE('',*,*,#4598,.F.);
#4598 = EDGE_CURVE('',#4576,#4576,#4599,.T.);
#4599 = SURFACE_CURVE('',#4600,(#4605,#4612),.PCURVE_S1.);
#4600 = CIRCLE('',#4601,3.5);
#4601 = AXIS2_PLACEMENT_3D('',#4602,#4603,#4604);
#4602 = CARTESIAN_POINT('',(22.5,22.5,31.6));
#4603 = DIRECTION('',(0.,0.,1.));
#4604 = DIRECTION('',(1.,0.,0.));
#4605 = PCURVE('',#2178,#4606);
#4606 = DEFINITIONAL_REPRESENTATION('',(#4607),#4611);
#4607 = LINE('',#4608,#4609);
#4608 = CARTESIAN_POINT('',(-0.,0.));
#4609 = VECTOR('',#4610,1.);
#4610 = DIRECTION('',(-1.,0.));
#4611 = ( GEOMETRIC_REPRESENTATION_CONTEXT(2) 
PARAMETRIC_REPRESENTATION_CONTEXT() REPRESENTATION_CONTEXT('2D SPACE',''
  ) );
#4612 = PCURVE('',#4010,#4613);
#4613 = DEFINITIONAL_REPRESENTATION('',(#4614),#4618);
#4614 = CIRCLE('',#4615,3.5);
#4615 = AXIS2_PLACEMENT_2D('',#4616,#4617);
#4616 = CARTESIAN_POINT('',(0.,0.));
#4617 = DIRECTION('',(1.,0.));
#4618 = ( GEOMETRIC_REPRESENTATION_CONTEXT(2) 
PARAMETRIC_REPRESENTATION_CONTEXT() REPRESENTATION_CONTEXT('2D SPACE',''
  ) );
#4619 = ORIENTED_EDGE('',*,*,#4575,.T.);
#4620 = ORIENTED_EDGE('',*,*,#2157,.F.);
#4621 = ORIENTED_EDGE('',*,*,#4622,.F.);
#4622 = EDGE_CURVE('',#4623,#2129,#4625,.T.);
#4623 = VERTEX_POINT('',#4624);
#4624 = CARTESIAN_POINT('',(20.844213245616,25.583564532162,92.6));
#4625 = SURFACE_CURVE('',#4626,(#4630,#4636),.PCURVE_S1.);
#4626 = LINE('',#4627,#4628);
#4627 = CARTESIAN_POINT('',(20.844213245616,25.583564532162,87.6));
#4628 = VECTOR('',#4629,1.);
#4629 = DIRECTION('',(0.,-0.,-1.));
#4630 = PCURVE('',#2178,#4631);
#4631 = DEFINITIONAL_REPRESENTATION('',(#4632),#4635);
#4632 = B_SPLINE_CURVE_WITH_KNOTS('',1,(#4633,#4634),.UNSPECIFIED.,.F.,
  .F.,(2,2),(-5.0000006,6.000000070117E-07),.PIECEWISE_BEZIER_KNOTS.);
#4633 = CARTESIAN_POINT('',(-2.06358197713,-61.0000006));
#4634 = CARTESIAN_POINT('',(-2.06358197713,-55.9999994));
#4635 = ( GEOMETRIC_REPRESENTATION_CONTEXT(2) 
PARAMETRIC_REPRESENTATION_CONTEXT() REPRESENTATION_CONTEXT('2D SPACE',''
  ) );
#4636 = PCURVE('',#2145,#4637);
#4637 = DEFINITIONAL_REPRESENTATION('',(#4638),#4641);
#4638 = B_SPLINE_CURVE_WITH_KNOTS('',1,(#4639,#4640),.UNSPECIFIED.,.F.,
  .F.,(2,2),(-5.0000006,6.000000070117E-07),.PIECEWISE_BEZIER_KNOTS.);
#4639 = CARTESIAN_POINT('',(-7.048138133964,-5.0000006));
#4640 = CARTESIAN_POINT('',(-7.048138133964,6.000000070117E-07));
#4641 = ( GEOMETRIC_REPRESENTATION_CONTEXT(2) 
PARAMETRIC_REPRESENTATION_CONTEXT() REPRESENTATION_CONTEXT('2D SPACE',''
  ) );
#4642 = ORIENTED_EDGE('',*,*,#4643,.F.);
#4643 = EDGE_CURVE('',#4644,#4623,#4646,.T.);
#4644 = VERTEX_POINT('',#4645);
#4645 = CARTESIAN_POINT('',(20.327374251776,19.755970598162,92.6));
#4646 = SURFACE_CURVE('',#4647,(#4652,#4659),.PCURVE_S1.);
#4647 = CIRCLE('',#4648,3.5);
#4648 = AXIS2_PLACEMENT_3D('',#4649,#4650,#4651);
#4649 = CARTESIAN_POINT('',(22.5,22.5,92.6));
#4650 = DIRECTION('',(0.,0.,-1.));
#4651 = DIRECTION('',(1.,0.,0.));
#4652 = PCURVE('',#2178,#4653);
#4653 = DEFINITIONAL_REPRESENTATION('',(#4654),#4658);
#4654 = LINE('',#4655,#4656);
#4655 = CARTESIAN_POINT('',(-6.28318530718,-61.));
#4656 = VECTOR('',#4657,1.);
#4657 = DIRECTION('',(1.,-0.));
#4658 = ( GEOMETRIC_REPRESENTATION_CONTEXT(2) 
PARAMETRIC_REPRESENTATION_CONTEXT() REPRESENTATION_CONTEXT('2D SPACE',''
  ) );
#4659 = PCURVE('',#3483,#4660);
#4660 = DEFINITIONAL_REPRESENTATION('',(#4661),#4669);
#4661 = ( BOUNDED_CURVE() B_SPLINE_CURVE(2,(#4662,#4663,#4664,#4665,
#4666,#4667,#4668),.UNSPECIFIED.,.T.,.F.) B_SPLINE_CURVE_WITH_KNOTS((1,2
    ,2,2,2,1),(-2.094395102393,0.,2.094395102393,4.188790204786,
6.28318530718,8.377580409573),.UNSPECIFIED.) CURVE() 
GEOMETRIC_REPRESENTATION_ITEM() RATIONAL_B_SPLINE_CURVE((1.,0.5,1.,0.5,
1.,0.5,1.)) REPRESENTATION_ITEM('') );
#4662 = CARTESIAN_POINT('',(28.54826016929,19.163685483396));
#4663 = CARTESIAN_POINT('',(27.80946653797,13.146694211147));
#4664 = CARTESIAN_POINT('',(22.967996057513,16.795003900148));
#4665 = CARTESIAN_POINT('',(18.126525577056,20.44331358915));
#4666 = CARTESIAN_POINT('',(23.706789688833,22.811995172397));
#4667 = CARTESIAN_POINT('',(29.28705380061,25.180676755645));
#4668 = CARTESIAN_POINT('',(28.54826016929,19.163685483396));
#4669 = ( GEOMETRIC_REPRESENTATION_CONTEXT(2) 
PARAMETRIC_REPRESENTATION_CONTEXT() REPRESENTATION_CONTEXT('2D SPACE',''
  ) );
#4670 = ORIENTED_EDGE('',*,*,#4671,.T.);
#4671 = EDGE_CURVE('',#4644,#4672,#4674,.T.);
#4672 = VERTEX_POINT('',#4673);
#4673 = CARTESIAN_POINT('',(20.327374251775,19.755970598162,57.6));
#4674 = SURFACE_CURVE('',#4675,(#4679,#4685),.PCURVE_S1.);
#4675 = LINE('',#4676,#4677);
#4676 = CARTESIAN_POINT('',(20.327374251775,19.755970598162,31.6));
#4677 = VECTOR('',#4678,1.);
#4678 = DIRECTION('',(-0.,-0.,-1.));
#4679 = PCURVE('',#2178,#4680);
#4680 = DEFINITIONAL_REPRESENTATION('',(#4681),#4684);
#4681 = B_SPLINE_CURVE_WITH_KNOTS('',1,(#4682,#4683),.UNSPECIFIED.,.F.,
  .F.,(2,2),(-61.0000006,-22.5),.PIECEWISE_BEZIER_KNOTS.);
#4682 = CARTESIAN_POINT('',(-4.042689744175,-61.0000006));
#4683 = CARTESIAN_POINT('',(-4.042689744175,-22.5));
#4684 = ( GEOMETRIC_REPRESENTATION_CONTEXT(2) 
PARAMETRIC_REPRESENTATION_CONTEXT() REPRESENTATION_CONTEXT('2D SPACE',''
  ) );
#4685 = PCURVE('',#4686,#4691);
#4686 = PLANE('',#4687);
#4687 = AXIS2_PLACEMENT_3D('',#4688,#4689,#4690);
#4688 = CARTESIAN_POINT('',(16.410820344416,7.927186574926,57.6));
#4689 = DIRECTION('',(-0.949316379653,0.314322145771,0.));
#4690 = DIRECTION('',(0.,0.,1.));
#4691 = DEFINITIONAL_REPRESENTATION('',(#4692),#4695);
#4692 = B_SPLINE_CURVE_WITH_KNOTS('',1,(#4693,#4694),.UNSPECIFIED.,.F.,
  .F.,(2,2),(-61.0000006,-22.5),.PIECEWISE_BEZIER_KNOTS.);
#4693 = CARTESIAN_POINT('',(35.0000006,12.460318052828));
#4694 = CARTESIAN_POINT('',(-3.5,12.460318052828));
#4695 = ( GEOMETRIC_REPRESENTATION_CONTEXT(2) 
PARAMETRIC_REPRESENTATION_CONTEXT() REPRESENTATION_CONTEXT('2D SPACE',''
  ) );
#4696 = ORIENTED_EDGE('',*,*,#4697,.F.);
#4697 = EDGE_CURVE('',#4698,#4672,#4700,.T.);
#4698 = VERTEX_POINT('',#4699);
#4699 = CARTESIAN_POINT('',(22.605733562943,19.001597448311,57.6));
#4700 = SURFACE_CURVE('',#4701,(#4706,#4713),.PCURVE_S1.);
#4701 = CIRCLE('',#4702,3.5);
#4702 = AXIS2_PLACEMENT_3D('',#4703,#4704,#4705);
#4703 = CARTESIAN_POINT('',(22.5,22.5,57.6));
#4704 = DIRECTION('',(0.,0.,-1.));
#4705 = DIRECTION('',(1.,0.,0.));
#4706 = PCURVE('',#2178,#4707);
#4707 = DEFINITIONAL_REPRESENTATION('',(#4708),#4712);
#4708 = LINE('',#4709,#4710);
#4709 = CARTESIAN_POINT('',(-6.28318530718,-26.));
#4710 = VECTOR('',#4711,1.);
#4711 = DIRECTION('',(1.,-0.));
#4712 = ( GEOMETRIC_REPRESENTATION_CONTEXT(2) 
PARAMETRIC_REPRESENTATION_CONTEXT() REPRESENTATION_CONTEXT('2D SPACE',''
  ) );
#4713 = PCURVE('',#4714,#4719);
#4714 = PLANE('',#4715);
#4715 = AXIS2_PLACEMENT_3D('',#4716,#4717,#4718);
#4716 = CARTESIAN_POINT('',(18.689179655584,7.172813425074,57.6));
#4717 = DIRECTION('',(0.,0.,1.));
#4718 = DIRECTION('',(0.314322145771,0.949316379653,0.));
#4719 = DEFINITIONAL_REPRESENTATION('',(#4720),#4728);
#4720 = ( BOUNDED_CURVE() B_SPLINE_CURVE(2,(#4721,#4722,#4723,#4724,
#4725,#4726,#4727),.UNSPECIFIED.,.T.,.F.) B_SPLINE_CURVE_WITH_KNOTS((1,2
    ,2,2,2,1),(-2.094395102393,0.,2.094395102393,4.188790204786,
6.28318530718,8.377580409573),.UNSPECIFIED.) CURVE() 
GEOMETRIC_REPRESENTATION_ITEM() RATIONAL_B_SPLINE_CURVE((1.,0.5,1.,0.5,
1.,0.5,1.)) REPRESENTATION_ITEM('') );
#4721 = CARTESIAN_POINT('',(16.848302007582,-2.122607328786));
#4722 = CARTESIAN_POINT('',(11.093377300524,-4.028084071256));
#4723 = CARTESIAN_POINT('',(12.320648388753,1.908565293158));
#4724 = CARTESIAN_POINT('',(13.547919476982,7.845214657572));
#4725 = CARTESIAN_POINT('',(18.075573095811,3.814042035628));
#4726 = CARTESIAN_POINT('',(22.60322671464,-0.217130586315));
#4727 = CARTESIAN_POINT('',(16.848302007582,-2.122607328786));
#4728 = ( GEOMETRIC_REPRESENTATION_CONTEXT(2) 
PARAMETRIC_REPRESENTATION_CONTEXT() REPRESENTATION_CONTEXT('2D SPACE',''
  ) );
#4729 = ORIENTED_EDGE('',*,*,#4730,.F.);
#4730 = EDGE_CURVE('',#4731,#4698,#4733,.T.);
#4731 = VERTEX_POINT('',#4732);
#4732 = CARTESIAN_POINT('',(22.605733562943,19.001597448311,92.6));
#4733 = SURFACE_CURVE('',#4734,(#4738,#4744),.PCURVE_S1.);
#4734 = LINE('',#4735,#4736);
#4735 = CARTESIAN_POINT('',(22.605733562943,19.001597448311,31.6));
#4736 = VECTOR('',#4737,1.);
#4737 = DIRECTION('',(-0.,-0.,-1.));
#4738 = PCURVE('',#2178,#4739);
#4739 = DEFINITIONAL_REPRESENTATION('',(#4740),#4743);
#4740 = B_SPLINE_CURVE_WITH_KNOTS('',1,(#4741,#4742),.UNSPECIFIED.,.F.,
  .F.,(2,2),(-61.0000006,-22.5),.PIECEWISE_BEZIER_KNOTS.);
#4741 = CARTESIAN_POINT('',(-4.742603166661,-61.0000006));
#4742 = CARTESIAN_POINT('',(-4.742603166661,-22.5));
#4743 = ( GEOMETRIC_REPRESENTATION_CONTEXT(2) 
PARAMETRIC_REPRESENTATION_CONTEXT() REPRESENTATION_CONTEXT('2D SPACE',''
  ) );
#4744 = PCURVE('',#4745,#4750);
#4745 = PLANE('',#4746);
#4746 = AXIS2_PLACEMENT_3D('',#4747,#4748,#4749);
#4747 = CARTESIAN_POINT('',(18.689179655584,7.172813425074,57.6));
#4748 = DIRECTION('',(-0.949316379653,0.314322145771,0.));
#4749 = DIRECTION('',(0.,0.,1.));
#4750 = DEFINITIONAL_REPRESENTATION('',(#4751),#4754);
#4751 = B_SPLINE_CURVE_WITH_KNOTS('',1,(#4752,#4753),.UNSPECIFIED.,.F.,
  .F.,(2,2),(-61.0000006,-22.5),.PIECEWISE_BEZIER_KNOTS.);
#4752 = CARTESIAN_POINT('',(35.0000006,12.460318052828));
#4753 = CARTESIAN_POINT('',(-3.5,12.460318052828));
#4754 = ( GEOMETRIC_REPRESENTATION_CONTEXT(2) 
PARAMETRIC_REPRESENTATION_CONTEXT() REPRESENTATION_CONTEXT('2D SPACE',''
  ) );
#4755 = ORIENTED_EDGE('',*,*,#4756,.F.);
#4756 = EDGE_CURVE('',#4529,#4731,#4757,.T.);
#4757 = SURFACE_CURVE('',#4758,(#4763,#4770),.PCURVE_S1.);
#4758 = CIRCLE('',#4759,3.5);
#4759 = AXIS2_PLACEMENT_3D('',#4760,#4761,#4762);
#4760 = CARTESIAN_POINT('',(22.5,22.5,92.6));
#4761 = DIRECTION('',(0.,0.,-1.));
#4762 = DIRECTION('',(1.,0.,0.));
#4763 = PCURVE('',#2178,#4764);
#4764 = DEFINITIONAL_REPRESENTATION('',(#4765),#4769);
#4765 = LINE('',#4766,#4767);
#4766 = CARTESIAN_POINT('',(-6.28318530718,-61.));
#4767 = VECTOR('',#4768,1.);
#4768 = DIRECTION('',(1.,-0.));
#4769 = ( GEOMETRIC_REPRESENTATION_CONTEXT(2) 
PARAMETRIC_REPRESENTATION_CONTEXT() REPRESENTATION_CONTEXT('2D SPACE',''
  ) );
#4770 = PCURVE('',#4205,#4771);
#4771 = DEFINITIONAL_REPRESENTATION('',(#4772),#4780);
#4772 = ( BOUNDED_CURVE() B_SPLINE_CURVE(2,(#4773,#4774,#4775,#4776,
#4777,#4778,#4779),.UNSPECIFIED.,.T.,.F.) B_SPLINE_CURVE_WITH_KNOTS((1,2
    ,2,2,2,1),(-2.094395102393,0.,2.094395102393,4.188790204786,
6.28318530718,8.377580409573),.UNSPECIFIED.) CURVE() 
GEOMETRIC_REPRESENTATION_ITEM() RATIONAL_B_SPLINE_CURVE((1.,0.5,1.,0.5,
1.,0.5,1.)) REPRESENTATION_ITEM('') );
#4773 = CARTESIAN_POINT('',(28.54826016929,19.163685483396));
#4774 = CARTESIAN_POINT('',(27.80946653797,13.146694211147));
#4775 = CARTESIAN_POINT('',(22.967996057513,16.795003900148));
#4776 = CARTESIAN_POINT('',(18.126525577056,20.44331358915));
#4777 = CARTESIAN_POINT('',(23.706789688833,22.811995172397));
#4778 = CARTESIAN_POINT('',(29.28705380061,25.180676755645));
#4779 = CARTESIAN_POINT('',(28.54826016929,19.163685483396));
#4780 = ( GEOMETRIC_REPRESENTATION_CONTEXT(2) 
PARAMETRIC_REPRESENTATION_CONTEXT() REPRESENTATION_CONTEXT('2D SPACE',''
  ) );
#4781 = ORIENTED_EDGE('',*,*,#4552,.T.);
#4782 = ORIENTED_EDGE('',*,*,#2190,.F.);
#4783 = ADVANCED_FACE('',(#4784),#2145,.F.);
#4784 = FACE_BOUND('',#4785,.T.);
#4785 = EDGE_LOOP('',(#4786,#4787,#4811,#4830));
#4786 = ORIENTED_EDGE('',*,*,#4622,.F.);
#4787 = ORIENTED_EDGE('',*,*,#4788,.T.);
#4788 = EDGE_CURVE('',#4623,#4789,#4791,.T.);
#4789 = VERTEX_POINT('',#4790);
#4790 = CARTESIAN_POINT('',(3.449439287833,32.819222547153,92.6));
#4791 = SURFACE_CURVE('',#4792,(#4797,#4804),.PCURVE_S1.);
#4792 = CIRCLE('',#4793,33.);
#4793 = AXIS2_PLACEMENT_3D('',#4794,#4795,#4796);
#4794 = CARTESIAN_POINT('',(1.736464926059E-13,2.286895437438E-14,92.6)
  );
#4795 = DIRECTION('',(0.,0.,1.));
#4796 = DIRECTION('',(0.994521895368,0.104528463268,-0.));
#4797 = PCURVE('',#2145,#4798);
#4798 = DEFINITIONAL_REPRESENTATION('',(#4799),#4803);
#4799 = LINE('',#4800,#4801);
#4800 = CARTESIAN_POINT('',(-6.26573201466,-5.));
#4801 = VECTOR('',#4802,1.);
#4802 = DIRECTION('',(-1.,-0.));
#4803 = ( GEOMETRIC_REPRESENTATION_CONTEXT(2) 
PARAMETRIC_REPRESENTATION_CONTEXT() REPRESENTATION_CONTEXT('2D SPACE',''
  ) );
#4804 = PCURVE('',#3483,#4805);
#4805 = DEFINITIONAL_REPRESENTATION('',(#4806),#4810);
#4806 = CIRCLE('',#4807,33.);
#4807 = AXIS2_PLACEMENT_2D('',#4808,#4809);
#4808 = CARTESIAN_POINT('',(1.775044842869E-13,-1.68389736495E-15));
#4809 = DIRECTION('',(0.999847695156,-1.745240643728E-02));
#4810 = ( GEOMETRIC_REPRESENTATION_CONTEXT(2) 
PARAMETRIC_REPRESENTATION_CONTEXT() REPRESENTATION_CONTEXT('2D SPACE',''
  ) );
#4811 = ORIENTED_EDGE('',*,*,#4812,.T.);
#4812 = EDGE_CURVE('',#4789,#2102,#4813,.T.);
#4813 = SURFACE_CURVE('',#4814,(#4818,#4824),.PCURVE_S1.);
#4814 = LINE('',#4815,#4816);
#4815 = CARTESIAN_POINT('',(3.449439287833,32.819222547153,87.6));
#4816 = VECTOR('',#4817,1.);
#4817 = DIRECTION('',(0.,-0.,-1.));
#4818 = PCURVE('',#2145,#4819);
#4819 = DEFINITIONAL_REPRESENTATION('',(#4820),#4823);
#4820 = B_SPLINE_CURVE_WITH_KNOTS('',1,(#4821,#4822),.UNSPECIFIED.,.F.,
  .F.,(2,2),(-5.0000006,6.000000070117E-07),.PIECEWISE_BEZIER_KNOTS.);
#4821 = CARTESIAN_POINT('',(-7.627088831215,-5.0000006));
#4822 = CARTESIAN_POINT('',(-7.627088831215,6.000000070117E-07));
#4823 = ( GEOMETRIC_REPRESENTATION_CONTEXT(2) 
PARAMETRIC_REPRESENTATION_CONTEXT() REPRESENTATION_CONTEXT('2D SPACE',''
  ) );
#4824 = PCURVE('',#2117,#4825);
#4825 = DEFINITIONAL_REPRESENTATION('',(#4826),#4829);
#4826 = B_SPLINE_CURVE_WITH_KNOTS('',1,(#4827,#4828),.UNSPECIFIED.,.F.,
  .F.,(2,2),(-5.0000006,6.000000070117E-07),.PIECEWISE_BEZIER_KNOTS.);
#4827 = CARTESIAN_POINT('',(33.,-6.0000006));
#4828 = CARTESIAN_POINT('',(33.,-0.9999994));
#4829 = ( GEOMETRIC_REPRESENTATION_CONTEXT(2) 
PARAMETRIC_REPRESENTATION_CONTEXT() REPRESENTATION_CONTEXT('2D SPACE',''
  ) );
#4830 = ORIENTED_EDGE('',*,*,#2128,.F.);
#4831 = ADVANCED_FACE('',(#4832),#2117,.F.);
#4832 = FACE_BOUND('',#4833,.F.);
#4833 = EDGE_LOOP('',(#4834,#4855,#4874,#4875));
#4834 = ORIENTED_EDGE('',*,*,#4835,.F.);
#4835 = EDGE_CURVE('',#4836,#2073,#4838,.T.);
#4836 = VERTEX_POINT('',#4837);
#4837 = CARTESIAN_POINT('',(3.031325434762,28.84113496568,92.6));
#4838 = SURFACE_CURVE('',#4839,(#4843,#4849),.PCURVE_S1.);
#4839 = LINE('',#4840,#4841);
#4840 = CARTESIAN_POINT('',(3.031325434762,28.84113496568,87.6));
#4841 = VECTOR('',#4842,1.);
#4842 = DIRECTION('',(-0.,-0.,-1.));
#4843 = PCURVE('',#2117,#4844);
#4844 = DEFINITIONAL_REPRESENTATION('',(#4845),#4848);
#4845 = B_SPLINE_CURVE_WITH_KNOTS('',1,(#4846,#4847),.UNSPECIFIED.,.F.,
  .F.,(2,2),(-8.0000006,6.000000070117E-07),.PIECEWISE_BEZIER_KNOTS.);
#4846 = CARTESIAN_POINT('',(29.,-9.0000006));
#4847 = CARTESIAN_POINT('',(29.,-0.9999994));
#4848 = ( GEOMETRIC_REPRESENTATION_CONTEXT(2) 
PARAMETRIC_REPRESENTATION_CONTEXT() REPRESENTATION_CONTEXT('2D SPACE',''
  ) );
#4849 = PCURVE('',#2089,#4850);
#4850 = DEFINITIONAL_REPRESENTATION('',(#4851),#4854);
#4851 = B_SPLINE_CURVE_WITH_KNOTS('',1,(#4852,#4853),.UNSPECIFIED.,.F.,
  .F.,(2,2),(-8.0000006,6.000000070117E-07),.PIECEWISE_BEZIER_KNOTS.);
#4852 = CARTESIAN_POINT('',(-1.466076571675,-8.0000006));
#4853 = CARTESIAN_POINT('',(-1.466076571675,6.000000070117E-07));
#4854 = ( GEOMETRIC_REPRESENTATION_CONTEXT(2) 
PARAMETRIC_REPRESENTATION_CONTEXT() REPRESENTATION_CONTEXT('2D SPACE',''
  ) );
#4855 = ORIENTED_EDGE('',*,*,#4856,.F.);
#4856 = EDGE_CURVE('',#4789,#4836,#4857,.T.);
#4857 = SURFACE_CURVE('',#4858,(#4862,#4868),.PCURVE_S1.);
#4858 = LINE('',#4859,#4860);
#4859 = CARTESIAN_POINT('',(1.361794293466E-16,1.295660721972E-15,92.6)
  );
#4860 = VECTOR('',#4861,1.);
#4861 = DIRECTION('',(-0.104528463268,-0.994521895368,0.));
#4862 = PCURVE('',#2117,#4863);
#4863 = DEFINITIONAL_REPRESENTATION('',(#4864),#4867);
#4864 = B_SPLINE_CURVE_WITH_KNOTS('',1,(#4865,#4866),.UNSPECIFIED.,.F.,
  .F.,(2,2),(-33.86803555718,-29.),.PIECEWISE_BEZIER_KNOTS.);
#4865 = CARTESIAN_POINT('',(33.868035557182,-6.));
#4866 = CARTESIAN_POINT('',(29.,-6.));
#4867 = ( GEOMETRIC_REPRESENTATION_CONTEXT(2) 
PARAMETRIC_REPRESENTATION_CONTEXT() REPRESENTATION_CONTEXT('2D SPACE',''
  ) );
#4868 = PCURVE('',#3483,#4869);
#4869 = DEFINITIONAL_REPRESENTATION('',(#4870),#4873);
#4870 = B_SPLINE_CURVE_WITH_KNOTS('',1,(#4871,#4872),.UNSPECIFIED.,.F.,
  .F.,(2,2),(-33.86803555718,-29.),.PIECEWISE_BEZIER_KNOTS.);
#4871 = CARTESIAN_POINT('',(7.618650307144,33.));
#4872 = CARTESIAN_POINT('',(6.523580575972,28.256731878772));
#4873 = ( GEOMETRIC_REPRESENTATION_CONTEXT(2) 
PARAMETRIC_REPRESENTATION_CONTEXT() REPRESENTATION_CONTEXT('2D SPACE',''
  ) );
#4874 = ORIENTED_EDGE('',*,*,#4812,.T.);
#4875 = ORIENTED_EDGE('',*,*,#2101,.T.);
#4876 = ADVANCED_FACE('',(#4877),#2089,.F.);
#4877 = FACE_BOUND('',#4878,.T.);
#4878 = EDGE_LOOP('',(#4879,#4880,#4881,#4909));
#4879 = ORIENTED_EDGE('',*,*,#2072,.F.);
#4880 = ORIENTED_EDGE('',*,*,#4835,.F.);
#4881 = ORIENTED_EDGE('',*,*,#4882,.F.);
#4882 = EDGE_CURVE('',#4883,#4836,#4885,.T.);
#4883 = VERTEX_POINT('',#4884);
#4884 = CARTESIAN_POINT('',(-3.031325434762,28.84113496568,92.6));
#4885 = SURFACE_CURVE('',#4886,(#4891,#4898),.PCURVE_S1.);
#4886 = CIRCLE('',#4887,29.);
#4887 = AXIS2_PLACEMENT_3D('',#4888,#4889,#4890);
#4888 = CARTESIAN_POINT('',(1.75139182436E-13,1.53630861786E-15,92.6));
#4889 = DIRECTION('',(0.,0.,-1.));
#4890 = DIRECTION('',(1.,0.,0.));
#4891 = PCURVE('',#2089,#4892);
#4892 = DEFINITIONAL_REPRESENTATION('',(#4893),#4897);
#4893 = LINE('',#4894,#4895);
#4894 = CARTESIAN_POINT('',(-6.28318530718,-5.));
#4895 = VECTOR('',#4896,1.);
#4896 = DIRECTION('',(1.,-0.));
#4897 = ( GEOMETRIC_REPRESENTATION_CONTEXT(2) 
PARAMETRIC_REPRESENTATION_CONTEXT() REPRESENTATION_CONTEXT('2D SPACE',''
  ) );
#4898 = PCURVE('',#3483,#4899);
#4899 = DEFINITIONAL_REPRESENTATION('',(#4900),#4908);
#4900 = ( BOUNDED_CURVE() B_SPLINE_CURVE(2,(#4901,#4902,#4903,#4904,
#4905,#4906,#4907),.UNSPECIFIED.,.T.,.F.) B_SPLINE_CURVE_WITH_KNOTS((1,2
    ,2,2,2,1),(-2.094395102393,0.,2.094395102393,4.188790204786,
6.28318530718,8.377580409573),.UNSPECIFIED.) CURVE() 
GEOMETRIC_REPRESENTATION_ITEM() RATIONAL_B_SPLINE_CURVE((1.,0.5,1.,0.5,
1.,0.5,1.)) REPRESENTATION_ITEM('') );
#4901 = CARTESIAN_POINT('',(28.783838397599,-3.534210958749));
#4902 = CARTESIAN_POINT('',(22.662405452378,-53.38928150024));
#4903 = CARTESIAN_POINT('',(-17.4526356714,-23.16042979137));
#4904 = CARTESIAN_POINT('',(-57.56767679519,7.068421917499));
#4905 = CARTESIAN_POINT('',(-11.33120272618,26.694640750121));
#4906 = CARTESIAN_POINT('',(34.905271342819,46.320859582743));
#4907 = CARTESIAN_POINT('',(28.783838397599,-3.534210958749));
#4908 = ( GEOMETRIC_REPRESENTATION_CONTEXT(2) 
PARAMETRIC_REPRESENTATION_CONTEXT() REPRESENTATION_CONTEXT('2D SPACE',''
  ) );
#4909 = ORIENTED_EDGE('',*,*,#4910,.T.);
#4910 = EDGE_CURVE('',#4883,#2046,#4911,.T.);
#4911 = SURFACE_CURVE('',#4912,(#4916,#4922),.PCURVE_S1.);
#4912 = LINE('',#4913,#4914);
#4913 = CARTESIAN_POINT('',(-3.031325434762,28.84113496568,87.6));
#4914 = VECTOR('',#4915,1.);
#4915 = DIRECTION('',(-0.,-0.,-1.));
#4916 = PCURVE('',#2089,#4917);
#4917 = DEFINITIONAL_REPRESENTATION('',(#4918),#4921);
#4918 = B_SPLINE_CURVE_WITH_KNOTS('',1,(#4919,#4920),.UNSPECIFIED.,.F.,
  .F.,(2,2),(-8.0000006,6.000000070117E-07),.PIECEWISE_BEZIER_KNOTS.);
#4919 = CARTESIAN_POINT('',(-1.675516081915,-8.0000006));
#4920 = CARTESIAN_POINT('',(-1.675516081915,6.000000070117E-07));
#4921 = ( GEOMETRIC_REPRESENTATION_CONTEXT(2) 
PARAMETRIC_REPRESENTATION_CONTEXT() REPRESENTATION_CONTEXT('2D SPACE',''
  ) );
#4922 = PCURVE('',#2061,#4923);
#4923 = DEFINITIONAL_REPRESENTATION('',(#4924),#4927);
#4924 = B_SPLINE_CURVE_WITH_KNOTS('',1,(#4925,#4926),.UNSPECIFIED.,.F.,
  .F.,(2,2),(-8.0000006,6.000000070117E-07),.PIECEWISE_BEZIER_KNOTS.);
#4925 = CARTESIAN_POINT('',(82.,-9.0000006));
#4926 = CARTESIAN_POINT('',(82.,-0.9999994));
#4927 = ( GEOMETRIC_REPRESENTATION_CONTEXT(2) 
PARAMETRIC_REPRESENTATION_CONTEXT() REPRESENTATION_CONTEXT('2D SPACE',''
  ) );
#4928 = ADVANCED_FACE('',(#4929),#2061,.F.);
#4929 = FACE_BOUND('',#4930,.F.);
#4930 = EDGE_LOOP('',(#4931,#4932,#4953,#4972));
#4931 = ORIENTED_EDGE('',*,*,#2045,.T.);
#4932 = ORIENTED_EDGE('',*,*,#4933,.F.);
#4933 = EDGE_CURVE('',#4934,#2017,#4936,.T.);
#4934 = VERTEX_POINT('',#4935);
#4935 = CARTESIAN_POINT('',(-3.449439287833,32.819222547153,92.6));
#4936 = SURFACE_CURVE('',#4937,(#4941,#4947),.PCURVE_S1.);
#4937 = LINE('',#4938,#4939);
#4938 = CARTESIAN_POINT('',(-3.449439287833,32.819222547153,87.6));
#4939 = VECTOR('',#4940,1.);
#4940 = DIRECTION('',(0.,-0.,-1.));
#4941 = PCURVE('',#2061,#4942);
#4942 = DEFINITIONAL_REPRESENTATION('',(#4943),#4946);
#4943 = B_SPLINE_CURVE_WITH_KNOTS('',1,(#4944,#4945),.UNSPECIFIED.,.F.,
  .F.,(2,2),(-5.0000006,6.000000070117E-07),.PIECEWISE_BEZIER_KNOTS.);
#4944 = CARTESIAN_POINT('',(78.,-6.0000006));
#4945 = CARTESIAN_POINT('',(78.,-0.9999994));
#4946 = ( GEOMETRIC_REPRESENTATION_CONTEXT(2) 
PARAMETRIC_REPRESENTATION_CONTEXT() REPRESENTATION_CONTEXT('2D SPACE',''
  ) );
#4947 = PCURVE('',#2033,#4948);
#4948 = DEFINITIONAL_REPRESENTATION('',(#4949),#4952);
#4949 = B_SPLINE_CURVE_WITH_KNOTS('',1,(#4950,#4951),.UNSPECIFIED.,.F.,
  .F.,(2,2),(-5.0000006,6.000000070117E-07),.PIECEWISE_BEZIER_KNOTS.);
#4950 = CARTESIAN_POINT('',(-7.836528341455,-5.0000006));
#4951 = CARTESIAN_POINT('',(-7.836528341455,6.000000070117E-07));
#4952 = ( GEOMETRIC_REPRESENTATION_CONTEXT(2) 
PARAMETRIC_REPRESENTATION_CONTEXT() REPRESENTATION_CONTEXT('2D SPACE',''
  ) );
#4953 = ORIENTED_EDGE('',*,*,#4954,.F.);
#4954 = EDGE_CURVE('',#4883,#4934,#4955,.T.);
#4955 = SURFACE_CURVE('',#4956,(#4960,#4966),.PCURVE_S1.);
#4956 = LINE('',#4957,#4958);
#4957 = CARTESIAN_POINT('',(-5.801329711355,55.195965192939,92.6));
#4958 = VECTOR('',#4959,1.);
#4959 = DIRECTION('',(-0.104528463268,0.994521895368,0.));
#4960 = PCURVE('',#2061,#4961);
#4961 = DEFINITIONAL_REPRESENTATION('',(#4962),#4965);
#4962 = B_SPLINE_CURVE_WITH_KNOTS('',1,(#4963,#4964),.UNSPECIFIED.,.F.,
  .F.,(2,2),(-26.5,-22.49497317455),.PIECEWISE_BEZIER_KNOTS.);
#4963 = CARTESIAN_POINT('',(82.,-6.));
#4964 = CARTESIAN_POINT('',(77.994973174551,-6.));
#4965 = ( GEOMETRIC_REPRESENTATION_CONTEXT(2) 
PARAMETRIC_REPRESENTATION_CONTEXT() REPRESENTATION_CONTEXT('2D SPACE',''
  ) );
#4966 = PCURVE('',#3483,#4967);
#4967 = DEFINITIONAL_REPRESENTATION('',(#4968),#4971);
#4968 = B_SPLINE_CURVE_WITH_KNOTS('',1,(#4969,#4970),.UNSPECIFIED.,.F.,
  .F.,(2,2),(-26.5,-22.49497317455),.PIECEWISE_BEZIER_KNOTS.);
#4969 = CARTESIAN_POINT('',(0.506119786681,28.995583159535));
#4970 = CARTESIAN_POINT('',(0.576017142631,33.));
#4971 = ( GEOMETRIC_REPRESENTATION_CONTEXT(2) 
PARAMETRIC_REPRESENTATION_CONTEXT() REPRESENTATION_CONTEXT('2D SPACE',''
  ) );
#4972 = ORIENTED_EDGE('',*,*,#4910,.T.);
#4973 = ADVANCED_FACE('',(#4974),#2033,.F.);
#4974 = FACE_BOUND('',#4975,.T.);
#4975 = EDGE_LOOP('',(#4976,#4977,#5001,#5020));
#4976 = ORIENTED_EDGE('',*,*,#4933,.F.);
#4977 = ORIENTED_EDGE('',*,*,#4978,.T.);
#4978 = EDGE_CURVE('',#4934,#4979,#4981,.T.);
#4979 = VERTEX_POINT('',#4980);
#4980 = CARTESIAN_POINT('',(-20.84421324561,25.583564532162,92.6));
#4981 = SURFACE_CURVE('',#4982,(#4987,#4994),.PCURVE_S1.);
#4982 = CIRCLE('',#4983,33.);
#4983 = AXIS2_PLACEMENT_3D('',#4984,#4985,#4986);
#4984 = CARTESIAN_POINT('',(1.736464926059E-13,2.286895437438E-14,92.6)
  );
#4985 = DIRECTION('',(0.,0.,1.));
#4986 = DIRECTION('',(0.994521895368,0.104528463268,-0.));
#4987 = PCURVE('',#2033,#4988);
#4988 = DEFINITIONAL_REPRESENTATION('',(#4989),#4993);
#4989 = LINE('',#4990,#4991);
#4990 = CARTESIAN_POINT('',(-6.26573201466,-5.));
#4991 = VECTOR('',#4992,1.);
#4992 = DIRECTION('',(-1.,-0.));
#4993 = ( GEOMETRIC_REPRESENTATION_CONTEXT(2) 
PARAMETRIC_REPRESENTATION_CONTEXT() REPRESENTATION_CONTEXT('2D SPACE',''
  ) );
#4994 = PCURVE('',#3483,#4995);
#4995 = DEFINITIONAL_REPRESENTATION('',(#4996),#5000);
#4996 = CIRCLE('',#4997,33.);
#4997 = AXIS2_PLACEMENT_2D('',#4998,#4999);
#4998 = CARTESIAN_POINT('',(1.775044842869E-13,-1.68389736495E-15));
#4999 = DIRECTION('',(0.999847695156,-1.745240643728E-02));
#5000 = ( GEOMETRIC_REPRESENTATION_CONTEXT(2) 
PARAMETRIC_REPRESENTATION_CONTEXT() REPRESENTATION_CONTEXT('2D SPACE',''
  ) );
#5001 = ORIENTED_EDGE('',*,*,#5002,.T.);
#5002 = EDGE_CURVE('',#4979,#1984,#5003,.T.);
#5003 = SURFACE_CURVE('',#5004,(#5008,#5014),.PCURVE_S1.);
#5004 = LINE('',#5005,#5006);
#5005 = CARTESIAN_POINT('',(-20.84421324561,25.583564532162,87.6));
#5006 = VECTOR('',#5007,1.);
#5007 = DIRECTION('',(0.,-0.,-1.));
#5008 = PCURVE('',#2033,#5009);
#5009 = DEFINITIONAL_REPRESENTATION('',(#5010),#5013);
#5010 = B_SPLINE_CURVE_WITH_KNOTS('',1,(#5011,#5012),.UNSPECIFIED.,.F.,
  .F.,(2,2),(-5.0000006,6.000000070117E-07),.PIECEWISE_BEZIER_KNOTS.);
#5011 = CARTESIAN_POINT('',(-8.415479038706,-5.0000006));
#5012 = CARTESIAN_POINT('',(-8.415479038706,6.000000070117E-07));
#5013 = ( GEOMETRIC_REPRESENTATION_CONTEXT(2) 
PARAMETRIC_REPRESENTATION_CONTEXT() REPRESENTATION_CONTEXT('2D SPACE',''
  ) );
#5014 = PCURVE('',#2004,#5015);
#5015 = DEFINITIONAL_REPRESENTATION('',(#5016),#5019);
#5016 = B_SPLINE_CURVE_WITH_KNOTS('',1,(#5017,#5018),.UNSPECIFIED.,.F.,
  .F.,(2,2),(-5.0000006,6.000000070117E-07),.PIECEWISE_BEZIER_KNOTS.);
#5017 = CARTESIAN_POINT('',(-1.07801067646,-61.0000006));
#5018 = CARTESIAN_POINT('',(-1.07801067646,-55.9999994));
#5019 = ( GEOMETRIC_REPRESENTATION_CONTEXT(2) 
PARAMETRIC_REPRESENTATION_CONTEXT() REPRESENTATION_CONTEXT('2D SPACE',''
  ) );
#5020 = ORIENTED_EDGE('',*,*,#2016,.F.);
#5021 = ADVANCED_FACE('',(#5022),#2004,.T.);
#5022 = FACE_BOUND('',#5023,.F.);
#5023 = EDGE_LOOP('',(#5024,#5049,#5071,#5072,#5098,#5099,#5100,#5121,
    #5154,#5180,#5213,#5239));
#5024 = ORIENTED_EDGE('',*,*,#5025,.F.);
#5025 = EDGE_CURVE('',#5026,#5028,#5030,.T.);
#5026 = VERTEX_POINT('',#5027);
#5027 = CARTESIAN_POINT('',(-19.,22.5,31.6));
#5028 = VERTEX_POINT('',#5029);
#5029 = CARTESIAN_POINT('',(-19.,22.5,92.6));
#5030 = SEAM_CURVE('',#5031,(#5035,#5042),.PCURVE_S1.);
#5031 = LINE('',#5032,#5033);
#5032 = CARTESIAN_POINT('',(-19.,22.5,31.6));
#5033 = VECTOR('',#5034,1.);
#5034 = DIRECTION('',(0.,0.,1.));
#5035 = PCURVE('',#2004,#5036);
#5036 = DEFINITIONAL_REPRESENTATION('',(#5037),#5041);
#5037 = LINE('',#5038,#5039);
#5038 = CARTESIAN_POINT('',(-6.28318530718,0.));
#5039 = VECTOR('',#5040,1.);
#5040 = DIRECTION('',(-0.,-1.));
#5041 = ( GEOMETRIC_REPRESENTATION_CONTEXT(2) 
PARAMETRIC_REPRESENTATION_CONTEXT() REPRESENTATION_CONTEXT('2D SPACE',''
  ) );
#5042 = PCURVE('',#2004,#5043);
#5043 = DEFINITIONAL_REPRESENTATION('',(#5044),#5048);
#5044 = LINE('',#5045,#5046);
#5045 = CARTESIAN_POINT('',(-0.,0.));
#5046 = VECTOR('',#5047,1.);
#5047 = DIRECTION('',(-0.,-1.));
#5048 = ( GEOMETRIC_REPRESENTATION_CONTEXT(2) 
PARAMETRIC_REPRESENTATION_CONTEXT() REPRESENTATION_CONTEXT('2D SPACE',''
  ) );
#5049 = ORIENTED_EDGE('',*,*,#5050,.F.);
#5050 = EDGE_CURVE('',#5026,#5026,#5051,.T.);
#5051 = SURFACE_CURVE('',#5052,(#5057,#5064),.PCURVE_S1.);
#5052 = CIRCLE('',#5053,3.5);
#5053 = AXIS2_PLACEMENT_3D('',#5054,#5055,#5056);
#5054 = CARTESIAN_POINT('',(-22.5,22.5,31.6));
#5055 = DIRECTION('',(0.,0.,1.));
#5056 = DIRECTION('',(1.,0.,0.));
#5057 = PCURVE('',#2004,#5058);
#5058 = DEFINITIONAL_REPRESENTATION('',(#5059),#5063);
#5059 = LINE('',#5060,#5061);
#5060 = CARTESIAN_POINT('',(-0.,0.));
#5061 = VECTOR('',#5062,1.);
#5062 = DIRECTION('',(-1.,0.));
#5063 = ( GEOMETRIC_REPRESENTATION_CONTEXT(2) 
PARAMETRIC_REPRESENTATION_CONTEXT() REPRESENTATION_CONTEXT('2D SPACE',''
  ) );
#5064 = PCURVE('',#3843,#5065);
#5065 = DEFINITIONAL_REPRESENTATION('',(#5066),#5070);
#5066 = CIRCLE('',#5067,3.5);
#5067 = AXIS2_PLACEMENT_2D('',#5068,#5069);
#5068 = CARTESIAN_POINT('',(-3.552713678801E-15,0.));
#5069 = DIRECTION('',(1.,0.));
#5070 = ( GEOMETRIC_REPRESENTATION_CONTEXT(2) 
PARAMETRIC_REPRESENTATION_CONTEXT() REPRESENTATION_CONTEXT('2D SPACE',''
  ) );
#5071 = ORIENTED_EDGE('',*,*,#5025,.T.);
#5072 = ORIENTED_EDGE('',*,*,#5073,.F.);
#5073 = EDGE_CURVE('',#4979,#5028,#5074,.T.);
#5074 = SURFACE_CURVE('',#5075,(#5080,#5087),.PCURVE_S1.);
#5075 = CIRCLE('',#5076,3.5);
#5076 = AXIS2_PLACEMENT_3D('',#5077,#5078,#5079);
#5077 = CARTESIAN_POINT('',(-22.5,22.5,92.6));
#5078 = DIRECTION('',(0.,0.,-1.));
#5079 = DIRECTION('',(1.,0.,0.));
#5080 = PCURVE('',#2004,#5081);
#5081 = DEFINITIONAL_REPRESENTATION('',(#5082),#5086);
#5082 = LINE('',#5083,#5084);
#5083 = CARTESIAN_POINT('',(-6.28318530718,-61.));
#5084 = VECTOR('',#5085,1.);
#5085 = DIRECTION('',(1.,-0.));
#5086 = ( GEOMETRIC_REPRESENTATION_CONTEXT(2) 
PARAMETRIC_REPRESENTATION_CONTEXT() REPRESENTATION_CONTEXT('2D SPACE',''
  ) );
#5087 = PCURVE('',#3483,#5088);
#5088 = DEFINITIONAL_REPRESENTATION('',(#5089),#5097);
#5089 = ( BOUNDED_CURVE() B_SPLINE_CURVE(2,(#5090,#5091,#5092,#5093,
#5094,#5095,#5096),.UNSPECIFIED.,.T.,.F.) B_SPLINE_CURVE_WITH_KNOTS((1,2
    ,2,2,2,1),(-2.094395102393,0.,2.094395102393,4.188790204786,
6.28318530718,8.377580409573),.UNSPECIFIED.) CURVE() 
GEOMETRIC_REPRESENTATION_ITEM() RATIONAL_B_SPLINE_CURVE((1.,0.5,1.,0.5,
1.,0.5,1.)) REPRESENTATION_ITEM('') );
#5090 = CARTESIAN_POINT('',(-16.11631665456,24.647805936628));
#5091 = CARTESIAN_POINT('',(-16.85511028588,18.630814664378));
#5092 = CARTESIAN_POINT('',(-21.69658076634,22.27912435338));
#5093 = CARTESIAN_POINT('',(-26.5380512468,25.927434042382));
#5094 = CARTESIAN_POINT('',(-20.95778713502,28.296115625629));
#5095 = CARTESIAN_POINT('',(-15.37752302325,30.664797208877));
#5096 = CARTESIAN_POINT('',(-16.11631665456,24.647805936628));
#5097 = ( GEOMETRIC_REPRESENTATION_CONTEXT(2) 
PARAMETRIC_REPRESENTATION_CONTEXT() REPRESENTATION_CONTEXT('2D SPACE',''
  ) );
#5098 = ORIENTED_EDGE('',*,*,#5002,.T.);
#5099 = ORIENTED_EDGE('',*,*,#1983,.F.);
#5100 = ORIENTED_EDGE('',*,*,#5101,.F.);
#5101 = EDGE_CURVE('',#5102,#1955,#5104,.T.);
#5102 = VERTEX_POINT('',#5103);
#5103 = CARTESIAN_POINT('',(-25.58356453216,20.844213245616,92.6));
#5104 = SURFACE_CURVE('',#5105,(#5109,#5115),.PCURVE_S1.);
#5105 = LINE('',#5106,#5107);
#5106 = CARTESIAN_POINT('',(-25.58356453216,20.844213245616,87.6));
#5107 = VECTOR('',#5108,1.);
#5108 = DIRECTION('',(0.,-0.,-1.));
#5109 = PCURVE('',#2004,#5110);
#5110 = DEFINITIONAL_REPRESENTATION('',(#5111),#5114);
#5111 = B_SPLINE_CURVE_WITH_KNOTS('',1,(#5112,#5113),.UNSPECIFIED.,.F.,
  .F.,(2,2),(-5.0000006,6.000000070117E-07),.PIECEWISE_BEZIER_KNOTS.);
#5112 = CARTESIAN_POINT('',(-3.634378303925,-61.0000006));
#5113 = CARTESIAN_POINT('',(-3.634378303925,-55.9999994));
#5114 = ( GEOMETRIC_REPRESENTATION_CONTEXT(2) 
PARAMETRIC_REPRESENTATION_CONTEXT() REPRESENTATION_CONTEXT('2D SPACE',''
  ) );
#5115 = PCURVE('',#1971,#5116);
#5116 = DEFINITIONAL_REPRESENTATION('',(#5117),#5120);
#5117 = B_SPLINE_CURVE_WITH_KNOTS('',1,(#5118,#5119),.UNSPECIFIED.,.F.,
  .F.,(2,2),(-5.0000006,6.000000070117E-07),.PIECEWISE_BEZIER_KNOTS.);
#5118 = CARTESIAN_POINT('',(-8.618934460759,-5.0000006));
#5119 = CARTESIAN_POINT('',(-8.618934460759,6.000000070117E-07));
#5120 = ( GEOMETRIC_REPRESENTATION_CONTEXT(2) 
PARAMETRIC_REPRESENTATION_CONTEXT() REPRESENTATION_CONTEXT('2D SPACE',''
  ) );
#5121 = ORIENTED_EDGE('',*,*,#5122,.F.);
#5122 = EDGE_CURVE('',#5123,#5102,#5125,.T.);
#5123 = VERTEX_POINT('',#5124);
#5124 = CARTESIAN_POINT('',(-23.71098940262,19.216175299025,92.6));
#5125 = SURFACE_CURVE('',#5126,(#5131,#5138),.PCURVE_S1.);
#5126 = CIRCLE('',#5127,3.5);
#5127 = AXIS2_PLACEMENT_3D('',#5128,#5129,#5130);
#5128 = CARTESIAN_POINT('',(-22.5,22.5,92.6));
#5129 = DIRECTION('',(0.,0.,-1.));
#5130 = DIRECTION('',(1.,0.,0.));
#5131 = PCURVE('',#2004,#5132);
#5132 = DEFINITIONAL_REPRESENTATION('',(#5133),#5137);
#5133 = LINE('',#5134,#5135);
#5134 = CARTESIAN_POINT('',(-6.28318530718,-61.));
#5135 = VECTOR('',#5136,1.);
#5136 = DIRECTION('',(1.,-0.));
#5137 = ( GEOMETRIC_REPRESENTATION_CONTEXT(2) 
PARAMETRIC_REPRESENTATION_CONTEXT() REPRESENTATION_CONTEXT('2D SPACE',''
  ) );
#5138 = PCURVE('',#5139,#5144);
#5139 = PLANE('',#5140);
#5140 = AXIS2_PLACEMENT_3D('',#5141,#5142,#5143);
#5141 = CARTESIAN_POINT('',(-2.740115638314E-15,2.907945272208E-15,92.6)
  );
#5142 = DIRECTION('',(0.,0.,1.));
#5143 = DIRECTION('',(0.992546151641,0.121869343405,0.));
#5144 = DEFINITIONAL_REPRESENTATION('',(#5145),#5153);
#5145 = ( BOUNDED_CURVE() B_SPLINE_CURVE(2,(#5146,#5147,#5148,#5149,
#5150,#5151,#5152),.UNSPECIFIED.,.T.,.F.) B_SPLINE_CURVE_WITH_KNOTS((1,2
    ,2,2,2,1),(-2.094395102393,0.,2.094395102393,4.188790204786,
6.28318530718,8.377580409573),.UNSPECIFIED.) CURVE() 
GEOMETRIC_REPRESENTATION_ITEM() RATIONAL_B_SPLINE_CURVE((1.,0.5,1.,0.5,
1.,0.5,1.)) REPRESENTATION_ITEM('') );
#5146 = CARTESIAN_POINT('',(-16.11631665456,24.647805936628));
#5147 = CARTESIAN_POINT('',(-16.85511028588,18.630814664378));
#5148 = CARTESIAN_POINT('',(-21.69658076634,22.27912435338));
#5149 = CARTESIAN_POINT('',(-26.5380512468,25.927434042382));
#5150 = CARTESIAN_POINT('',(-20.95778713502,28.296115625629));
#5151 = CARTESIAN_POINT('',(-15.37752302325,30.664797208877));
#5152 = CARTESIAN_POINT('',(-16.11631665456,24.647805936628));
#5153 = ( GEOMETRIC_REPRESENTATION_CONTEXT(2) 
PARAMETRIC_REPRESENTATION_CONTEXT() REPRESENTATION_CONTEXT('2D SPACE',''
  ) );
#5154 = ORIENTED_EDGE('',*,*,#5155,.T.);
#5155 = EDGE_CURVE('',#5123,#5156,#5158,.T.);
#5156 = VERTEX_POINT('',#5157);
#5157 = CARTESIAN_POINT('',(-23.71098940262,19.216175299025,57.6));
#5158 = SURFACE_CURVE('',#5159,(#5163,#5169),.PCURVE_S1.);
#5159 = LINE('',#5160,#5161);
#5160 = CARTESIAN_POINT('',(-23.71098940262,19.216175299025,31.6));
#5161 = VECTOR('',#5162,1.);
#5162 = DIRECTION('',(-0.,-0.,-1.));
#5163 = PCURVE('',#2004,#5164);
#5164 = DEFINITIONAL_REPRESENTATION('',(#5165),#5168);
#5165 = B_SPLINE_CURVE_WITH_KNOTS('',1,(#5166,#5167),.UNSPECIFIED.,.F.,
  .F.,(2,2),(-61.0000006,-22.5),.PIECEWISE_BEZIER_KNOTS.);
#5166 = CARTESIAN_POINT('',(-4.359087800006,-61.0000006));
#5167 = CARTESIAN_POINT('',(-4.359087800006,-22.5));
#5168 = ( GEOMETRIC_REPRESENTATION_CONTEXT(2) 
PARAMETRIC_REPRESENTATION_CONTEXT() REPRESENTATION_CONTEXT('2D SPACE',''
  ) );
#5169 = PCURVE('',#5170,#5175);
#5170 = PLANE('',#5171);
#5171 = AXIS2_PLACEMENT_3D('',#5172,#5173,#5174);
#5172 = CARTESIAN_POINT('',(-23.74999328872,7.554013355481,57.6));
#5173 = DIRECTION('',(-0.999994407268,3.344462900563E-03,0.));
#5174 = DIRECTION('',(0.,0.,1.));
#5175 = DEFINITIONAL_REPRESENTATION('',(#5176),#5179);
#5176 = B_SPLINE_CURVE_WITH_KNOTS('',1,(#5177,#5178),.UNSPECIFIED.,.F.,
  .F.,(2,2),(-61.0000006,-22.5),.PIECEWISE_BEZIER_KNOTS.);
#5177 = CARTESIAN_POINT('',(35.0000006,11.662227167252));
#5178 = CARTESIAN_POINT('',(-3.5,11.662227167252));
#5179 = ( GEOMETRIC_REPRESENTATION_CONTEXT(2) 
PARAMETRIC_REPRESENTATION_CONTEXT() REPRESENTATION_CONTEXT('2D SPACE',''
  ) );
#5180 = ORIENTED_EDGE('',*,*,#5181,.F.);
#5181 = EDGE_CURVE('',#5182,#5156,#5184,.T.);
#5182 = VERTEX_POINT('',#5183);
#5183 = CARTESIAN_POINT('',(-21.31100282517,19.208148588064,57.6));
#5184 = SURFACE_CURVE('',#5185,(#5190,#5197),.PCURVE_S1.);
#5185 = CIRCLE('',#5186,3.5);
#5186 = AXIS2_PLACEMENT_3D('',#5187,#5188,#5189);
#5187 = CARTESIAN_POINT('',(-22.5,22.5,57.6));
#5188 = DIRECTION('',(0.,0.,-1.));
#5189 = DIRECTION('',(1.,0.,0.));
#5190 = PCURVE('',#2004,#5191);
#5191 = DEFINITIONAL_REPRESENTATION('',(#5192),#5196);
#5192 = LINE('',#5193,#5194);
#5193 = CARTESIAN_POINT('',(-6.28318530718,-26.));
#5194 = VECTOR('',#5195,1.);
#5195 = DIRECTION('',(1.,-0.));
#5196 = ( GEOMETRIC_REPRESENTATION_CONTEXT(2) 
PARAMETRIC_REPRESENTATION_CONTEXT() REPRESENTATION_CONTEXT('2D SPACE',''
  ) );
#5197 = PCURVE('',#5198,#5203);
#5198 = PLANE('',#5199);
#5199 = AXIS2_PLACEMENT_3D('',#5200,#5201,#5202);
#5200 = CARTESIAN_POINT('',(-21.35000671127,7.545986644519,57.6));
#5201 = DIRECTION('',(0.,0.,1.));
#5202 = DIRECTION('',(3.344462900563E-03,0.999994407268,0.));
#5203 = DEFINITIONAL_REPRESENTATION('',(#5204),#5212);
#5204 = ( BOUNDED_CURVE() B_SPLINE_CURVE(2,(#5205,#5206,#5207,#5208,
#5209,#5210,#5211),.UNSPECIFIED.,.T.,.F.) B_SPLINE_CURVE_WITH_KNOTS((1,2
    ,2,2,2,1),(-2.094395102393,0.,2.094395102393,4.188790204786,
6.28318530718,8.377580409573),.UNSPECIFIED.) CURVE() 
GEOMETRIC_REPRESENTATION_ITEM() RATIONAL_B_SPLINE_CURVE((1.,0.5,1.,0.5,
1.,0.5,1.)) REPRESENTATION_ITEM('') );
#5205 = CARTESIAN_POINT('',(14.961789231958,-2.299980425439));
#5206 = CARTESIAN_POINT('',(8.899645309601,-2.320255154276));
#5207 = CARTESIAN_POINT('',(11.913158840552,2.939852848301));
#5208 = CARTESIAN_POINT('',(14.926672371502,8.199960850878));
#5209 = CARTESIAN_POINT('',(17.975302762909,2.960127577138));
#5210 = CARTESIAN_POINT('',(21.023933154315,-2.279705696602));
#5211 = CARTESIAN_POINT('',(14.961789231958,-2.299980425439));
#5212 = ( GEOMETRIC_REPRESENTATION_CONTEXT(2) 
PARAMETRIC_REPRESENTATION_CONTEXT() REPRESENTATION_CONTEXT('2D SPACE',''
  ) );
#5213 = ORIENTED_EDGE('',*,*,#5214,.F.);
#5214 = EDGE_CURVE('',#5215,#5182,#5217,.T.);
#5215 = VERTEX_POINT('',#5216);
#5216 = CARTESIAN_POINT('',(-21.31100282517,19.208148588064,92.6));
#5217 = SURFACE_CURVE('',#5218,(#5222,#5228),.PCURVE_S1.);
#5218 = LINE('',#5219,#5220);
#5219 = CARTESIAN_POINT('',(-21.31100282517,19.208148588064,31.6));
#5220 = VECTOR('',#5221,1.);
#5221 = DIRECTION('',(-0.,-0.,-1.));
#5222 = PCURVE('',#2004,#5223);
#5223 = DEFINITIONAL_REPRESENTATION('',(#5224),#5227);
#5224 = B_SPLINE_CURVE_WITH_KNOTS('',1,(#5225,#5226),.UNSPECIFIED.,.F.,
  .F.,(2,2),(-61.0000006,-22.5),.PIECEWISE_BEZIER_KNOTS.);
#5225 = CARTESIAN_POINT('',(-5.059001222492,-61.0000006));
#5226 = CARTESIAN_POINT('',(-5.059001222492,-22.5));
#5227 = ( GEOMETRIC_REPRESENTATION_CONTEXT(2) 
PARAMETRIC_REPRESENTATION_CONTEXT() REPRESENTATION_CONTEXT('2D SPACE',''
  ) );
#5228 = PCURVE('',#5229,#5234);
#5229 = PLANE('',#5230);
#5230 = AXIS2_PLACEMENT_3D('',#5231,#5232,#5233);
#5231 = CARTESIAN_POINT('',(-21.35000671127,7.545986644519,57.6));
#5232 = DIRECTION('',(-0.999994407268,3.344462900563E-03,0.));
#5233 = DIRECTION('',(0.,0.,1.));
#5234 = DEFINITIONAL_REPRESENTATION('',(#5235),#5238);
#5235 = B_SPLINE_CURVE_WITH_KNOTS('',1,(#5236,#5237),.UNSPECIFIED.,.F.,
  .F.,(2,2),(-61.0000006,-22.5),.PIECEWISE_BEZIER_KNOTS.);
#5236 = CARTESIAN_POINT('',(35.0000006,11.662227167252));
#5237 = CARTESIAN_POINT('',(-3.5,11.662227167252));
#5238 = ( GEOMETRIC_REPRESENTATION_CONTEXT(2) 
PARAMETRIC_REPRESENTATION_CONTEXT() REPRESENTATION_CONTEXT('2D SPACE',''
  ) );
#5239 = ORIENTED_EDGE('',*,*,#5240,.F.);
#5240 = EDGE_CURVE('',#5028,#5215,#5241,.T.);
#5241 = SURFACE_CURVE('',#5242,(#5247,#5254),.PCURVE_S1.);
#5242 = CIRCLE('',#5243,3.5);
#5243 = AXIS2_PLACEMENT_3D('',#5244,#5245,#5246);
#5244 = CARTESIAN_POINT('',(-22.5,22.5,92.6));
#5245 = DIRECTION('',(0.,0.,-1.));
#5246 = DIRECTION('',(1.,0.,0.));
#5247 = PCURVE('',#2004,#5248);
#5248 = DEFINITIONAL_REPRESENTATION('',(#5249),#5253);
#5249 = LINE('',#5250,#5251);
#5250 = CARTESIAN_POINT('',(-6.28318530718,-61.));
#5251 = VECTOR('',#5252,1.);
#5252 = DIRECTION('',(1.,-0.));
#5253 = ( GEOMETRIC_REPRESENTATION_CONTEXT(2) 
PARAMETRIC_REPRESENTATION_CONTEXT() REPRESENTATION_CONTEXT('2D SPACE',''
  ) );
#5254 = PCURVE('',#3483,#5255);
#5255 = DEFINITIONAL_REPRESENTATION('',(#5256),#5264);
#5256 = ( BOUNDED_CURVE() B_SPLINE_CURVE(2,(#5257,#5258,#5259,#5260,
#5261,#5262,#5263),.UNSPECIFIED.,.T.,.F.) B_SPLINE_CURVE_WITH_KNOTS((1,2
    ,2,2,2,1),(-2.094395102393,0.,2.094395102393,4.188790204786,
6.28318530718,8.377580409573),.UNSPECIFIED.) CURVE() 
GEOMETRIC_REPRESENTATION_ITEM() RATIONAL_B_SPLINE_CURVE((1.,0.5,1.,0.5,
1.,0.5,1.)) REPRESENTATION_ITEM('') );
#5257 = CARTESIAN_POINT('',(-16.11631665456,24.647805936628));
#5258 = CARTESIAN_POINT('',(-16.85511028588,18.630814664378));
#5259 = CARTESIAN_POINT('',(-21.69658076634,22.27912435338));
#5260 = CARTESIAN_POINT('',(-26.5380512468,25.927434042382));
#5261 = CARTESIAN_POINT('',(-20.95778713502,28.296115625629));
#5262 = CARTESIAN_POINT('',(-15.37752302325,30.664797208877));
#5263 = CARTESIAN_POINT('',(-16.11631665456,24.647805936628));
#5264 = ( GEOMETRIC_REPRESENTATION_CONTEXT(2) 
PARAMETRIC_REPRESENTATION_CONTEXT() REPRESENTATION_CONTEXT('2D SPACE',''
  ) );
#5265 = ADVANCED_FACE('',(#5266),#1971,.F.);
#5266 = FACE_BOUND('',#5267,.T.);
#5267 = EDGE_LOOP('',(#5268,#5269,#5293,#5312));
#5268 = ORIENTED_EDGE('',*,*,#5101,.F.);
#5269 = ORIENTED_EDGE('',*,*,#5270,.T.);
#5270 = EDGE_CURVE('',#5102,#5271,#5273,.T.);
#5271 = VERTEX_POINT('',#5272);
#5272 = CARTESIAN_POINT('',(-32.81922254715,3.449439287833,92.6));
#5273 = SURFACE_CURVE('',#5274,(#5279,#5286),.PCURVE_S1.);
#5274 = CIRCLE('',#5275,33.);
#5275 = AXIS2_PLACEMENT_3D('',#5276,#5277,#5278);
#5276 = CARTESIAN_POINT('',(1.736464926059E-13,2.286895437438E-14,92.6)
  );
#5277 = DIRECTION('',(0.,0.,1.));
#5278 = DIRECTION('',(0.994521895368,0.104528463268,-0.));
#5279 = PCURVE('',#1971,#5280);
#5280 = DEFINITIONAL_REPRESENTATION('',(#5281),#5285);
#5281 = LINE('',#5282,#5283);
#5282 = CARTESIAN_POINT('',(-6.26573201466,-5.));
#5283 = VECTOR('',#5284,1.);
#5284 = DIRECTION('',(-1.,-0.));
#5285 = ( GEOMETRIC_REPRESENTATION_CONTEXT(2) 
PARAMETRIC_REPRESENTATION_CONTEXT() REPRESENTATION_CONTEXT('2D SPACE',''
  ) );
#5286 = PCURVE('',#5139,#5287);
#5287 = DEFINITIONAL_REPRESENTATION('',(#5288),#5292);
#5288 = CIRCLE('',#5289,33.);
#5289 = AXIS2_PLACEMENT_2D('',#5290,#5291);
#5290 = CARTESIAN_POINT('',(1.775044842869E-13,-1.68389736495E-15));
#5291 = DIRECTION('',(0.999847695156,-1.745240643728E-02));
#5292 = ( GEOMETRIC_REPRESENTATION_CONTEXT(2) 
PARAMETRIC_REPRESENTATION_CONTEXT() REPRESENTATION_CONTEXT('2D SPACE',''
  ) );
#5293 = ORIENTED_EDGE('',*,*,#5294,.T.);
#5294 = EDGE_CURVE('',#5271,#1928,#5295,.T.);
#5295 = SURFACE_CURVE('',#5296,(#5300,#5306),.PCURVE_S1.);
#5296 = LINE('',#5297,#5298);
#5297 = CARTESIAN_POINT('',(-32.81922254715,3.449439287833,87.6));
#5298 = VECTOR('',#5299,1.);
#5299 = DIRECTION('',(0.,-0.,-1.));
#5300 = PCURVE('',#1971,#5301);
#5301 = DEFINITIONAL_REPRESENTATION('',(#5302),#5305);
#5302 = B_SPLINE_CURVE_WITH_KNOTS('',1,(#5303,#5304),.UNSPECIFIED.,.F.,
  .F.,(2,2),(-5.0000006,6.000000070117E-07),.PIECEWISE_BEZIER_KNOTS.);
#5303 = CARTESIAN_POINT('',(-9.19788515801,-5.0000006));
#5304 = CARTESIAN_POINT('',(-9.19788515801,6.000000070117E-07));
#5305 = ( GEOMETRIC_REPRESENTATION_CONTEXT(2) 
PARAMETRIC_REPRESENTATION_CONTEXT() REPRESENTATION_CONTEXT('2D SPACE',''
  ) );
#5306 = PCURVE('',#1943,#5307);
#5307 = DEFINITIONAL_REPRESENTATION('',(#5308),#5311);
#5308 = B_SPLINE_CURVE_WITH_KNOTS('',1,(#5309,#5310),.UNSPECIFIED.,.F.,
  .F.,(2,2),(-5.0000006,6.000000070117E-07),.PIECEWISE_BEZIER_KNOTS.);
#5309 = CARTESIAN_POINT('',(33.,-6.0000006));
#5310 = CARTESIAN_POINT('',(33.,-0.9999994));
#5311 = ( GEOMETRIC_REPRESENTATION_CONTEXT(2) 
PARAMETRIC_REPRESENTATION_CONTEXT() REPRESENTATION_CONTEXT('2D SPACE',''
  ) );
#5312 = ORIENTED_EDGE('',*,*,#1954,.F.);
#5313 = ADVANCED_FACE('',(#5314),#1943,.F.);
#5314 = FACE_BOUND('',#5315,.F.);
#5315 = EDGE_LOOP('',(#5316,#5337,#5356,#5357));
#5316 = ORIENTED_EDGE('',*,*,#5317,.F.);
#5317 = EDGE_CURVE('',#5318,#1899,#5320,.T.);
#5318 = VERTEX_POINT('',#5319);
#5319 = CARTESIAN_POINT('',(-28.84113496568,3.031325434762,92.6));
#5320 = SURFACE_CURVE('',#5321,(#5325,#5331),.PCURVE_S1.);
#5321 = LINE('',#5322,#5323);
#5322 = CARTESIAN_POINT('',(-28.84113496568,3.031325434762,87.6));
#5323 = VECTOR('',#5324,1.);
#5324 = DIRECTION('',(-0.,-0.,-1.));
#5325 = PCURVE('',#1943,#5326);
#5326 = DEFINITIONAL_REPRESENTATION('',(#5327),#5330);
#5327 = B_SPLINE_CURVE_WITH_KNOTS('',1,(#5328,#5329),.UNSPECIFIED.,.F.,
  .F.,(2,2),(-8.0000006,6.000000070117E-07),.PIECEWISE_BEZIER_KNOTS.);
#5328 = CARTESIAN_POINT('',(29.,-9.0000006));
#5329 = CARTESIAN_POINT('',(29.,-0.9999994));
#5330 = ( GEOMETRIC_REPRESENTATION_CONTEXT(2) 
PARAMETRIC_REPRESENTATION_CONTEXT() REPRESENTATION_CONTEXT('2D SPACE',''
  ) );
#5331 = PCURVE('',#1915,#5332);
#5332 = DEFINITIONAL_REPRESENTATION('',(#5333),#5336);
#5333 = B_SPLINE_CURVE_WITH_KNOTS('',1,(#5334,#5335),.UNSPECIFIED.,.F.,
  .F.,(2,2),(-8.0000006,6.000000070117E-07),.PIECEWISE_BEZIER_KNOTS.);
#5334 = CARTESIAN_POINT('',(-3.03687289847,-8.0000006));
#5335 = CARTESIAN_POINT('',(-3.03687289847,6.000000070117E-07));
#5336 = ( GEOMETRIC_REPRESENTATION_CONTEXT(2) 
PARAMETRIC_REPRESENTATION_CONTEXT() REPRESENTATION_CONTEXT('2D SPACE',''
  ) );
#5337 = ORIENTED_EDGE('',*,*,#5338,.F.);
#5338 = EDGE_CURVE('',#5271,#5318,#5339,.T.);
#5339 = SURFACE_CURVE('',#5340,(#5344,#5350),.PCURVE_S1.);
#5340 = LINE('',#5341,#5342);
#5341 = CARTESIAN_POINT('',(-1.506237248504E-15,1.583119141327E-16,92.6)
  );
#5342 = VECTOR('',#5343,1.);
#5343 = DIRECTION('',(0.994521895368,-0.104528463268,0.));
#5344 = PCURVE('',#1943,#5345);
#5345 = DEFINITIONAL_REPRESENTATION('',(#5346),#5349);
#5346 = B_SPLINE_CURVE_WITH_KNOTS('',1,(#5347,#5348),.UNSPECIFIED.,.F.,
  .F.,(2,2),(-33.86803555718,-29.),.PIECEWISE_BEZIER_KNOTS.);
#5347 = CARTESIAN_POINT('',(33.868035557182,-6.));
#5348 = CARTESIAN_POINT('',(29.,-6.));
#5349 = ( GEOMETRIC_REPRESENTATION_CONTEXT(2) 
PARAMETRIC_REPRESENTATION_CONTEXT() REPRESENTATION_CONTEXT('2D SPACE',''
  ) );
#5350 = PCURVE('',#5139,#5351);
#5351 = DEFINITIONAL_REPRESENTATION('',(#5352),#5355);
#5352 = B_SPLINE_CURVE_WITH_KNOTS('',1,(#5353,#5354),.UNSPECIFIED.,.F.,
  .F.,(2,2),(-33.86803555718,-29.),.PIECEWISE_BEZIER_KNOTS.);
#5353 = CARTESIAN_POINT('',(-33.,7.618650307144));
#5354 = CARTESIAN_POINT('',(-28.25673187877,6.523580575972));
#5355 = ( GEOMETRIC_REPRESENTATION_CONTEXT(2) 
PARAMETRIC_REPRESENTATION_CONTEXT() REPRESENTATION_CONTEXT('2D SPACE',''
  ) );
#5356 = ORIENTED_EDGE('',*,*,#5294,.T.);
#5357 = ORIENTED_EDGE('',*,*,#1927,.T.);
#5358 = ADVANCED_FACE('',(#5359),#1915,.F.);
#5359 = FACE_BOUND('',#5360,.T.);
#5360 = EDGE_LOOP('',(#5361,#5362,#5363,#5391));
#5361 = ORIENTED_EDGE('',*,*,#1898,.F.);
#5362 = ORIENTED_EDGE('',*,*,#5317,.F.);
#5363 = ORIENTED_EDGE('',*,*,#5364,.F.);
#5364 = EDGE_CURVE('',#5365,#5318,#5367,.T.);
#5365 = VERTEX_POINT('',#5366);
#5366 = CARTESIAN_POINT('',(-28.84113496568,-3.031325434762,92.6));
#5367 = SURFACE_CURVE('',#5368,(#5373,#5380),.PCURVE_S1.);
#5368 = CIRCLE('',#5369,29.);
#5369 = AXIS2_PLACEMENT_3D('',#5370,#5371,#5372);
#5370 = CARTESIAN_POINT('',(1.75139182436E-13,1.53630861786E-15,92.6));
#5371 = DIRECTION('',(0.,0.,-1.));
#5372 = DIRECTION('',(1.,0.,0.));
#5373 = PCURVE('',#1915,#5374);
#5374 = DEFINITIONAL_REPRESENTATION('',(#5375),#5379);
#5375 = LINE('',#5376,#5377);
#5376 = CARTESIAN_POINT('',(-6.28318530718,-5.));
#5377 = VECTOR('',#5378,1.);
#5378 = DIRECTION('',(1.,-0.));
#5379 = ( GEOMETRIC_REPRESENTATION_CONTEXT(2) 
PARAMETRIC_REPRESENTATION_CONTEXT() REPRESENTATION_CONTEXT('2D SPACE',''
  ) );
#5380 = PCURVE('',#5139,#5381);
#5381 = DEFINITIONAL_REPRESENTATION('',(#5382),#5390);
#5382 = ( BOUNDED_CURVE() B_SPLINE_CURVE(2,(#5383,#5384,#5385,#5386,
#5387,#5388,#5389),.UNSPECIFIED.,.T.,.F.) B_SPLINE_CURVE_WITH_KNOTS((1,2
    ,2,2,2,1),(-2.094395102393,0.,2.094395102393,4.188790204786,
6.28318530718,8.377580409573),.UNSPECIFIED.) CURVE() 
GEOMETRIC_REPRESENTATION_ITEM() RATIONAL_B_SPLINE_CURVE((1.,0.5,1.,0.5,
1.,0.5,1.)) REPRESENTATION_ITEM('') );
#5383 = CARTESIAN_POINT('',(28.783838397599,-3.534210958749));
#5384 = CARTESIAN_POINT('',(22.662405452378,-53.38928150024));
#5385 = CARTESIAN_POINT('',(-17.4526356714,-23.16042979137));
#5386 = CARTESIAN_POINT('',(-57.56767679519,7.068421917499));
#5387 = CARTESIAN_POINT('',(-11.33120272618,26.694640750121));
#5388 = CARTESIAN_POINT('',(34.905271342819,46.320859582743));
#5389 = CARTESIAN_POINT('',(28.783838397599,-3.534210958749));
#5390 = ( GEOMETRIC_REPRESENTATION_CONTEXT(2) 
PARAMETRIC_REPRESENTATION_CONTEXT() REPRESENTATION_CONTEXT('2D SPACE',''
  ) );
#5391 = ORIENTED_EDGE('',*,*,#5392,.T.);
#5392 = EDGE_CURVE('',#5365,#1872,#5393,.T.);
#5393 = SURFACE_CURVE('',#5394,(#5398,#5404),.PCURVE_S1.);
#5394 = LINE('',#5395,#5396);
#5395 = CARTESIAN_POINT('',(-28.84113496568,-3.031325434762,87.6));
#5396 = VECTOR('',#5397,1.);
#5397 = DIRECTION('',(-0.,-0.,-1.));
#5398 = PCURVE('',#1915,#5399);
#5399 = DEFINITIONAL_REPRESENTATION('',(#5400),#5403);
#5400 = B_SPLINE_CURVE_WITH_KNOTS('',1,(#5401,#5402),.UNSPECIFIED.,.F.,
  .F.,(2,2),(-8.0000006,6.000000070117E-07),.PIECEWISE_BEZIER_KNOTS.);
#5401 = CARTESIAN_POINT('',(-3.246312408709,-8.0000006));
#5402 = CARTESIAN_POINT('',(-3.246312408709,6.000000070117E-07));
#5403 = ( GEOMETRIC_REPRESENTATION_CONTEXT(2) 
PARAMETRIC_REPRESENTATION_CONTEXT() REPRESENTATION_CONTEXT('2D SPACE',''
  ) );
#5404 = PCURVE('',#1887,#5405);
#5405 = DEFINITIONAL_REPRESENTATION('',(#5406),#5409);
#5406 = B_SPLINE_CURVE_WITH_KNOTS('',1,(#5407,#5408),.UNSPECIFIED.,.F.,
  .F.,(2,2),(-8.0000006,6.000000070117E-07),.PIECEWISE_BEZIER_KNOTS.);
#5407 = CARTESIAN_POINT('',(82.,-9.0000006));
#5408 = CARTESIAN_POINT('',(82.,-0.9999994));
#5409 = ( GEOMETRIC_REPRESENTATION_CONTEXT(2) 
PARAMETRIC_REPRESENTATION_CONTEXT() REPRESENTATION_CONTEXT('2D SPACE',''
  ) );
#5410 = ADVANCED_FACE('',(#5411),#1887,.F.);
#5411 = FACE_BOUND('',#5412,.F.);
#5412 = EDGE_LOOP('',(#5413,#5414,#5435,#5454));
#5413 = ORIENTED_EDGE('',*,*,#1871,.T.);
#5414 = ORIENTED_EDGE('',*,*,#5415,.F.);
#5415 = EDGE_CURVE('',#5416,#1843,#5418,.T.);
#5416 = VERTEX_POINT('',#5417);
#5417 = CARTESIAN_POINT('',(-32.81922254715,-3.449439287833,92.6));
#5418 = SURFACE_CURVE('',#5419,(#5423,#5429),.PCURVE_S1.);
#5419 = LINE('',#5420,#5421);
#5420 = CARTESIAN_POINT('',(-32.81922254715,-3.449439287833,87.6));
#5421 = VECTOR('',#5422,1.);
#5422 = DIRECTION('',(0.,-0.,-1.));
#5423 = PCURVE('',#1887,#5424);
#5424 = DEFINITIONAL_REPRESENTATION('',(#5425),#5428);
#5425 = B_SPLINE_CURVE_WITH_KNOTS('',1,(#5426,#5427),.UNSPECIFIED.,.F.,
  .F.,(2,2),(-5.0000006,6.000000070117E-07),.PIECEWISE_BEZIER_KNOTS.);
#5426 = CARTESIAN_POINT('',(78.,-6.0000006));
#5427 = CARTESIAN_POINT('',(78.,-0.9999994));
#5428 = ( GEOMETRIC_REPRESENTATION_CONTEXT(2) 
PARAMETRIC_REPRESENTATION_CONTEXT() REPRESENTATION_CONTEXT('2D SPACE',''
  ) );
#5429 = PCURVE('',#1859,#5430);
#5430 = DEFINITIONAL_REPRESENTATION('',(#5431),#5434);
#5431 = B_SPLINE_CURVE_WITH_KNOTS('',1,(#5432,#5433),.UNSPECIFIED.,.F.,
  .F.,(2,2),(-5.0000006,6.000000070117E-07),.PIECEWISE_BEZIER_KNOTS.);
#5432 = CARTESIAN_POINT('',(-9.407324668249,-5.0000006));
#5433 = CARTESIAN_POINT('',(-9.407324668249,6.000000070117E-07));
#5434 = ( GEOMETRIC_REPRESENTATION_CONTEXT(2) 
PARAMETRIC_REPRESENTATION_CONTEXT() REPRESENTATION_CONTEXT('2D SPACE',''
  ) );
#5435 = ORIENTED_EDGE('',*,*,#5436,.F.);
#5436 = EDGE_CURVE('',#5365,#5416,#5437,.T.);
#5437 = SURFACE_CURVE('',#5438,(#5442,#5448),.PCURVE_S1.);
#5438 = LINE('',#5439,#5440);
#5439 = CARTESIAN_POINT('',(-55.19596519293,-5.801329711355,92.6));
#5440 = VECTOR('',#5441,1.);
#5441 = DIRECTION('',(-0.994521895368,-0.104528463268,0.));
#5442 = PCURVE('',#1887,#5443);
#5443 = DEFINITIONAL_REPRESENTATION('',(#5444),#5447);
#5444 = B_SPLINE_CURVE_WITH_KNOTS('',1,(#5445,#5446),.UNSPECIFIED.,.F.,
  .F.,(2,2),(-26.5,-22.49497317455),.PIECEWISE_BEZIER_KNOTS.);
#5445 = CARTESIAN_POINT('',(82.,-6.));
#5446 = CARTESIAN_POINT('',(77.994973174551,-6.));
#5447 = ( GEOMETRIC_REPRESENTATION_CONTEXT(2) 
PARAMETRIC_REPRESENTATION_CONTEXT() REPRESENTATION_CONTEXT('2D SPACE',''
  ) );
#5448 = PCURVE('',#5139,#5449);
#5449 = DEFINITIONAL_REPRESENTATION('',(#5450),#5453);
#5450 = B_SPLINE_CURVE_WITH_KNOTS('',1,(#5451,#5452),.UNSPECIFIED.,.F.,
  .F.,(2,2),(-26.5,-22.49497317455),.PIECEWISE_BEZIER_KNOTS.);
#5451 = CARTESIAN_POINT('',(-28.99558315953,0.506119786681));
#5452 = CARTESIAN_POINT('',(-33.,0.576017142631));
#5453 = ( GEOMETRIC_REPRESENTATION_CONTEXT(2) 
PARAMETRIC_REPRESENTATION_CONTEXT() REPRESENTATION_CONTEXT('2D SPACE',''
  ) );
#5454 = ORIENTED_EDGE('',*,*,#5392,.T.);
#5455 = ADVANCED_FACE('',(#5456),#1859,.F.);
#5456 = FACE_BOUND('',#5457,.T.);
#5457 = EDGE_LOOP('',(#5458,#5459,#5483,#5502));
#5458 = ORIENTED_EDGE('',*,*,#5415,.F.);
#5459 = ORIENTED_EDGE('',*,*,#5460,.T.);
#5460 = EDGE_CURVE('',#5416,#5461,#5463,.T.);
#5461 = VERTEX_POINT('',#5462);
#5462 = CARTESIAN_POINT('',(-25.58356453216,-20.84421324561,92.6));
#5463 = SURFACE_CURVE('',#5464,(#5469,#5476),.PCURVE_S1.);
#5464 = CIRCLE('',#5465,33.);
#5465 = AXIS2_PLACEMENT_3D('',#5466,#5467,#5468);
#5466 = CARTESIAN_POINT('',(1.736464926059E-13,2.286895437438E-14,92.6)
  );
#5467 = DIRECTION('',(0.,0.,1.));
#5468 = DIRECTION('',(0.994521895368,0.104528463268,-0.));
#5469 = PCURVE('',#1859,#5470);
#5470 = DEFINITIONAL_REPRESENTATION('',(#5471),#5475);
#5471 = LINE('',#5472,#5473);
#5472 = CARTESIAN_POINT('',(-6.26573201466,-5.));
#5473 = VECTOR('',#5474,1.);
#5474 = DIRECTION('',(-1.,-0.));
#5475 = ( GEOMETRIC_REPRESENTATION_CONTEXT(2) 
PARAMETRIC_REPRESENTATION_CONTEXT() REPRESENTATION_CONTEXT('2D SPACE',''
  ) );
#5476 = PCURVE('',#5139,#5477);
#5477 = DEFINITIONAL_REPRESENTATION('',(#5478),#5482);
#5478 = CIRCLE('',#5479,33.);
#5479 = AXIS2_PLACEMENT_2D('',#5480,#5481);
#5480 = CARTESIAN_POINT('',(1.775044842869E-13,-1.68389736495E-15));
#5481 = DIRECTION('',(0.999847695156,-1.745240643728E-02));
#5482 = ( GEOMETRIC_REPRESENTATION_CONTEXT(2) 
PARAMETRIC_REPRESENTATION_CONTEXT() REPRESENTATION_CONTEXT('2D SPACE',''
  ) );
#5483 = ORIENTED_EDGE('',*,*,#5484,.T.);
#5484 = EDGE_CURVE('',#5461,#1810,#5485,.T.);
#5485 = SURFACE_CURVE('',#5486,(#5490,#5496),.PCURVE_S1.);
#5486 = LINE('',#5487,#5488);
#5487 = CARTESIAN_POINT('',(-25.58356453216,-20.84421324561,87.6));
#5488 = VECTOR('',#5489,1.);
#5489 = DIRECTION('',(0.,-0.,-1.));
#5490 = PCURVE('',#1859,#5491);
#5491 = DEFINITIONAL_REPRESENTATION('',(#5492),#5495);
#5492 = B_SPLINE_CURVE_WITH_KNOTS('',1,(#5493,#5494),.UNSPECIFIED.,.F.,
  .F.,(2,2),(-5.0000006,6.000000070117E-07),.PIECEWISE_BEZIER_KNOTS.);
#5493 = CARTESIAN_POINT('',(-9.986275365501,-5.0000006));
#5494 = CARTESIAN_POINT('',(-9.986275365501,6.000000070117E-07));
#5495 = ( GEOMETRIC_REPRESENTATION_CONTEXT(2) 
PARAMETRIC_REPRESENTATION_CONTEXT() REPRESENTATION_CONTEXT('2D SPACE',''
  ) );
#5496 = PCURVE('',#1830,#5497);
#5497 = DEFINITIONAL_REPRESENTATION('',(#5498),#5501);
#5498 = B_SPLINE_CURVE_WITH_KNOTS('',1,(#5499,#5500),.UNSPECIFIED.,.F.,
  .F.,(2,2),(-5.0000006,6.000000070117E-07),.PIECEWISE_BEZIER_KNOTS.);
#5499 = CARTESIAN_POINT('',(-2.648807003255,-61.0000006));
#5500 = CARTESIAN_POINT('',(-2.648807003255,-55.9999994));
#5501 = ( GEOMETRIC_REPRESENTATION_CONTEXT(2) 
PARAMETRIC_REPRESENTATION_CONTEXT() REPRESENTATION_CONTEXT('2D SPACE',''
  ) );
#5502 = ORIENTED_EDGE('',*,*,#1842,.F.);
#5503 = ADVANCED_FACE('',(#5504),#1830,.T.);
#5504 = FACE_BOUND('',#5505,.F.);
#5505 = EDGE_LOOP('',(#5506,#5531,#5553,#5554,#5582,#5608,#5641,#5667,
    #5693,#5694,#5695,#5716));
#5506 = ORIENTED_EDGE('',*,*,#5507,.F.);
#5507 = EDGE_CURVE('',#5508,#5510,#5512,.T.);
#5508 = VERTEX_POINT('',#5509);
#5509 = CARTESIAN_POINT('',(-19.,-22.5,31.6));
#5510 = VERTEX_POINT('',#5511);
#5511 = CARTESIAN_POINT('',(-19.,-22.5,92.6));
#5512 = SEAM_CURVE('',#5513,(#5517,#5524),.PCURVE_S1.);
#5513 = LINE('',#5514,#5515);
#5514 = CARTESIAN_POINT('',(-19.,-22.5,31.6));
#5515 = VECTOR('',#5516,1.);
#5516 = DIRECTION('',(0.,0.,1.));
#5517 = PCURVE('',#1830,#5518);
#5518 = DEFINITIONAL_REPRESENTATION('',(#5519),#5523);
#5519 = LINE('',#5520,#5521);
#5520 = CARTESIAN_POINT('',(-6.28318530718,0.));
#5521 = VECTOR('',#5522,1.);
#5522 = DIRECTION('',(-0.,-1.));
#5523 = ( GEOMETRIC_REPRESENTATION_CONTEXT(2) 
PARAMETRIC_REPRESENTATION_CONTEXT() REPRESENTATION_CONTEXT('2D SPACE',''
  ) );
#5524 = PCURVE('',#1830,#5525);
#5525 = DEFINITIONAL_REPRESENTATION('',(#5526),#5530);
#5526 = LINE('',#5527,#5528);
#5527 = CARTESIAN_POINT('',(-0.,0.));
#5528 = VECTOR('',#5529,1.);
#5529 = DIRECTION('',(-0.,-1.));
#5530 = ( GEOMETRIC_REPRESENTATION_CONTEXT(2) 
PARAMETRIC_REPRESENTATION_CONTEXT() REPRESENTATION_CONTEXT('2D SPACE',''
  ) );
#5531 = ORIENTED_EDGE('',*,*,#5532,.F.);
#5532 = EDGE_CURVE('',#5508,#5508,#5533,.T.);
#5533 = SURFACE_CURVE('',#5534,(#5539,#5546),.PCURVE_S1.);
#5534 = CIRCLE('',#5535,3.5);
#5535 = AXIS2_PLACEMENT_3D('',#5536,#5537,#5538);
#5536 = CARTESIAN_POINT('',(-22.5,-22.5,31.6));
#5537 = DIRECTION('',(0.,0.,1.));
#5538 = DIRECTION('',(1.,0.,0.));
#5539 = PCURVE('',#1830,#5540);
#5540 = DEFINITIONAL_REPRESENTATION('',(#5541),#5545);
#5541 = LINE('',#5542,#5543);
#5542 = CARTESIAN_POINT('',(-0.,0.));
#5543 = VECTOR('',#5544,1.);
#5544 = DIRECTION('',(-1.,0.));
#5545 = ( GEOMETRIC_REPRESENTATION_CONTEXT(2) 
PARAMETRIC_REPRESENTATION_CONTEXT() REPRESENTATION_CONTEXT('2D SPACE',''
  ) );
#5546 = PCURVE('',#2658,#5547);
#5547 = DEFINITIONAL_REPRESENTATION('',(#5548),#5552);
#5548 = CIRCLE('',#5549,3.5);
#5549 = AXIS2_PLACEMENT_2D('',#5550,#5551);
#5550 = CARTESIAN_POINT('',(-3.552713678801E-15,-7.105427357601E-15));
#5551 = DIRECTION('',(1.,0.));
#5552 = ( GEOMETRIC_REPRESENTATION_CONTEXT(2) 
PARAMETRIC_REPRESENTATION_CONTEXT() REPRESENTATION_CONTEXT('2D SPACE',''
  ) );
#5553 = ORIENTED_EDGE('',*,*,#5507,.T.);
#5554 = ORIENTED_EDGE('',*,*,#5555,.F.);
#5555 = EDGE_CURVE('',#5556,#5510,#5558,.T.);
#5556 = VERTEX_POINT('',#5557);
#5557 = CARTESIAN_POINT('',(-21.32368408447,-19.20359576706,92.6));
#5558 = SURFACE_CURVE('',#5559,(#5564,#5571),.PCURVE_S1.);
#5559 = CIRCLE('',#5560,3.5);
#5560 = AXIS2_PLACEMENT_3D('',#5561,#5562,#5563);
#5561 = CARTESIAN_POINT('',(-22.5,-22.5,92.6));
#5562 = DIRECTION('',(0.,0.,-1.));
#5563 = DIRECTION('',(1.,0.,0.));
#5564 = PCURVE('',#1830,#5565);
#5565 = DEFINITIONAL_REPRESENTATION('',(#5566),#5570);
#5566 = LINE('',#5567,#5568);
#5567 = CARTESIAN_POINT('',(-6.28318530718,-61.));
#5568 = VECTOR('',#5569,1.);
#5569 = DIRECTION('',(1.,-0.));
#5570 = ( GEOMETRIC_REPRESENTATION_CONTEXT(2) 
PARAMETRIC_REPRESENTATION_CONTEXT() REPRESENTATION_CONTEXT('2D SPACE',''
  ) );
#5571 = PCURVE('',#2738,#5572);
#5572 = DEFINITIONAL_REPRESENTATION('',(#5573),#5581);
#5573 = ( BOUNDED_CURVE() B_SPLINE_CURVE(2,(#5574,#5575,#5576,#5577,
#5578,#5579,#5580),.UNSPECIFIED.,.T.,.F.) B_SPLINE_CURVE_WITH_KNOTS((1,2
    ,2,2,2,1),(-2.094395102393,0.,2.094395102393,4.188790204786,
6.28318530718,8.377580409573),.UNSPECIFIED.) CURVE() 
GEOMETRIC_REPRESENTATION_ITEM() RATIONAL_B_SPLINE_CURVE((1.,0.5,1.,0.5,
1.,0.5,1.)) REPRESENTATION_ITEM('') );
#5574 = CARTESIAN_POINT('',(-21.6004371078,-20.01677088723));
#5575 = CARTESIAN_POINT('',(-22.33923073912,-26.03376215948));
#5576 = CARTESIAN_POINT('',(-27.18070121957,-22.38545247047));
#5577 = CARTESIAN_POINT('',(-32.02217170003,-18.73714278147));
#5578 = CARTESIAN_POINT('',(-26.44190758825,-16.36846119823));
#5579 = CARTESIAN_POINT('',(-20.86164347648,-13.99977961498));
#5580 = CARTESIAN_POINT('',(-21.6004371078,-20.01677088723));
#5581 = ( GEOMETRIC_REPRESENTATION_CONTEXT(2) 
PARAMETRIC_REPRESENTATION_CONTEXT() REPRESENTATION_CONTEXT('2D SPACE',''
  ) );
#5582 = ORIENTED_EDGE('',*,*,#5583,.T.);
#5583 = EDGE_CURVE('',#5556,#5584,#5586,.T.);
#5584 = VERTEX_POINT('',#5585);
#5585 = CARTESIAN_POINT('',(-21.32368408447,-19.20359576706,57.6));
#5586 = SURFACE_CURVE('',#5587,(#5591,#5597),.PCURVE_S1.);
#5587 = LINE('',#5588,#5589);
#5588 = CARTESIAN_POINT('',(-21.32368408447,-19.20359576706,31.6));
#5589 = VECTOR('',#5590,1.);
#5590 = DIRECTION('',(-0.,-0.,-1.));
#5591 = PCURVE('',#1830,#5592);
#5592 = DEFINITIONAL_REPRESENTATION('',(#5593),#5596);
#5593 = B_SPLINE_CURVE_WITH_KNOTS('',1,(#5594,#5595),.UNSPECIFIED.,.F.,
  .F.,(2,2),(-61.0000006,-22.5),.PIECEWISE_BEZIER_KNOTS.);
#5594 = CARTESIAN_POINT('',(-1.228033736042,-61.0000006));
#5595 = CARTESIAN_POINT('',(-1.228033736042,-22.5));
#5596 = ( GEOMETRIC_REPRESENTATION_CONTEXT(2) 
PARAMETRIC_REPRESENTATION_CONTEXT() REPRESENTATION_CONTEXT('2D SPACE',''
  ) );
#5597 = PCURVE('',#5598,#5603);
#5598 = PLANE('',#5599);
#5599 = AXIS2_PLACEMENT_3D('',#5600,#5601,#5602);
#5600 = CARTESIAN_POINT('',(-21.35003105308,-15.54136712987,57.6));
#5601 = DIRECTION('',(0.999974122427,7.194058434725E-03,0.));
#5602 = DIRECTION('',(0.,0.,1.));
#5603 = DEFINITIONAL_REPRESENTATION('',(#5604),#5607);
#5604 = B_SPLINE_CURVE_WITH_KNOTS('',1,(#5605,#5606),.UNSPECIFIED.,.F.,
  .F.,(2,2),(-61.0000006,-22.5),.PIECEWISE_BEZIER_KNOTS.);
#5605 = CARTESIAN_POINT('',(35.0000006,3.662323409233));
#5606 = CARTESIAN_POINT('',(-3.5,3.662323409233));
#5607 = ( GEOMETRIC_REPRESENTATION_CONTEXT(2) 
PARAMETRIC_REPRESENTATION_CONTEXT() REPRESENTATION_CONTEXT('2D SPACE',''
  ) );
#5608 = ORIENTED_EDGE('',*,*,#5609,.F.);
#5609 = EDGE_CURVE('',#5610,#5584,#5612,.T.);
#5610 = VERTEX_POINT('',#5611);
#5611 = CARTESIAN_POINT('',(-23.72362197829,-19.22086150731,57.6));
#5612 = SURFACE_CURVE('',#5613,(#5618,#5625),.PCURVE_S1.);
#5613 = CIRCLE('',#5614,3.5);
#5614 = AXIS2_PLACEMENT_3D('',#5615,#5616,#5617);
#5615 = CARTESIAN_POINT('',(-22.5,-22.5,57.6));
#5616 = DIRECTION('',(0.,0.,-1.));
#5617 = DIRECTION('',(1.,0.,0.));
#5618 = PCURVE('',#1830,#5619);
#5619 = DEFINITIONAL_REPRESENTATION('',(#5620),#5624);
#5620 = LINE('',#5621,#5622);
#5621 = CARTESIAN_POINT('',(-6.28318530718,-26.));
#5622 = VECTOR('',#5623,1.);
#5623 = DIRECTION('',(1.,-0.));
#5624 = ( GEOMETRIC_REPRESENTATION_CONTEXT(2) 
PARAMETRIC_REPRESENTATION_CONTEXT() REPRESENTATION_CONTEXT('2D SPACE',''
  ) );
#5625 = PCURVE('',#5626,#5631);
#5626 = PLANE('',#5627);
#5627 = AXIS2_PLACEMENT_3D('',#5628,#5629,#5630);
#5628 = CARTESIAN_POINT('',(-23.74996894691,-15.55863287012,57.6));
#5629 = DIRECTION('',(0.,0.,1.));
#5630 = DIRECTION('',(7.194058434725E-03,-0.999974122427,0.));
#5631 = DEFINITIONAL_REPRESENTATION('',(#5632),#5640);
#5632 = ( BOUNDED_CURVE() B_SPLINE_CURVE(2,(#5633,#5634,#5635,#5636,
#5637,#5638,#5639),.UNSPECIFIED.,.T.,.F.) B_SPLINE_CURVE_WITH_KNOTS((1,2
    ,2,2,2,1),(-2.094395102393,0.,2.094395102393,4.188790204786,
6.28318530718,8.377580409573),.UNSPECIFIED.) CURVE() 
GEOMETRIC_REPRESENTATION_ITEM() RATIONAL_B_SPLINE_CURVE((1.,0.5,1.,0.5,
1.,0.5,1.)) REPRESENTATION_ITEM('') );
#5633 = CARTESIAN_POINT('',(6.975359058309,4.699909428494));
#5634 = CARTESIAN_POINT('',(13.03738001035,4.656297766968));
#5635 = CARTESIAN_POINT('',(9.968600727547,-0.57176054501));
#5636 = CARTESIAN_POINT('',(6.899821444745,-5.799818856988));
#5637 = CARTESIAN_POINT('',(3.906579775507,-0.528148883484));
#5638 = CARTESIAN_POINT('',(0.913338106269,4.743521090019));
#5639 = CARTESIAN_POINT('',(6.975359058309,4.699909428494));
#5640 = ( GEOMETRIC_REPRESENTATION_CONTEXT(2) 
PARAMETRIC_REPRESENTATION_CONTEXT() REPRESENTATION_CONTEXT('2D SPACE',''
  ) );
#5641 = ORIENTED_EDGE('',*,*,#5642,.F.);
#5642 = EDGE_CURVE('',#5643,#5610,#5645,.T.);
#5643 = VERTEX_POINT('',#5644);
#5644 = CARTESIAN_POINT('',(-23.72362197829,-19.22086150731,92.6));
#5645 = SURFACE_CURVE('',#5646,(#5650,#5656),.PCURVE_S1.);
#5646 = LINE('',#5647,#5648);
#5647 = CARTESIAN_POINT('',(-23.72362197829,-19.22086150731,31.6));
#5648 = VECTOR('',#5649,1.);
#5649 = DIRECTION('',(-0.,-0.,-1.));
#5650 = PCURVE('',#1830,#5651);
#5651 = DEFINITIONAL_REPRESENTATION('',(#5652),#5655);
#5652 = B_SPLINE_CURVE_WITH_KNOTS('',1,(#5653,#5654),.UNSPECIFIED.,.F.,
  .F.,(2,2),(-61.0000006,-22.5),.PIECEWISE_BEZIER_KNOTS.);
#5653 = CARTESIAN_POINT('',(-1.927947158528,-61.0000006));
#5654 = CARTESIAN_POINT('',(-1.927947158528,-22.5));
#5655 = ( GEOMETRIC_REPRESENTATION_CONTEXT(2) 
PARAMETRIC_REPRESENTATION_CONTEXT() REPRESENTATION_CONTEXT('2D SPACE',''
  ) );
#5656 = PCURVE('',#5657,#5662);
#5657 = PLANE('',#5658);
#5658 = AXIS2_PLACEMENT_3D('',#5659,#5660,#5661);
#5659 = CARTESIAN_POINT('',(-23.74996894691,-15.55863287012,57.6));
#5660 = DIRECTION('',(0.999974122427,7.194058434725E-03,0.));
#5661 = DIRECTION('',(0.,0.,1.));
#5662 = DEFINITIONAL_REPRESENTATION('',(#5663),#5666);
#5663 = B_SPLINE_CURVE_WITH_KNOTS('',1,(#5664,#5665),.UNSPECIFIED.,.F.,
  .F.,(2,2),(-61.0000006,-22.5),.PIECEWISE_BEZIER_KNOTS.);
#5664 = CARTESIAN_POINT('',(35.0000006,3.662323409233));
#5665 = CARTESIAN_POINT('',(-3.5,3.662323409233));
#5666 = ( GEOMETRIC_REPRESENTATION_CONTEXT(2) 
PARAMETRIC_REPRESENTATION_CONTEXT() REPRESENTATION_CONTEXT('2D SPACE',''
  ) );
#5667 = ORIENTED_EDGE('',*,*,#5668,.F.);
#5668 = EDGE_CURVE('',#5461,#5643,#5669,.T.);
#5669 = SURFACE_CURVE('',#5670,(#5675,#5682),.PCURVE_S1.);
#5670 = CIRCLE('',#5671,3.5);
#5671 = AXIS2_PLACEMENT_3D('',#5672,#5673,#5674);
#5672 = CARTESIAN_POINT('',(-22.5,-22.5,92.6));
#5673 = DIRECTION('',(0.,0.,-1.));
#5674 = DIRECTION('',(1.,0.,0.));
#5675 = PCURVE('',#1830,#5676);
#5676 = DEFINITIONAL_REPRESENTATION('',(#5677),#5681);
#5677 = LINE('',#5678,#5679);
#5678 = CARTESIAN_POINT('',(-6.28318530718,-61.));
#5679 = VECTOR('',#5680,1.);
#5680 = DIRECTION('',(1.,-0.));
#5681 = ( GEOMETRIC_REPRESENTATION_CONTEXT(2) 
PARAMETRIC_REPRESENTATION_CONTEXT() REPRESENTATION_CONTEXT('2D SPACE',''
  ) );
#5682 = PCURVE('',#5139,#5683);
#5683 = DEFINITIONAL_REPRESENTATION('',(#5684),#5692);
#5684 = ( BOUNDED_CURVE() B_SPLINE_CURVE(2,(#5685,#5686,#5687,#5688,
#5689,#5690,#5691),.UNSPECIFIED.,.T.,.F.) B_SPLINE_CURVE_WITH_KNOTS((1,2
    ,2,2,2,1),(-2.094395102393,0.,2.094395102393,4.188790204786,
6.28318530718,8.377580409573),.UNSPECIFIED.) CURVE() 
GEOMETRIC_REPRESENTATION_ITEM() RATIONAL_B_SPLINE_CURVE((1.,0.5,1.,0.5,
1.,0.5,1.)) REPRESENTATION_ITEM('') );
#5685 = CARTESIAN_POINT('',(-21.6004371078,-20.01677088723));
#5686 = CARTESIAN_POINT('',(-22.33923073912,-26.03376215948));
#5687 = CARTESIAN_POINT('',(-27.18070121957,-22.38545247047));
#5688 = CARTESIAN_POINT('',(-32.02217170003,-18.73714278147));
#5689 = CARTESIAN_POINT('',(-26.44190758825,-16.36846119823));
#5690 = CARTESIAN_POINT('',(-20.86164347648,-13.99977961498));
#5691 = CARTESIAN_POINT('',(-21.6004371078,-20.01677088723));
#5692 = ( GEOMETRIC_REPRESENTATION_CONTEXT(2) 
PARAMETRIC_REPRESENTATION_CONTEXT() REPRESENTATION_CONTEXT('2D SPACE',''
  ) );
#5693 = ORIENTED_EDGE('',*,*,#5484,.T.);
#5694 = ORIENTED_EDGE('',*,*,#1809,.F.);
#5695 = ORIENTED_EDGE('',*,*,#5696,.F.);
#5696 = EDGE_CURVE('',#5697,#1781,#5699,.T.);
#5697 = VERTEX_POINT('',#5698);
#5698 = CARTESIAN_POINT('',(-20.84421324561,-25.58356453216,92.6));
#5699 = SURFACE_CURVE('',#5700,(#5704,#5710),.PCURVE_S1.);
#5700 = LINE('',#5701,#5702);
#5701 = CARTESIAN_POINT('',(-20.84421324561,-25.58356453216,87.6));
#5702 = VECTOR('',#5703,1.);
#5703 = DIRECTION('',(0.,-0.,-1.));
#5704 = PCURVE('',#1830,#5705);
#5705 = DEFINITIONAL_REPRESENTATION('',(#5706),#5709);
#5706 = B_SPLINE_CURVE_WITH_KNOTS('',1,(#5707,#5708),.UNSPECIFIED.,.F.,
  .F.,(2,2),(-5.0000006,6.000000070117E-07),.PIECEWISE_BEZIER_KNOTS.);
#5707 = CARTESIAN_POINT('',(-5.20517463072,-61.0000006));
#5708 = CARTESIAN_POINT('',(-5.20517463072,-55.9999994));
#5709 = ( GEOMETRIC_REPRESENTATION_CONTEXT(2) 
PARAMETRIC_REPRESENTATION_CONTEXT() REPRESENTATION_CONTEXT('2D SPACE',''
  ) );
#5710 = PCURVE('',#1797,#5711);
#5711 = DEFINITIONAL_REPRESENTATION('',(#5712),#5715);
#5712 = B_SPLINE_CURVE_WITH_KNOTS('',1,(#5713,#5714),.UNSPECIFIED.,.F.,
  .F.,(2,2),(-5.0000006,6.000000070117E-07),.PIECEWISE_BEZIER_KNOTS.);
#5713 = CARTESIAN_POINT('',(-10.18973078755,-5.0000006));
#5714 = CARTESIAN_POINT('',(-10.18973078755,6.000000070117E-07));
#5715 = ( GEOMETRIC_REPRESENTATION_CONTEXT(2) 
PARAMETRIC_REPRESENTATION_CONTEXT() REPRESENTATION_CONTEXT('2D SPACE',''
  ) );
#5716 = ORIENTED_EDGE('',*,*,#5717,.F.);
#5717 = EDGE_CURVE('',#5510,#5697,#5718,.T.);
#5718 = SURFACE_CURVE('',#5719,(#5724,#5731),.PCURVE_S1.);
#5719 = CIRCLE('',#5720,3.5);
#5720 = AXIS2_PLACEMENT_3D('',#5721,#5722,#5723);
#5721 = CARTESIAN_POINT('',(-22.5,-22.5,92.6));
#5722 = DIRECTION('',(0.,0.,-1.));
#5723 = DIRECTION('',(1.,0.,0.));
#5724 = PCURVE('',#1830,#5725);
#5725 = DEFINITIONAL_REPRESENTATION('',(#5726),#5730);
#5726 = LINE('',#5727,#5728);
#5727 = CARTESIAN_POINT('',(-6.28318530718,-61.));
#5728 = VECTOR('',#5729,1.);
#5729 = DIRECTION('',(1.,-0.));
#5730 = ( GEOMETRIC_REPRESENTATION_CONTEXT(2) 
PARAMETRIC_REPRESENTATION_CONTEXT() REPRESENTATION_CONTEXT('2D SPACE',''
  ) );
#5731 = PCURVE('',#2738,#5732);
#5732 = DEFINITIONAL_REPRESENTATION('',(#5733),#5741);
#5733 = ( BOUNDED_CURVE() B_SPLINE_CURVE(2,(#5734,#5735,#5736,#5737,
#5738,#5739,#5740),.UNSPECIFIED.,.T.,.F.) B_SPLINE_CURVE_WITH_KNOTS((1,2
    ,2,2,2,1),(-2.094395102393,0.,2.094395102393,4.188790204786,
6.28318530718,8.377580409573),.UNSPECIFIED.) CURVE() 
GEOMETRIC_REPRESENTATION_ITEM() RATIONAL_B_SPLINE_CURVE((1.,0.5,1.,0.5,
1.,0.5,1.)) REPRESENTATION_ITEM('') );
#5734 = CARTESIAN_POINT('',(-21.6004371078,-20.01677088723));
#5735 = CARTESIAN_POINT('',(-22.33923073912,-26.03376215948));
#5736 = CARTESIAN_POINT('',(-27.18070121957,-22.38545247047));
#5737 = CARTESIAN_POINT('',(-32.02217170003,-18.73714278147));
#5738 = CARTESIAN_POINT('',(-26.44190758825,-16.36846119823));
#5739 = CARTESIAN_POINT('',(-20.86164347648,-13.99977961498));
#5740 = CARTESIAN_POINT('',(-21.6004371078,-20.01677088723));
#5741 = ( GEOMETRIC_REPRESENTATION_CONTEXT(2) 
PARAMETRIC_REPRESENTATION_CONTEXT() REPRESENTATION_CONTEXT('2D SPACE',''
  ) );
#5742 = ADVANCED_FACE('',(#5743),#1797,.F.);
#5743 = FACE_BOUND('',#5744,.T.);
#5744 = EDGE_LOOP('',(#5745,#5746,#5770,#5789));
#5745 = ORIENTED_EDGE('',*,*,#5696,.F.);
#5746 = ORIENTED_EDGE('',*,*,#5747,.T.);
#5747 = EDGE_CURVE('',#5697,#5748,#5750,.T.);
#5748 = VERTEX_POINT('',#5749);
#5749 = CARTESIAN_POINT('',(-3.449439287833,-32.81922254715,92.6));
#5750 = SURFACE_CURVE('',#5751,(#5756,#5763),.PCURVE_S1.);
#5751 = CIRCLE('',#5752,33.);
#5752 = AXIS2_PLACEMENT_3D('',#5753,#5754,#5755);
#5753 = CARTESIAN_POINT('',(1.736464926059E-13,2.286895437438E-14,92.6)
  );
#5754 = DIRECTION('',(0.,0.,1.));
#5755 = DIRECTION('',(0.994521895368,0.104528463268,-0.));
#5756 = PCURVE('',#1797,#5757);
#5757 = DEFINITIONAL_REPRESENTATION('',(#5758),#5762);
#5758 = LINE('',#5759,#5760);
#5759 = CARTESIAN_POINT('',(-6.26573201466,-5.));
#5760 = VECTOR('',#5761,1.);
#5761 = DIRECTION('',(-1.,-0.));
#5762 = ( GEOMETRIC_REPRESENTATION_CONTEXT(2) 
PARAMETRIC_REPRESENTATION_CONTEXT() REPRESENTATION_CONTEXT('2D SPACE',''
  ) );
#5763 = PCURVE('',#2738,#5764);
#5764 = DEFINITIONAL_REPRESENTATION('',(#5765),#5769);
#5765 = CIRCLE('',#5766,33.);
#5766 = AXIS2_PLACEMENT_2D('',#5767,#5768);
#5767 = CARTESIAN_POINT('',(1.775044842869E-13,-1.68389736495E-15));
#5768 = DIRECTION('',(0.999847695156,-1.745240643728E-02));
#5769 = ( GEOMETRIC_REPRESENTATION_CONTEXT(2) 
PARAMETRIC_REPRESENTATION_CONTEXT() REPRESENTATION_CONTEXT('2D SPACE',''
  ) );
#5770 = ORIENTED_EDGE('',*,*,#5771,.T.);
#5771 = EDGE_CURVE('',#5748,#1754,#5772,.T.);
#5772 = SURFACE_CURVE('',#5773,(#5777,#5783),.PCURVE_S1.);
#5773 = LINE('',#5774,#5775);
#5774 = CARTESIAN_POINT('',(-3.449439287833,-32.81922254715,87.6));
#5775 = VECTOR('',#5776,1.);
#5776 = DIRECTION('',(0.,-0.,-1.));
#5777 = PCURVE('',#1797,#5778);
#5778 = DEFINITIONAL_REPRESENTATION('',(#5779),#5782);
#5779 = B_SPLINE_CURVE_WITH_KNOTS('',1,(#5780,#5781),.UNSPECIFIED.,.F.,
  .F.,(2,2),(-5.0000006,6.000000070117E-07),.PIECEWISE_BEZIER_KNOTS.);
#5780 = CARTESIAN_POINT('',(-10.7686814848,-5.0000006));
#5781 = CARTESIAN_POINT('',(-10.7686814848,6.000000070117E-07));
#5782 = ( GEOMETRIC_REPRESENTATION_CONTEXT(2) 
PARAMETRIC_REPRESENTATION_CONTEXT() REPRESENTATION_CONTEXT('2D SPACE',''
  ) );
#5783 = PCURVE('',#1769,#5784);
#5784 = DEFINITIONAL_REPRESENTATION('',(#5785),#5788);
#5785 = B_SPLINE_CURVE_WITH_KNOTS('',1,(#5786,#5787),.UNSPECIFIED.,.F.,
  .F.,(2,2),(-5.0000006,6.000000070117E-07),.PIECEWISE_BEZIER_KNOTS.);
#5786 = CARTESIAN_POINT('',(33.,-6.0000006));
#5787 = CARTESIAN_POINT('',(33.,-0.9999994));
#5788 = ( GEOMETRIC_REPRESENTATION_CONTEXT(2) 
PARAMETRIC_REPRESENTATION_CONTEXT() REPRESENTATION_CONTEXT('2D SPACE',''
  ) );
#5789 = ORIENTED_EDGE('',*,*,#1780,.F.);
#5790 = ADVANCED_FACE('',(#5791),#1769,.F.);
#5791 = FACE_BOUND('',#5792,.F.);
#5792 = EDGE_LOOP('',(#5793,#5814,#5833,#5834));
#5793 = ORIENTED_EDGE('',*,*,#5794,.F.);
#5794 = EDGE_CURVE('',#5795,#1725,#5797,.T.);
#5795 = VERTEX_POINT('',#5796);
#5796 = CARTESIAN_POINT('',(-3.031325434762,-28.84113496568,92.6));
#5797 = SURFACE_CURVE('',#5798,(#5802,#5808),.PCURVE_S1.);
#5798 = LINE('',#5799,#5800);
#5799 = CARTESIAN_POINT('',(-3.031325434762,-28.84113496568,87.6));
#5800 = VECTOR('',#5801,1.);
#5801 = DIRECTION('',(-0.,-0.,-1.));
#5802 = PCURVE('',#1769,#5803);
#5803 = DEFINITIONAL_REPRESENTATION('',(#5804),#5807);
#5804 = B_SPLINE_CURVE_WITH_KNOTS('',1,(#5805,#5806),.UNSPECIFIED.,.F.,
  .F.,(2,2),(-8.0000006,6.000000070117E-07),.PIECEWISE_BEZIER_KNOTS.);
#5805 = CARTESIAN_POINT('',(29.,-9.0000006));
#5806 = CARTESIAN_POINT('',(29.,-0.9999994));
#5807 = ( GEOMETRIC_REPRESENTATION_CONTEXT(2) 
PARAMETRIC_REPRESENTATION_CONTEXT() REPRESENTATION_CONTEXT('2D SPACE',''
  ) );
#5808 = PCURVE('',#1741,#5809);
#5809 = DEFINITIONAL_REPRESENTATION('',(#5810),#5813);
#5810 = B_SPLINE_CURVE_WITH_KNOTS('',1,(#5811,#5812),.UNSPECIFIED.,.F.,
  .F.,(2,2),(-8.0000006,6.000000070117E-07),.PIECEWISE_BEZIER_KNOTS.);
#5811 = CARTESIAN_POINT('',(-4.607669225265,-8.0000006));
#5812 = CARTESIAN_POINT('',(-4.607669225265,6.000000070117E-07));
#5813 = ( GEOMETRIC_REPRESENTATION_CONTEXT(2) 
PARAMETRIC_REPRESENTATION_CONTEXT() REPRESENTATION_CONTEXT('2D SPACE',''
  ) );
#5814 = ORIENTED_EDGE('',*,*,#5815,.F.);
#5815 = EDGE_CURVE('',#5748,#5795,#5816,.T.);
#5816 = SURFACE_CURVE('',#5817,(#5821,#5827),.PCURVE_S1.);
#5817 = LINE('',#5818,#5819);
#5818 = CARTESIAN_POINT('',(1.361794293466E-16,1.295660721972E-15,92.6)
  );
#5819 = VECTOR('',#5820,1.);
#5820 = DIRECTION('',(0.104528463268,0.994521895368,-0.));
#5821 = PCURVE('',#1769,#5822);
#5822 = DEFINITIONAL_REPRESENTATION('',(#5823),#5826);
#5823 = B_SPLINE_CURVE_WITH_KNOTS('',1,(#5824,#5825),.UNSPECIFIED.,.F.,
  .F.,(2,2),(-33.86803555718,-29.),.PIECEWISE_BEZIER_KNOTS.);
#5824 = CARTESIAN_POINT('',(33.868035557182,-6.));
#5825 = CARTESIAN_POINT('',(29.,-6.));
#5826 = ( GEOMETRIC_REPRESENTATION_CONTEXT(2) 
PARAMETRIC_REPRESENTATION_CONTEXT() REPRESENTATION_CONTEXT('2D SPACE',''
  ) );
#5827 = PCURVE('',#2738,#5828);
#5828 = DEFINITIONAL_REPRESENTATION('',(#5829),#5832);
#5829 = B_SPLINE_CURVE_WITH_KNOTS('',1,(#5830,#5831),.UNSPECIFIED.,.F.,
  .F.,(2,2),(-33.86803555718,-29.),.PIECEWISE_BEZIER_KNOTS.);
#5830 = CARTESIAN_POINT('',(-7.618650307144,-33.));
#5831 = CARTESIAN_POINT('',(-6.523580575972,-28.25673187877));
#5832 = ( GEOMETRIC_REPRESENTATION_CONTEXT(2) 
PARAMETRIC_REPRESENTATION_CONTEXT() REPRESENTATION_CONTEXT('2D SPACE',''
  ) );
#5833 = ORIENTED_EDGE('',*,*,#5771,.T.);
#5834 = ORIENTED_EDGE('',*,*,#1753,.T.);
#5835 = ADVANCED_FACE('',(#5836),#1741,.F.);
#5836 = FACE_BOUND('',#5837,.T.);
#5837 = EDGE_LOOP('',(#5838,#5839,#5840,#5868));
#5838 = ORIENTED_EDGE('',*,*,#1724,.F.);
#5839 = ORIENTED_EDGE('',*,*,#5794,.F.);
#5840 = ORIENTED_EDGE('',*,*,#5841,.F.);
#5841 = EDGE_CURVE('',#5842,#5795,#5844,.T.);
#5842 = VERTEX_POINT('',#5843);
#5843 = CARTESIAN_POINT('',(3.031325434762,-28.84113496568,92.6));
#5844 = SURFACE_CURVE('',#5845,(#5850,#5857),.PCURVE_S1.);
#5845 = CIRCLE('',#5846,29.);
#5846 = AXIS2_PLACEMENT_3D('',#5847,#5848,#5849);
#5847 = CARTESIAN_POINT('',(1.75139182436E-13,1.53630861786E-15,92.6));
#5848 = DIRECTION('',(0.,0.,-1.));
#5849 = DIRECTION('',(1.,0.,0.));
#5850 = PCURVE('',#1741,#5851);
#5851 = DEFINITIONAL_REPRESENTATION('',(#5852),#5856);
#5852 = LINE('',#5853,#5854);
#5853 = CARTESIAN_POINT('',(-6.28318530718,-5.));
#5854 = VECTOR('',#5855,1.);
#5855 = DIRECTION('',(1.,-0.));
#5856 = ( GEOMETRIC_REPRESENTATION_CONTEXT(2) 
PARAMETRIC_REPRESENTATION_CONTEXT() REPRESENTATION_CONTEXT('2D SPACE',''
  ) );
#5857 = PCURVE('',#2738,#5858);
#5858 = DEFINITIONAL_REPRESENTATION('',(#5859),#5867);
#5859 = ( BOUNDED_CURVE() B_SPLINE_CURVE(2,(#5860,#5861,#5862,#5863,
#5864,#5865,#5866),.UNSPECIFIED.,.T.,.F.) B_SPLINE_CURVE_WITH_KNOTS((1,2
    ,2,2,2,1),(-2.094395102393,0.,2.094395102393,4.188790204786,
6.28318530718,8.377580409573),.UNSPECIFIED.) CURVE() 
GEOMETRIC_REPRESENTATION_ITEM() RATIONAL_B_SPLINE_CURVE((1.,0.5,1.,0.5,
1.,0.5,1.)) REPRESENTATION_ITEM('') );
#5860 = CARTESIAN_POINT('',(28.783838397599,-3.534210958749));
#5861 = CARTESIAN_POINT('',(22.662405452378,-53.38928150024));
#5862 = CARTESIAN_POINT('',(-17.4526356714,-23.16042979137));
#5863 = CARTESIAN_POINT('',(-57.56767679519,7.068421917499));
#5864 = CARTESIAN_POINT('',(-11.33120272618,26.694640750121));
#5865 = CARTESIAN_POINT('',(34.905271342819,46.320859582743));
#5866 = CARTESIAN_POINT('',(28.783838397599,-3.534210958749));
#5867 = ( GEOMETRIC_REPRESENTATION_CONTEXT(2) 
PARAMETRIC_REPRESENTATION_CONTEXT() REPRESENTATION_CONTEXT('2D SPACE',''
  ) );
#5868 = ORIENTED_EDGE('',*,*,#5869,.T.);
#5869 = EDGE_CURVE('',#5842,#1698,#5870,.T.);
#5870 = SURFACE_CURVE('',#5871,(#5875,#5881),.PCURVE_S1.);
#5871 = LINE('',#5872,#5873);
#5872 = CARTESIAN_POINT('',(3.031325434762,-28.84113496568,87.6));
#5873 = VECTOR('',#5874,1.);
#5874 = DIRECTION('',(-0.,-0.,-1.));
#5875 = PCURVE('',#1741,#5876);
#5876 = DEFINITIONAL_REPRESENTATION('',(#5877),#5880);
#5877 = B_SPLINE_CURVE_WITH_KNOTS('',1,(#5878,#5879),.UNSPECIFIED.,.F.,
  .F.,(2,2),(-8.0000006,6.000000070117E-07),.PIECEWISE_BEZIER_KNOTS.);
#5878 = CARTESIAN_POINT('',(-4.817108735504,-8.0000006));
#5879 = CARTESIAN_POINT('',(-4.817108735504,6.000000070117E-07));
#5880 = ( GEOMETRIC_REPRESENTATION_CONTEXT(2) 
PARAMETRIC_REPRESENTATION_CONTEXT() REPRESENTATION_CONTEXT('2D SPACE',''
  ) );
#5881 = PCURVE('',#1713,#5882);
#5882 = DEFINITIONAL_REPRESENTATION('',(#5883),#5886);
#5883 = B_SPLINE_CURVE_WITH_KNOTS('',1,(#5884,#5885),.UNSPECIFIED.,.F.,
  .F.,(2,2),(-8.0000006,6.000000070117E-07),.PIECEWISE_BEZIER_KNOTS.);
#5884 = CARTESIAN_POINT('',(82.,-9.0000006));
#5885 = CARTESIAN_POINT('',(82.,-0.9999994));
#5886 = ( GEOMETRIC_REPRESENTATION_CONTEXT(2) 
PARAMETRIC_REPRESENTATION_CONTEXT() REPRESENTATION_CONTEXT('2D SPACE',''
  ) );
#5887 = ADVANCED_FACE('',(#5888),#1713,.F.);
#5888 = FACE_BOUND('',#5889,.F.);
#5889 = EDGE_LOOP('',(#5890,#5891,#5892,#5911));
#5890 = ORIENTED_EDGE('',*,*,#1697,.T.);
#5891 = ORIENTED_EDGE('',*,*,#4052,.F.);
#5892 = ORIENTED_EDGE('',*,*,#5893,.F.);
#5893 = EDGE_CURVE('',#5842,#4053,#5894,.T.);
#5894 = SURFACE_CURVE('',#5895,(#5899,#5905),.PCURVE_S1.);
#5895 = LINE('',#5896,#5897);
#5896 = CARTESIAN_POINT('',(5.801329711355,-55.19596519293,92.6));
#5897 = VECTOR('',#5898,1.);
#5898 = DIRECTION('',(0.104528463268,-0.994521895368,0.));
#5899 = PCURVE('',#1713,#5900);
#5900 = DEFINITIONAL_REPRESENTATION('',(#5901),#5904);
#5901 = B_SPLINE_CURVE_WITH_KNOTS('',1,(#5902,#5903),.UNSPECIFIED.,.F.,
  .F.,(2,2),(-26.5,-22.49497317455),.PIECEWISE_BEZIER_KNOTS.);
#5902 = CARTESIAN_POINT('',(82.,-6.));
#5903 = CARTESIAN_POINT('',(77.994973174551,-6.));
#5904 = ( GEOMETRIC_REPRESENTATION_CONTEXT(2) 
PARAMETRIC_REPRESENTATION_CONTEXT() REPRESENTATION_CONTEXT('2D SPACE',''
  ) );
#5905 = PCURVE('',#2738,#5906);
#5906 = DEFINITIONAL_REPRESENTATION('',(#5907),#5910);
#5907 = B_SPLINE_CURVE_WITH_KNOTS('',1,(#5908,#5909),.UNSPECIFIED.,.F.,
  .F.,(2,2),(-26.5,-22.49497317455),.PIECEWISE_BEZIER_KNOTS.);
#5908 = CARTESIAN_POINT('',(-0.506119786681,-28.99558315953));
#5909 = CARTESIAN_POINT('',(-0.576017142631,-33.));
#5910 = ( GEOMETRIC_REPRESENTATION_CONTEXT(2) 
PARAMETRIC_REPRESENTATION_CONTEXT() REPRESENTATION_CONTEXT('2D SPACE',''
  ) );
#5911 = ORIENTED_EDGE('',*,*,#5869,.T.);
#5912 = ADVANCED_FACE('',(#5913,#5916),#2438,.T.);
#5913 = FACE_BOUND('',#5914,.T.);
#5914 = EDGE_LOOP('',(#5915));
#5915 = ORIENTED_EDGE('',*,*,#2421,.T.);
#5916 = FACE_BOUND('',#5917,.T.);
#5917 = EDGE_LOOP('',(#5918));
#5918 = ORIENTED_EDGE('',*,*,#5919,.T.);
#5919 = EDGE_CURVE('',#5920,#5920,#5922,.T.);
#5920 = VERTEX_POINT('',#5921);
#5921 = CARTESIAN_POINT('',(-1.4,31.,91.6));
#5922 = SURFACE_CURVE('',#5923,(#5928,#5939),.PCURVE_S1.);
#5923 = CIRCLE('',#5924,1.4);
#5924 = AXIS2_PLACEMENT_3D('',#5925,#5926,#5927);
#5925 = CARTESIAN_POINT('',(3.441691376338E-15,31.,91.6));
#5926 = DIRECTION('',(-1.110223024625E-16,-1.,-0.));
#5927 = DIRECTION('',(-1.,1.110223024625E-16,0.));
#5928 = PCURVE('',#2438,#5929);
#5929 = DEFINITIONAL_REPRESENTATION('',(#5930),#5938);
#5930 = ( BOUNDED_CURVE() B_SPLINE_CURVE(2,(#5931,#5932,#5933,#5934,
#5935,#5936,#5937),.UNSPECIFIED.,.T.,.F.) B_SPLINE_CURVE_WITH_KNOTS((1,2
    ,2,2,2,1),(-2.094395102393,0.,2.094395102393,4.188790204786,
6.28318530718,8.377580409573),.UNSPECIFIED.) CURVE() 
GEOMETRIC_REPRESENTATION_ITEM() RATIONAL_B_SPLINE_CURVE((1.,0.5,1.,0.5,
1.,0.5,1.)) REPRESENTATION_ITEM('') );
#5931 = CARTESIAN_POINT('',(0.,-1.4));
#5932 = CARTESIAN_POINT('',(-2.424871130596,-1.4));
#5933 = CARTESIAN_POINT('',(-1.212435565298,0.7));
#5934 = CARTESIAN_POINT('',(-3.429011037613E-16,2.8));
#5935 = CARTESIAN_POINT('',(1.212435565298,0.7));
#5936 = CARTESIAN_POINT('',(2.424871130596,-1.4));
#5937 = CARTESIAN_POINT('',(0.,-1.4));
#5938 = ( GEOMETRIC_REPRESENTATION_CONTEXT(2) 
PARAMETRIC_REPRESENTATION_CONTEXT() REPRESENTATION_CONTEXT('2D SPACE',''
  ) );
#5939 = PCURVE('',#5940,#5945);
#5940 = CYLINDRICAL_SURFACE('',#5941,1.4);
#5941 = AXIS2_PLACEMENT_3D('',#5942,#5943,#5944);
#5942 = CARTESIAN_POINT('',(3.330669073875E-15,30.,91.6));
#5943 = DIRECTION('',(-1.110223024625E-16,-1.,-0.));
#5944 = DIRECTION('',(-1.,1.110223024625E-16,0.));
#5945 = DEFINITIONAL_REPRESENTATION('',(#5946),#5950);
#5946 = LINE('',#5947,#5948);
#5947 = CARTESIAN_POINT('',(-6.28318530718,-1.));
#5948 = VECTOR('',#5949,1.);
#5949 = DIRECTION('',(1.,-0.));
#5950 = ( GEOMETRIC_REPRESENTATION_CONTEXT(2) 
PARAMETRIC_REPRESENTATION_CONTEXT() REPRESENTATION_CONTEXT('2D SPACE',''
  ) );
#5951 = ADVANCED_FACE('',(#5952,#5955),#2493,.T.);
#5952 = FACE_BOUND('',#5953,.T.);
#5953 = EDGE_LOOP('',(#5954));
#5954 = ORIENTED_EDGE('',*,*,#2476,.T.);
#5955 = FACE_BOUND('',#5956,.T.);
#5956 = EDGE_LOOP('',(#5957));
#5957 = ORIENTED_EDGE('',*,*,#5958,.T.);
#5958 = EDGE_CURVE('',#5959,#5959,#5961,.T.);
#5959 = VERTEX_POINT('',#5960);
#5960 = CARTESIAN_POINT('',(-31.,-1.4,91.6));
#5961 = SURFACE_CURVE('',#5962,(#5967,#5978),.PCURVE_S1.);
#5962 = CIRCLE('',#5963,1.4);
#5963 = AXIS2_PLACEMENT_3D('',#5964,#5965,#5966);
#5964 = CARTESIAN_POINT('',(-31.,3.796405077357E-15,91.6));
#5965 = DIRECTION('',(1.,-1.224646799147E-16,-0.));
#5966 = DIRECTION('',(-1.224646799147E-16,-1.,0.));
#5967 = PCURVE('',#2493,#5968);
#5968 = DEFINITIONAL_REPRESENTATION('',(#5969),#5977);
#5969 = ( BOUNDED_CURVE() B_SPLINE_CURVE(2,(#5970,#5971,#5972,#5973,
#5974,#5975,#5976),.UNSPECIFIED.,.T.,.F.) B_SPLINE_CURVE_WITH_KNOTS((1,2
    ,2,2,2,1),(-2.094395102393,0.,2.094395102393,4.188790204786,
6.28318530718,8.377580409573),.UNSPECIFIED.) CURVE() 
GEOMETRIC_REPRESENTATION_ITEM() RATIONAL_B_SPLINE_CURVE((1.,0.5,1.,0.5,
1.,0.5,1.)) REPRESENTATION_ITEM('') );
#5970 = CARTESIAN_POINT('',(0.,-1.4));
#5971 = CARTESIAN_POINT('',(-2.424871130596,-1.4));
#5972 = CARTESIAN_POINT('',(-1.212435565298,0.7));
#5973 = CARTESIAN_POINT('',(-3.429011037613E-16,2.8));
#5974 = CARTESIAN_POINT('',(1.212435565298,0.7));
#5975 = CARTESIAN_POINT('',(2.424871130596,-1.4));
#5976 = CARTESIAN_POINT('',(0.,-1.4));
#5977 = ( GEOMETRIC_REPRESENTATION_CONTEXT(2) 
PARAMETRIC_REPRESENTATION_CONTEXT() REPRESENTATION_CONTEXT('2D SPACE',''
  ) );
#5978 = PCURVE('',#5979,#5984);
#5979 = CYLINDRICAL_SURFACE('',#5980,1.4);
#5980 = AXIS2_PLACEMENT_3D('',#5981,#5982,#5983);
#5981 = CARTESIAN_POINT('',(-30.,3.673940397442E-15,91.6));
#5982 = DIRECTION('',(1.,-1.224646799147E-16,-0.));
#5983 = DIRECTION('',(-1.224646799147E-16,-1.,0.));
#5984 = DEFINITIONAL_REPRESENTATION('',(#5985),#5989);
#5985 = LINE('',#5986,#5987);
#5986 = CARTESIAN_POINT('',(-6.28318530718,-1.));
#5987 = VECTOR('',#5988,1.);
#5988 = DIRECTION('',(1.,-0.));
#5989 = ( GEOMETRIC_REPRESENTATION_CONTEXT(2) 
PARAMETRIC_REPRESENTATION_CONTEXT() REPRESENTATION_CONTEXT('2D SPACE',''
  ) );
#5990 = ADVANCED_FACE('',(#5991,#5994),#2548,.T.);
#5991 = FACE_BOUND('',#5992,.T.);
#5992 = EDGE_LOOP('',(#5993));
#5993 = ORIENTED_EDGE('',*,*,#2531,.T.);
#5994 = FACE_BOUND('',#5995,.T.);
#5995 = EDGE_LOOP('',(#5996));
#5996 = ORIENTED_EDGE('',*,*,#5997,.T.);
#5997 = EDGE_CURVE('',#5998,#5998,#6000,.T.);
#5998 = VERTEX_POINT('',#5999);
#5999 = CARTESIAN_POINT('',(1.4,-31.,91.6));
#6000 = SURFACE_CURVE('',#6001,(#6006,#6017),.PCURVE_S1.);
#6001 = CIRCLE('',#6002,1.4);
#6002 = AXIS2_PLACEMENT_3D('',#6003,#6004,#6005);
#6003 = CARTESIAN_POINT('',(-6.883382752676E-15,-31.,91.6));
#6004 = DIRECTION('',(2.22044604925E-16,1.,0.));
#6005 = DIRECTION('',(1.,-2.22044604925E-16,0.));
#6006 = PCURVE('',#2548,#6007);
#6007 = DEFINITIONAL_REPRESENTATION('',(#6008),#6016);
#6008 = ( BOUNDED_CURVE() B_SPLINE_CURVE(2,(#6009,#6010,#6011,#6012,
#6013,#6014,#6015),.UNSPECIFIED.,.T.,.F.) B_SPLINE_CURVE_WITH_KNOTS((1,2
    ,2,2,2,1),(-2.094395102393,0.,2.094395102393,4.188790204786,
6.28318530718,8.377580409573),.UNSPECIFIED.) CURVE() 
GEOMETRIC_REPRESENTATION_ITEM() RATIONAL_B_SPLINE_CURVE((1.,0.5,1.,0.5,
1.,0.5,1.)) REPRESENTATION_ITEM('') );
#6009 = CARTESIAN_POINT('',(0.,-1.4));
#6010 = CARTESIAN_POINT('',(-2.424871130596,-1.4));
#6011 = CARTESIAN_POINT('',(-1.212435565298,0.7));
#6012 = CARTESIAN_POINT('',(-3.429011037613E-16,2.8));
#6013 = CARTESIAN_POINT('',(1.212435565298,0.7));
#6014 = CARTESIAN_POINT('',(2.424871130596,-1.4));
#6015 = CARTESIAN_POINT('',(0.,-1.4));
#6016 = ( GEOMETRIC_REPRESENTATION_CONTEXT(2) 
PARAMETRIC_REPRESENTATION_CONTEXT() REPRESENTATION_CONTEXT('2D SPACE',''
  ) );
#6017 = PCURVE('',#6018,#6023);
#6018 = CYLINDRICAL_SURFACE('',#6019,1.4);
#6019 = AXIS2_PLACEMENT_3D('',#6020,#6021,#6022);
#6020 = CARTESIAN_POINT('',(-6.661338147751E-15,-30.,91.6));
#6021 = DIRECTION('',(2.22044604925E-16,1.,-0.));
#6022 = DIRECTION('',(1.,-2.22044604925E-16,0.));
#6023 = DEFINITIONAL_REPRESENTATION('',(#6024),#6028);
#6024 = LINE('',#6025,#6026);
#6025 = CARTESIAN_POINT('',(-6.28318530718,-1.));
#6026 = VECTOR('',#6027,1.);
#6027 = DIRECTION('',(1.,-0.));
#6028 = ( GEOMETRIC_REPRESENTATION_CONTEXT(2) 
PARAMETRIC_REPRESENTATION_CONTEXT() REPRESENTATION_CONTEXT('2D SPACE',''
  ) );
#6029 = ADVANCED_FACE('',(#6030,#6033),#2603,.T.);
#6030 = FACE_BOUND('',#6031,.T.);
#6031 = EDGE_LOOP('',(#6032));
#6032 = ORIENTED_EDGE('',*,*,#2586,.T.);
#6033 = FACE_BOUND('',#6034,.T.);
#6034 = EDGE_LOOP('',(#6035));
#6035 = ORIENTED_EDGE('',*,*,#6036,.T.);
#6036 = EDGE_CURVE('',#6037,#6037,#6039,.T.);
#6037 = VERTEX_POINT('',#6038);
#6038 = CARTESIAN_POINT('',(31.,1.4,91.6));
#6039 = SURFACE_CURVE('',#6040,(#6045,#6056),.PCURVE_S1.);
#6040 = CIRCLE('',#6041,1.4);
#6041 = AXIS2_PLACEMENT_3D('',#6042,#6043,#6044);
#6042 = CARTESIAN_POINT('',(31.,0.,91.6));
#6043 = DIRECTION('',(-1.,0.,0.));
#6044 = DIRECTION('',(0.,1.,0.));
#6045 = PCURVE('',#2603,#6046);
#6046 = DEFINITIONAL_REPRESENTATION('',(#6047),#6055);
#6047 = ( BOUNDED_CURVE() B_SPLINE_CURVE(2,(#6048,#6049,#6050,#6051,
#6052,#6053,#6054),.UNSPECIFIED.,.T.,.F.) B_SPLINE_CURVE_WITH_KNOTS((1,2
    ,2,2,2,1),(-2.094395102393,0.,2.094395102393,4.188790204786,
6.28318530718,8.377580409573),.UNSPECIFIED.) CURVE() 
GEOMETRIC_REPRESENTATION_ITEM() RATIONAL_B_SPLINE_CURVE((1.,0.5,1.,0.5,
1.,0.5,1.)) REPRESENTATION_ITEM('') );
#6048 = CARTESIAN_POINT('',(0.,-1.4));
#6049 = CARTESIAN_POINT('',(-2.424871130596,-1.4));
#6050 = CARTESIAN_POINT('',(-1.212435565298,0.7));
#6051 = CARTESIAN_POINT('',(-3.429011037613E-16,2.8));
#6052 = CARTESIAN_POINT('',(1.212435565298,0.7));
#6053 = CARTESIAN_POINT('',(2.424871130596,-1.4));
#6054 = CARTESIAN_POINT('',(0.,-1.4));
#6055 = ( GEOMETRIC_REPRESENTATION_CONTEXT(2) 
PARAMETRIC_REPRESENTATION_CONTEXT() REPRESENTATION_CONTEXT('2D SPACE',''
  ) );
#6056 = PCURVE('',#6057,#6062);
#6057 = CYLINDRICAL_SURFACE('',#6058,1.4);
#6058 = AXIS2_PLACEMENT_3D('',#6059,#6060,#6061);
#6059 = CARTESIAN_POINT('',(30.,0.,91.6));
#6060 = DIRECTION('',(-1.,-0.,-0.));
#6061 = DIRECTION('',(0.,1.,0.));
#6062 = DEFINITIONAL_REPRESENTATION('',(#6063),#6067);
#6063 = LINE('',#6064,#6065);
#6064 = CARTESIAN_POINT('',(-6.28318530718,-1.));
#6065 = VECTOR('',#6066,1.);
#6066 = DIRECTION('',(1.,-0.));
#6067 = ( GEOMETRIC_REPRESENTATION_CONTEXT(2) 
PARAMETRIC_REPRESENTATION_CONTEXT() REPRESENTATION_CONTEXT('2D SPACE',''
  ) );
#6068 = ADVANCED_FACE('',(#6069,#6072),#2658,.F.);
#6069 = FACE_BOUND('',#6070,.F.);
#6070 = EDGE_LOOP('',(#6071));
#6071 = ORIENTED_EDGE('',*,*,#5532,.T.);
#6072 = FACE_BOUND('',#6073,.F.);
#6073 = EDGE_LOOP('',(#6074));
#6074 = ORIENTED_EDGE('',*,*,#2641,.T.);
#6075 = ADVANCED_FACE('',(#6076,#6184,#6190),#2738,.F.);
#6076 = FACE_BOUND('',#6077,.F.);
#6077 = EDGE_LOOP('',(#6078,#6079,#6102,#6130,#6156,#6177,#6178,#6179,
    #6180,#6181,#6182,#6183));
#6078 = ORIENTED_EDGE('',*,*,#4306,.T.);
#6079 = ORIENTED_EDGE('',*,*,#6080,.F.);
#6080 = EDGE_CURVE('',#6081,#4281,#6083,.T.);
#6081 = VERTEX_POINT('',#6082);
#6082 = CARTESIAN_POINT('',(16.572570488491,-16.24615483193,92.6));
#6083 = SURFACE_CURVE('',#6084,(#6088,#6095),.PCURVE_S1.);
#6084 = LINE('',#6085,#6086);
#6085 = CARTESIAN_POINT('',(16.572570488491,-16.24615483193,92.6));
#6086 = VECTOR('',#6087,1.);
#6087 = DIRECTION('',(0.580129026615,-0.814524592924,0.));
#6088 = PCURVE('',#2738,#6089);
#6089 = DEFINITIONAL_REPRESENTATION('',(#6090),#6094);
#6090 = LINE('',#6091,#6092);
#6091 = CARTESIAN_POINT('',(14.469132838929,-18.14474674137));
#6092 = VECTOR('',#6093,1.);
#6093 = DIRECTION('',(0.476539255495,-0.879153193688));
#6094 = ( GEOMETRIC_REPRESENTATION_CONTEXT(2) 
PARAMETRIC_REPRESENTATION_CONTEXT() REPRESENTATION_CONTEXT('2D SPACE',''
  ) );
#6095 = PCURVE('',#4295,#6096);
#6096 = DEFINITIONAL_REPRESENTATION('',(#6097),#6101);
#6097 = LINE('',#6098,#6099);
#6098 = CARTESIAN_POINT('',(35.,0.));
#6099 = VECTOR('',#6100,1.);
#6100 = DIRECTION('',(0.,1.));
#6101 = ( GEOMETRIC_REPRESENTATION_CONTEXT(2) 
PARAMETRIC_REPRESENTATION_CONTEXT() REPRESENTATION_CONTEXT('2D SPACE',''
  ) );
#6102 = ORIENTED_EDGE('',*,*,#6103,.T.);
#6103 = EDGE_CURVE('',#6081,#6104,#6106,.T.);
#6104 = VERTEX_POINT('',#6105);
#6105 = CARTESIAN_POINT('',(17.55,-15.55,92.6));
#6106 = SURFACE_CURVE('',#6107,(#6111,#6118),.PCURVE_S1.);
#6107 = LINE('',#6108,#6109);
#6108 = CARTESIAN_POINT('',(16.572570488491,-16.24615483193,92.6));
#6109 = VECTOR('',#6110,1.);
#6110 = DIRECTION('',(0.814524592924,0.580129026615,0.));
#6111 = PCURVE('',#2738,#6112);
#6112 = DEFINITIONAL_REPRESENTATION('',(#6113),#6117);
#6113 = LINE('',#6114,#6115);
#6114 = CARTESIAN_POINT('',(14.469132838929,-18.14474674137));
#6115 = VECTOR('',#6116,1.);
#6116 = DIRECTION('',(0.879153193688,0.476539255495));
#6117 = ( GEOMETRIC_REPRESENTATION_CONTEXT(2) 
PARAMETRIC_REPRESENTATION_CONTEXT() REPRESENTATION_CONTEXT('2D SPACE',''
  ) );
#6118 = PCURVE('',#6119,#6124);
#6119 = PLANE('',#6120);
#6120 = AXIS2_PLACEMENT_3D('',#6121,#6122,#6123);
#6121 = CARTESIAN_POINT('',(16.572570488491,-16.24615483193,57.6));
#6122 = DIRECTION('',(0.580129026615,-0.814524592924,0.));
#6123 = DIRECTION('',(0.,0.,1.));
#6124 = DEFINITIONAL_REPRESENTATION('',(#6125),#6129);
#6125 = LINE('',#6126,#6127);
#6126 = CARTESIAN_POINT('',(35.,0.));
#6127 = VECTOR('',#6128,1.);
#6128 = DIRECTION('',(0.,-1.));
#6129 = ( GEOMETRIC_REPRESENTATION_CONTEXT(2) 
PARAMETRIC_REPRESENTATION_CONTEXT() REPRESENTATION_CONTEXT('2D SPACE',''
  ) );
#6130 = ORIENTED_EDGE('',*,*,#6131,.T.);
#6131 = EDGE_CURVE('',#6104,#6132,#6134,.T.);
#6132 = VERTEX_POINT('',#6133);
#6133 = CARTESIAN_POINT('',(-21.3499689461,-15.55,92.6));
#6134 = SURFACE_CURVE('',#6135,(#6139,#6145),.PCURVE_S1.);
#6135 = LINE('',#6136,#6137);
#6136 = CARTESIAN_POINT('',(-11.275,-15.55,92.6));
#6137 = VECTOR('',#6138,1.);
#6138 = DIRECTION('',(-1.,0.,0.));
#6139 = PCURVE('',#2738,#6140);
#6140 = DEFINITIONAL_REPRESENTATION('',(#6141),#6144);
#6141 = B_SPLINE_CURVE_WITH_KNOTS('',1,(#6142,#6143),.UNSPECIFIED.,.F.,
  .F.,(2,2),(-28.825,11.275),.PIECEWISE_BEZIER_KNOTS.);
#6142 = CARTESIAN_POINT('',(15.524116671355,-17.57289963478));
#6143 = CARTESIAN_POINT('',(-24.27698400946,-12.68593896423));
#6144 = ( GEOMETRIC_REPRESENTATION_CONTEXT(2) 
PARAMETRIC_REPRESENTATION_CONTEXT() REPRESENTATION_CONTEXT('2D SPACE',''
  ) );
#6145 = PCURVE('',#6146,#6151);
#6146 = PLANE('',#6147);
#6147 = AXIS2_PLACEMENT_3D('',#6148,#6149,#6150);
#6148 = CARTESIAN_POINT('',(-22.55,-15.55,35.6));
#6149 = DIRECTION('',(0.,1.,0.));
#6150 = DIRECTION('',(0.,0.,1.));
#6151 = DEFINITIONAL_REPRESENTATION('',(#6152),#6155);
#6152 = B_SPLINE_CURVE_WITH_KNOTS('',1,(#6153,#6154),.UNSPECIFIED.,.F.,
  .F.,(2,2),(-28.825,11.275),.PIECEWISE_BEZIER_KNOTS.);
#6153 = CARTESIAN_POINT('',(57.,40.1));
#6154 = CARTESIAN_POINT('',(57.,0.));
#6155 = ( GEOMETRIC_REPRESENTATION_CONTEXT(2) 
PARAMETRIC_REPRESENTATION_CONTEXT() REPRESENTATION_CONTEXT('2D SPACE',''
  ) );
#6156 = ORIENTED_EDGE('',*,*,#6157,.T.);
#6157 = EDGE_CURVE('',#6132,#5556,#6158,.T.);
#6158 = SURFACE_CURVE('',#6159,(#6163,#6170),.PCURVE_S1.);
#6159 = LINE('',#6160,#6161);
#6160 = CARTESIAN_POINT('',(-21.35003105308,-15.54136712987,92.6));
#6161 = VECTOR('',#6162,1.);
#6162 = DIRECTION('',(7.194058434725E-03,-0.999974122427,0.));
#6163 = PCURVE('',#2738,#6164);
#6164 = DEFINITIONAL_REPRESENTATION('',(#6165),#6169);
#6165 = LINE('',#6166,#6167);
#6166 = CARTESIAN_POINT('',(-23.0849073669,-12.82360986988));
#6167 = VECTOR('',#6168,1.);
#6168 = DIRECTION('',(-0.114725754708,-0.993397202133));
#6169 = ( GEOMETRIC_REPRESENTATION_CONTEXT(2) 
PARAMETRIC_REPRESENTATION_CONTEXT() REPRESENTATION_CONTEXT('2D SPACE',''
  ) );
#6170 = PCURVE('',#5598,#6171);
#6171 = DEFINITIONAL_REPRESENTATION('',(#6172),#6176);
#6172 = LINE('',#6173,#6174);
#6173 = CARTESIAN_POINT('',(35.,0.));
#6174 = VECTOR('',#6175,1.);
#6175 = DIRECTION('',(0.,1.));
#6176 = ( GEOMETRIC_REPRESENTATION_CONTEXT(2) 
PARAMETRIC_REPRESENTATION_CONTEXT() REPRESENTATION_CONTEXT('2D SPACE',''
  ) );
#6177 = ORIENTED_EDGE('',*,*,#5555,.T.);
#6178 = ORIENTED_EDGE('',*,*,#5717,.T.);
#6179 = ORIENTED_EDGE('',*,*,#5747,.T.);
#6180 = ORIENTED_EDGE('',*,*,#5815,.T.);
#6181 = ORIENTED_EDGE('',*,*,#5841,.F.);
#6182 = ORIENTED_EDGE('',*,*,#5893,.T.);
#6183 = ORIENTED_EDGE('',*,*,#4073,.T.);
#6184 = FACE_BOUND('',#6185,.F.);
#6185 = EDGE_LOOP('',(#6186,#6187,#6188,#6189));
#6186 = ORIENTED_EDGE('',*,*,#2723,.T.);
#6187 = ORIENTED_EDGE('',*,*,#2822,.T.);
#6188 = ORIENTED_EDGE('',*,*,#2869,.F.);
#6189 = ORIENTED_EDGE('',*,*,#2775,.F.);
#6190 = FACE_BOUND('',#6191,.F.);
#6191 = EDGE_LOOP('',(#6192,#6193,#6194,#6195));
#6192 = ORIENTED_EDGE('',*,*,#2916,.T.);
#6193 = ORIENTED_EDGE('',*,*,#3010,.T.);
#6194 = ORIENTED_EDGE('',*,*,#3057,.F.);
#6195 = ORIENTED_EDGE('',*,*,#2963,.F.);
#6196 = ADVANCED_FACE('',(#6197,#6275),#3120,.T.);
#6197 = FACE_BOUND('',#6198,.T.);
#6198 = EDGE_LOOP('',(#6199,#6222,#6223,#6224,#6225,#6226,#6227,#6250));
#6199 = ORIENTED_EDGE('',*,*,#6200,.F.);
#6200 = EDGE_CURVE('',#3334,#6201,#6203,.T.);
#6201 = VERTEX_POINT('',#6202);
#6202 = CARTESIAN_POINT('',(-19.25,7.55,37.6));
#6203 = SURFACE_CURVE('',#6204,(#6208,#6215),.PCURVE_S1.);
#6204 = LINE('',#6205,#6206);
#6205 = CARTESIAN_POINT('',(-19.25,4.75,37.6));
#6206 = VECTOR('',#6207,1.);
#6207 = DIRECTION('',(0.,1.,0.));
#6208 = PCURVE('',#3120,#6209);
#6209 = DEFINITIONAL_REPRESENTATION('',(#6210),#6214);
#6210 = LINE('',#6211,#6212);
#6211 = CARTESIAN_POINT('',(0.,0.));
#6212 = VECTOR('',#6213,1.);
#6213 = DIRECTION('',(0.,1.));
#6214 = ( GEOMETRIC_REPRESENTATION_CONTEXT(2) 
PARAMETRIC_REPRESENTATION_CONTEXT() REPRESENTATION_CONTEXT('2D SPACE',''
  ) );
#6215 = PCURVE('',#3349,#6216);
#6216 = DEFINITIONAL_REPRESENTATION('',(#6217),#6221);
#6217 = LINE('',#6218,#6219);
#6218 = CARTESIAN_POINT('',(0.,0.));
#6219 = VECTOR('',#6220,1.);
#6220 = DIRECTION('',(0.,-1.));
#6221 = ( GEOMETRIC_REPRESENTATION_CONTEXT(2) 
PARAMETRIC_REPRESENTATION_CONTEXT() REPRESENTATION_CONTEXT('2D SPACE',''
  ) );
#6222 = ORIENTED_EDGE('',*,*,#3360,.F.);
#6223 = ORIENTED_EDGE('',*,*,#3207,.F.);
#6224 = ORIENTED_EDGE('',*,*,#3104,.T.);
#6225 = ORIENTED_EDGE('',*,*,#3158,.T.);
#6226 = ORIENTED_EDGE('',*,*,#3256,.F.);
#6227 = ORIENTED_EDGE('',*,*,#6228,.T.);
#6228 = EDGE_CURVE('',#3257,#6229,#6231,.T.);
#6229 = VERTEX_POINT('',#6230);
#6230 = CARTESIAN_POINT('',(-7.25,7.55,37.6));
#6231 = SURFACE_CURVE('',#6232,(#6236,#6243),.PCURVE_S1.);
#6232 = LINE('',#6233,#6234);
#6233 = CARTESIAN_POINT('',(-7.25,4.75,37.6));
#6234 = VECTOR('',#6235,1.);
#6235 = DIRECTION('',(0.,1.,0.));
#6236 = PCURVE('',#3120,#6237);
#6237 = DEFINITIONAL_REPRESENTATION('',(#6238),#6242);
#6238 = LINE('',#6239,#6240);
#6239 = CARTESIAN_POINT('',(12.,0.));
#6240 = VECTOR('',#6241,1.);
#6241 = DIRECTION('',(0.,1.));
#6242 = ( GEOMETRIC_REPRESENTATION_CONTEXT(2) 
PARAMETRIC_REPRESENTATION_CONTEXT() REPRESENTATION_CONTEXT('2D SPACE',''
  ) );
#6243 = PCURVE('',#3295,#6244);
#6244 = DEFINITIONAL_REPRESENTATION('',(#6245),#6249);
#6245 = LINE('',#6246,#6247);
#6246 = CARTESIAN_POINT('',(0.,0.));
#6247 = VECTOR('',#6248,1.);
#6248 = DIRECTION('',(0.,-1.));
#6249 = ( GEOMETRIC_REPRESENTATION_CONTEXT(2) 
PARAMETRIC_REPRESENTATION_CONTEXT() REPRESENTATION_CONTEXT('2D SPACE',''
  ) );
#6250 = ORIENTED_EDGE('',*,*,#6251,.F.);
#6251 = EDGE_CURVE('',#6201,#6229,#6252,.T.);
#6252 = SURFACE_CURVE('',#6253,(#6257,#6264),.PCURVE_S1.);
#6253 = LINE('',#6254,#6255);
#6254 = CARTESIAN_POINT('',(-20.9,7.55,37.6));
#6255 = VECTOR('',#6256,1.);
#6256 = DIRECTION('',(1.,0.,0.));
#6257 = PCURVE('',#3120,#6258);
#6258 = DEFINITIONAL_REPRESENTATION('',(#6259),#6263);
#6259 = LINE('',#6260,#6261);
#6260 = CARTESIAN_POINT('',(-1.65,2.8));
#6261 = VECTOR('',#6262,1.);
#6262 = DIRECTION('',(1.,0.));
#6263 = ( GEOMETRIC_REPRESENTATION_CONTEXT(2) 
PARAMETRIC_REPRESENTATION_CONTEXT() REPRESENTATION_CONTEXT('2D SPACE',''
  ) );
#6264 = PCURVE('',#6265,#6270);
#6265 = PLANE('',#6266);
#6266 = AXIS2_PLACEMENT_3D('',#6267,#6268,#6269);
#6267 = CARTESIAN_POINT('',(-22.55,7.55,35.6));
#6268 = DIRECTION('',(0.,1.,0.));
#6269 = DIRECTION('',(0.,0.,1.));
#6270 = DEFINITIONAL_REPRESENTATION('',(#6271),#6274);
#6271 = B_SPLINE_CURVE_WITH_KNOTS('',1,(#6272,#6273),.UNSPECIFIED.,.F.,
  .F.,(2,2),(1.65,13.65),.PIECEWISE_BEZIER_KNOTS.);
#6272 = CARTESIAN_POINT('',(2.,3.3));
#6273 = CARTESIAN_POINT('',(2.,15.3));
#6274 = ( GEOMETRIC_REPRESENTATION_CONTEXT(2) 
PARAMETRIC_REPRESENTATION_CONTEXT() REPRESENTATION_CONTEXT('2D SPACE',''
  ) );
#6275 = FACE_BOUND('',#6276,.T.);
#6276 = EDGE_LOOP('',(#6277,#6305,#6331,#6357));
#6277 = ORIENTED_EDGE('',*,*,#6278,.T.);
#6278 = EDGE_CURVE('',#6279,#6281,#6283,.T.);
#6279 = VERTEX_POINT('',#6280);
#6280 = CARTESIAN_POINT('',(9.5,-9.,37.6));
#6281 = VERTEX_POINT('',#6282);
#6282 = CARTESIAN_POINT('',(-14.5,-9.,37.6));
#6283 = SURFACE_CURVE('',#6284,(#6288,#6294),.PCURVE_S1.);
#6284 = LINE('',#6285,#6286);
#6285 = CARTESIAN_POINT('',(-16.875,-9.,37.6));
#6286 = VECTOR('',#6287,1.);
#6287 = DIRECTION('',(-1.,0.,0.));
#6288 = PCURVE('',#3120,#6289);
#6289 = DEFINITIONAL_REPRESENTATION('',(#6290),#6293);
#6290 = B_SPLINE_CURVE_WITH_KNOTS('',1,(#6291,#6292),.UNSPECIFIED.,.F.,
  .F.,(2,2),(-26.375,-2.375),.PIECEWISE_BEZIER_KNOTS.);
#6291 = CARTESIAN_POINT('',(28.75,-13.75));
#6292 = CARTESIAN_POINT('',(4.75,-13.75));
#6293 = ( GEOMETRIC_REPRESENTATION_CONTEXT(2) 
PARAMETRIC_REPRESENTATION_CONTEXT() REPRESENTATION_CONTEXT('2D SPACE',''
  ) );
#6294 = PCURVE('',#6295,#6300);
#6295 = PLANE('',#6296);
#6296 = AXIS2_PLACEMENT_3D('',#6297,#6298,#6299);
#6297 = CARTESIAN_POINT('',(-14.5,-9.,34.6));
#6298 = DIRECTION('',(0.,1.,0.));
#6299 = DIRECTION('',(0.,0.,1.));
#6300 = DEFINITIONAL_REPRESENTATION('',(#6301),#6304);
#6301 = B_SPLINE_CURVE_WITH_KNOTS('',1,(#6302,#6303),.UNSPECIFIED.,.F.,
  .F.,(2,2),(-26.375,-2.375),.PIECEWISE_BEZIER_KNOTS.);
#6302 = CARTESIAN_POINT('',(3.,24.));
#6303 = CARTESIAN_POINT('',(3.,0.));
#6304 = ( GEOMETRIC_REPRESENTATION_CONTEXT(2) 
PARAMETRIC_REPRESENTATION_CONTEXT() REPRESENTATION_CONTEXT('2D SPACE',''
  ) );
#6305 = ORIENTED_EDGE('',*,*,#6306,.T.);
#6306 = EDGE_CURVE('',#6281,#6307,#6309,.T.);
#6307 = VERTEX_POINT('',#6308);
#6308 = CARTESIAN_POINT('',(-14.5,1.,37.6));
#6309 = SURFACE_CURVE('',#6310,(#6314,#6320),.PCURVE_S1.);
#6310 = LINE('',#6311,#6312);
#6311 = CARTESIAN_POINT('',(-14.5,-2.125,37.6));
#6312 = VECTOR('',#6313,1.);
#6313 = DIRECTION('',(0.,1.,0.));
#6314 = PCURVE('',#3120,#6315);
#6315 = DEFINITIONAL_REPRESENTATION('',(#6316),#6319);
#6316 = B_SPLINE_CURVE_WITH_KNOTS('',1,(#6317,#6318),.UNSPECIFIED.,.F.,
  .F.,(2,2),(-6.875,3.125),.PIECEWISE_BEZIER_KNOTS.);
#6317 = CARTESIAN_POINT('',(4.75,-13.75));
#6318 = CARTESIAN_POINT('',(4.75,-3.75));
#6319 = ( GEOMETRIC_REPRESENTATION_CONTEXT(2) 
PARAMETRIC_REPRESENTATION_CONTEXT() REPRESENTATION_CONTEXT('2D SPACE',''
  ) );
#6320 = PCURVE('',#6321,#6326);
#6321 = PLANE('',#6322);
#6322 = AXIS2_PLACEMENT_3D('',#6323,#6324,#6325);
#6323 = CARTESIAN_POINT('',(-14.5,-9.,34.6));
#6324 = DIRECTION('',(1.,0.,0.));
#6325 = DIRECTION('',(0.,0.,1.));
#6326 = DEFINITIONAL_REPRESENTATION('',(#6327),#6330);
#6327 = B_SPLINE_CURVE_WITH_KNOTS('',1,(#6328,#6329),.UNSPECIFIED.,.F.,
  .F.,(2,2),(-6.875,3.125),.PIECEWISE_BEZIER_KNOTS.);
#6328 = CARTESIAN_POINT('',(3.,0.));
#6329 = CARTESIAN_POINT('',(3.,-10.));
#6330 = ( GEOMETRIC_REPRESENTATION_CONTEXT(2) 
PARAMETRIC_REPRESENTATION_CONTEXT() REPRESENTATION_CONTEXT('2D SPACE',''
  ) );
#6331 = ORIENTED_EDGE('',*,*,#6332,.F.);
#6332 = EDGE_CURVE('',#6333,#6307,#6335,.T.);
#6333 = VERTEX_POINT('',#6334);
#6334 = CARTESIAN_POINT('',(9.5,1.,37.6));
#6335 = SURFACE_CURVE('',#6336,(#6340,#6346),.PCURVE_S1.);
#6336 = LINE('',#6337,#6338);
#6337 = CARTESIAN_POINT('',(-16.875,1.,37.6));
#6338 = VECTOR('',#6339,1.);
#6339 = DIRECTION('',(-1.,0.,0.));
#6340 = PCURVE('',#3120,#6341);
#6341 = DEFINITIONAL_REPRESENTATION('',(#6342),#6345);
#6342 = B_SPLINE_CURVE_WITH_KNOTS('',1,(#6343,#6344),.UNSPECIFIED.,.F.,
  .F.,(2,2),(-26.375,-2.375),.PIECEWISE_BEZIER_KNOTS.);
#6343 = CARTESIAN_POINT('',(28.75,-3.75));
#6344 = CARTESIAN_POINT('',(4.75,-3.75));
#6345 = ( GEOMETRIC_REPRESENTATION_CONTEXT(2) 
PARAMETRIC_REPRESENTATION_CONTEXT() REPRESENTATION_CONTEXT('2D SPACE',''
  ) );
#6346 = PCURVE('',#6347,#6352);
#6347 = PLANE('',#6348);
#6348 = AXIS2_PLACEMENT_3D('',#6349,#6350,#6351);
#6349 = CARTESIAN_POINT('',(-14.5,1.,34.6));
#6350 = DIRECTION('',(0.,1.,0.));
#6351 = DIRECTION('',(0.,0.,1.));
#6352 = DEFINITIONAL_REPRESENTATION('',(#6353),#6356);
#6353 = B_SPLINE_CURVE_WITH_KNOTS('',1,(#6354,#6355),.UNSPECIFIED.,.F.,
  .F.,(2,2),(-26.375,-2.375),.PIECEWISE_BEZIER_KNOTS.);
#6354 = CARTESIAN_POINT('',(3.,24.));
#6355 = CARTESIAN_POINT('',(3.,0.));
#6356 = ( GEOMETRIC_REPRESENTATION_CONTEXT(2) 
PARAMETRIC_REPRESENTATION_CONTEXT() REPRESENTATION_CONTEXT('2D SPACE',''
  ) );
#6357 = ORIENTED_EDGE('',*,*,#6358,.F.);
#6358 = EDGE_CURVE('',#6279,#6333,#6359,.T.);
#6359 = SURFACE_CURVE('',#6360,(#6364,#6370),.PCURVE_S1.);
#6360 = LINE('',#6361,#6362);
#6361 = CARTESIAN_POINT('',(9.5,-2.125,37.6));
#6362 = VECTOR('',#6363,1.);
#6363 = DIRECTION('',(0.,1.,0.));
#6364 = PCURVE('',#3120,#6365);
#6365 = DEFINITIONAL_REPRESENTATION('',(#6366),#6369);
#6366 = B_SPLINE_CURVE_WITH_KNOTS('',1,(#6367,#6368),.UNSPECIFIED.,.F.,
  .F.,(2,2),(-6.875,3.125),.PIECEWISE_BEZIER_KNOTS.);
#6367 = CARTESIAN_POINT('',(28.75,-13.75));
#6368 = CARTESIAN_POINT('',(28.75,-3.75));
#6369 = ( GEOMETRIC_REPRESENTATION_CONTEXT(2) 
PARAMETRIC_REPRESENTATION_CONTEXT() REPRESENTATION_CONTEXT('2D SPACE',''
  ) );
#6370 = PCURVE('',#6371,#6376);
#6371 = PLANE('',#6372);
#6372 = AXIS2_PLACEMENT_3D('',#6373,#6374,#6375);
#6373 = CARTESIAN_POINT('',(9.5,-9.,34.6));
#6374 = DIRECTION('',(1.,0.,0.));
#6375 = DIRECTION('',(0.,0.,1.));
#6376 = DEFINITIONAL_REPRESENTATION('',(#6377),#6380);
#6377 = B_SPLINE_CURVE_WITH_KNOTS('',1,(#6378,#6379),.UNSPECIFIED.,.F.,
  .F.,(2,2),(-6.875,3.125),.PIECEWISE_BEZIER_KNOTS.);
#6378 = CARTESIAN_POINT('',(3.,0.));
#6379 = CARTESIAN_POINT('',(3.,-10.));
#6380 = ( GEOMETRIC_REPRESENTATION_CONTEXT(2) 
PARAMETRIC_REPRESENTATION_CONTEXT() REPRESENTATION_CONTEXT('2D SPACE',''
  ) );
#6381 = ADVANCED_FACE('',(#6382),#3295,.F.);
#6382 = FACE_BOUND('',#6383,.F.);
#6383 = EDGE_LOOP('',(#6384,#6407,#6408,#6409));
#6384 = ORIENTED_EDGE('',*,*,#6385,.F.);
#6385 = EDGE_CURVE('',#3280,#6386,#6388,.T.);
#6386 = VERTEX_POINT('',#6387);
#6387 = CARTESIAN_POINT('',(-7.25,7.55,51.6));
#6388 = SURFACE_CURVE('',#6389,(#6393,#6400),.PCURVE_S1.);
#6389 = LINE('',#6390,#6391);
#6390 = CARTESIAN_POINT('',(-7.25,4.75,51.6));
#6391 = VECTOR('',#6392,1.);
#6392 = DIRECTION('',(0.,1.,0.));
#6393 = PCURVE('',#3295,#6394);
#6394 = DEFINITIONAL_REPRESENTATION('',(#6395),#6399);
#6395 = LINE('',#6396,#6397);
#6396 = CARTESIAN_POINT('',(14.,0.));
#6397 = VECTOR('',#6398,1.);
#6398 = DIRECTION('',(0.,-1.));
#6399 = ( GEOMETRIC_REPRESENTATION_CONTEXT(2) 
PARAMETRIC_REPRESENTATION_CONTEXT() REPRESENTATION_CONTEXT('2D SPACE',''
  ) );
#6400 = PCURVE('',#3322,#6401);
#6401 = DEFINITIONAL_REPRESENTATION('',(#6402),#6406);
#6402 = LINE('',#6403,#6404);
#6403 = CARTESIAN_POINT('',(12.,0.));
#6404 = VECTOR('',#6405,1.);
#6405 = DIRECTION('',(0.,1.));
#6406 = ( GEOMETRIC_REPRESENTATION_CONTEXT(2) 
PARAMETRIC_REPRESENTATION_CONTEXT() REPRESENTATION_CONTEXT('2D SPACE',''
  ) );
#6407 = ORIENTED_EDGE('',*,*,#3279,.T.);
#6408 = ORIENTED_EDGE('',*,*,#6228,.T.);
#6409 = ORIENTED_EDGE('',*,*,#6410,.F.);
#6410 = EDGE_CURVE('',#6386,#6229,#6411,.T.);
#6411 = SURFACE_CURVE('',#6412,(#6416,#6422),.PCURVE_S1.);
#6412 = LINE('',#6413,#6414);
#6413 = CARTESIAN_POINT('',(-7.25,7.55,36.6));
#6414 = VECTOR('',#6415,1.);
#6415 = DIRECTION('',(0.,0.,-1.));
#6416 = PCURVE('',#3295,#6417);
#6417 = DEFINITIONAL_REPRESENTATION('',(#6418),#6421);
#6418 = B_SPLINE_CURVE_WITH_KNOTS('',1,(#6419,#6420),.UNSPECIFIED.,.F.,
  .F.,(2,2),(-15.,-1.),.PIECEWISE_BEZIER_KNOTS.);
#6419 = CARTESIAN_POINT('',(14.,-2.8));
#6420 = CARTESIAN_POINT('',(0.,-2.8));
#6421 = ( GEOMETRIC_REPRESENTATION_CONTEXT(2) 
PARAMETRIC_REPRESENTATION_CONTEXT() REPRESENTATION_CONTEXT('2D SPACE',''
  ) );
#6422 = PCURVE('',#6265,#6423);
#6423 = DEFINITIONAL_REPRESENTATION('',(#6424),#6427);
#6424 = B_SPLINE_CURVE_WITH_KNOTS('',1,(#6425,#6426),.UNSPECIFIED.,.F.,
  .F.,(2,2),(-15.,-1.),.PIECEWISE_BEZIER_KNOTS.);
#6425 = CARTESIAN_POINT('',(16.,15.3));
#6426 = CARTESIAN_POINT('',(2.,15.3));
#6427 = ( GEOMETRIC_REPRESENTATION_CONTEXT(2) 
PARAMETRIC_REPRESENTATION_CONTEXT() REPRESENTATION_CONTEXT('2D SPACE',''
  ) );
#6428 = ADVANCED_FACE('',(#6429),#3322,.F.);
#6429 = FACE_BOUND('',#6430,.F.);
#6430 = EDGE_LOOP('',(#6431,#6454,#6455,#6456));
#6431 = ORIENTED_EDGE('',*,*,#6432,.F.);
#6432 = EDGE_CURVE('',#3307,#6433,#6435,.T.);
#6433 = VERTEX_POINT('',#6434);
#6434 = CARTESIAN_POINT('',(-19.25,7.55,51.6));
#6435 = SURFACE_CURVE('',#6436,(#6440,#6447),.PCURVE_S1.);
#6436 = LINE('',#6437,#6438);
#6437 = CARTESIAN_POINT('',(-19.25,4.75,51.6));
#6438 = VECTOR('',#6439,1.);
#6439 = DIRECTION('',(0.,1.,0.));
#6440 = PCURVE('',#3322,#6441);
#6441 = DEFINITIONAL_REPRESENTATION('',(#6442),#6446);
#6442 = LINE('',#6443,#6444);
#6443 = CARTESIAN_POINT('',(0.,0.));
#6444 = VECTOR('',#6445,1.);
#6445 = DIRECTION('',(0.,1.));
#6446 = ( GEOMETRIC_REPRESENTATION_CONTEXT(2) 
PARAMETRIC_REPRESENTATION_CONTEXT() REPRESENTATION_CONTEXT('2D SPACE',''
  ) );
#6447 = PCURVE('',#3349,#6448);
#6448 = DEFINITIONAL_REPRESENTATION('',(#6449),#6453);
#6449 = LINE('',#6450,#6451);
#6450 = CARTESIAN_POINT('',(14.,0.));
#6451 = VECTOR('',#6452,1.);
#6452 = DIRECTION('',(0.,-1.));
#6453 = ( GEOMETRIC_REPRESENTATION_CONTEXT(2) 
PARAMETRIC_REPRESENTATION_CONTEXT() REPRESENTATION_CONTEXT('2D SPACE',''
  ) );
#6454 = ORIENTED_EDGE('',*,*,#3306,.T.);
#6455 = ORIENTED_EDGE('',*,*,#6385,.T.);
#6456 = ORIENTED_EDGE('',*,*,#6457,.F.);
#6457 = EDGE_CURVE('',#6433,#6386,#6458,.T.);
#6458 = SURFACE_CURVE('',#6459,(#6463,#6469),.PCURVE_S1.);
#6459 = LINE('',#6460,#6461);
#6460 = CARTESIAN_POINT('',(-20.9,7.55,51.6));
#6461 = VECTOR('',#6462,1.);
#6462 = DIRECTION('',(1.,0.,0.));
#6463 = PCURVE('',#3322,#6464);
#6464 = DEFINITIONAL_REPRESENTATION('',(#6465),#6468);
#6465 = B_SPLINE_CURVE_WITH_KNOTS('',1,(#6466,#6467),.UNSPECIFIED.,.F.,
  .F.,(2,2),(1.65,13.65),.PIECEWISE_BEZIER_KNOTS.);
#6466 = CARTESIAN_POINT('',(0.,2.8));
#6467 = CARTESIAN_POINT('',(12.,2.8));
#6468 = ( GEOMETRIC_REPRESENTATION_CONTEXT(2) 
PARAMETRIC_REPRESENTATION_CONTEXT() REPRESENTATION_CONTEXT('2D SPACE',''
  ) );
#6469 = PCURVE('',#6265,#6470);
#6470 = DEFINITIONAL_REPRESENTATION('',(#6471),#6474);
#6471 = B_SPLINE_CURVE_WITH_KNOTS('',1,(#6472,#6473),.UNSPECIFIED.,.F.,
  .F.,(2,2),(1.65,13.65),.PIECEWISE_BEZIER_KNOTS.);
#6472 = CARTESIAN_POINT('',(16.,3.3));
#6473 = CARTESIAN_POINT('',(16.,15.3));
#6474 = ( GEOMETRIC_REPRESENTATION_CONTEXT(2) 
PARAMETRIC_REPRESENTATION_CONTEXT() REPRESENTATION_CONTEXT('2D SPACE',''
  ) );
#6475 = ADVANCED_FACE('',(#6476),#3349,.T.);
#6476 = FACE_BOUND('',#6477,.T.);
#6477 = EDGE_LOOP('',(#6478,#6479,#6480,#6481));
#6478 = ORIENTED_EDGE('',*,*,#6432,.F.);
#6479 = ORIENTED_EDGE('',*,*,#3333,.T.);
#6480 = ORIENTED_EDGE('',*,*,#6200,.T.);
#6481 = ORIENTED_EDGE('',*,*,#6482,.F.);
#6482 = EDGE_CURVE('',#6433,#6201,#6483,.T.);
#6483 = SURFACE_CURVE('',#6484,(#6488,#6494),.PCURVE_S1.);
#6484 = LINE('',#6485,#6486);
#6485 = CARTESIAN_POINT('',(-19.25,7.55,36.6));
#6486 = VECTOR('',#6487,1.);
#6487 = DIRECTION('',(0.,0.,-1.));
#6488 = PCURVE('',#3349,#6489);
#6489 = DEFINITIONAL_REPRESENTATION('',(#6490),#6493);
#6490 = B_SPLINE_CURVE_WITH_KNOTS('',1,(#6491,#6492),.UNSPECIFIED.,.F.,
  .F.,(2,2),(-15.,-1.),.PIECEWISE_BEZIER_KNOTS.);
#6491 = CARTESIAN_POINT('',(14.,-2.8));
#6492 = CARTESIAN_POINT('',(0.,-2.8));
#6493 = ( GEOMETRIC_REPRESENTATION_CONTEXT(2) 
PARAMETRIC_REPRESENTATION_CONTEXT() REPRESENTATION_CONTEXT('2D SPACE',''
  ) );
#6494 = PCURVE('',#6265,#6495);
#6495 = DEFINITIONAL_REPRESENTATION('',(#6496),#6499);
#6496 = B_SPLINE_CURVE_WITH_KNOTS('',1,(#6497,#6498),.UNSPECIFIED.,.F.,
  .F.,(2,2),(-15.,-1.),.PIECEWISE_BEZIER_KNOTS.);
#6497 = CARTESIAN_POINT('',(16.,3.3));
#6498 = CARTESIAN_POINT('',(2.,3.3));
#6499 = ( GEOMETRIC_REPRESENTATION_CONTEXT(2) 
PARAMETRIC_REPRESENTATION_CONTEXT() REPRESENTATION_CONTEXT('2D SPACE',''
  ) );
#6500 = ADVANCED_FACE('',(#6501,#6504),#3403,.F.);
#6501 = FACE_BOUND('',#6502,.F.);
#6502 = EDGE_LOOP('',(#6503));
#6503 = ORIENTED_EDGE('',*,*,#4143,.T.);
#6504 = FACE_BOUND('',#6505,.F.);
#6505 = EDGE_LOOP('',(#6506));
#6506 = ORIENTED_EDGE('',*,*,#3386,.T.);
#6507 = ADVANCED_FACE('',(#6508,#6611,#6617,#6623,#6626),#3483,.F.);
#6508 = FACE_BOUND('',#6509,.F.);
#6509 = EDGE_LOOP('',(#6510,#6533,#6561,#6582,#6583,#6584,#6585,#6586,
    #6587,#6588,#6589,#6590));
#6510 = ORIENTED_EDGE('',*,*,#6511,.F.);
#6511 = EDGE_CURVE('',#6512,#6514,#6516,.T.);
#6512 = VERTEX_POINT('',#6513);
#6513 = CARTESIAN_POINT('',(17.55,7.55,92.6));
#6514 = VERTEX_POINT('',#6515);
#6515 = CARTESIAN_POINT('',(-21.34999328868,7.55,92.6));
#6516 = SURFACE_CURVE('',#6517,(#6521,#6527),.PCURVE_S1.);
#6517 = LINE('',#6518,#6519);
#6518 = CARTESIAN_POINT('',(-11.275,7.55,92.6));
#6519 = VECTOR('',#6520,1.);
#6520 = DIRECTION('',(-1.,0.,0.));
#6521 = PCURVE('',#3483,#6522);
#6522 = DEFINITIONAL_REPRESENTATION('',(#6523),#6526);
#6523 = B_SPLINE_CURVE_WITH_KNOTS('',1,(#6524,#6525),.UNSPECIFIED.,.F.,
  .F.,(2,2),(-28.825,11.275),.PIECEWISE_BEZIER_KNOTS.);
#6524 = CARTESIAN_POINT('',(18.339298504014,5.354916468132));
#6525 = CARTESIAN_POINT('',(-21.4618021768,10.241877138678));
#6526 = ( GEOMETRIC_REPRESENTATION_CONTEXT(2) 
PARAMETRIC_REPRESENTATION_CONTEXT() REPRESENTATION_CONTEXT('2D SPACE',''
  ) );
#6527 = PCURVE('',#6265,#6528);
#6528 = DEFINITIONAL_REPRESENTATION('',(#6529),#6532);
#6529 = B_SPLINE_CURVE_WITH_KNOTS('',1,(#6530,#6531),.UNSPECIFIED.,.F.,
  .F.,(2,2),(-28.825,11.275),.PIECEWISE_BEZIER_KNOTS.);
#6530 = CARTESIAN_POINT('',(57.,40.1));
#6531 = CARTESIAN_POINT('',(57.,0.));
#6532 = ( GEOMETRIC_REPRESENTATION_CONTEXT(2) 
PARAMETRIC_REPRESENTATION_CONTEXT() REPRESENTATION_CONTEXT('2D SPACE',''
  ) );
#6533 = ORIENTED_EDGE('',*,*,#6534,.T.);
#6534 = EDGE_CURVE('',#6512,#6535,#6537,.T.);
#6535 = VERTEX_POINT('',#6536);
#6536 = CARTESIAN_POINT('',(16.410820344416,7.927186574926,92.6));
#6537 = SURFACE_CURVE('',#6538,(#6542,#6549),.PCURVE_S1.);
#6538 = LINE('',#6539,#6540);
#6539 = CARTESIAN_POINT('',(18.689179655584,7.172813425074,92.6));
#6540 = VECTOR('',#6541,1.);
#6541 = DIRECTION('',(-0.949316379653,0.314322145771,0.));
#6542 = PCURVE('',#3483,#6543);
#6543 = DEFINITIONAL_REPRESENTATION('',(#6544),#6548);
#6544 = LINE('',#6545,#6546);
#6545 = CARTESIAN_POINT('',(19.424019406964,4.841710308092));
#6546 = VECTOR('',#6547,1.);
#6547 = DIRECTION('',(-0.903934085792,0.427671800033));
#6548 = ( GEOMETRIC_REPRESENTATION_CONTEXT(2) 
PARAMETRIC_REPRESENTATION_CONTEXT() REPRESENTATION_CONTEXT('2D SPACE',''
  ) );
#6549 = PCURVE('',#6550,#6555);
#6550 = PLANE('',#6551);
#6551 = AXIS2_PLACEMENT_3D('',#6552,#6553,#6554);
#6552 = CARTESIAN_POINT('',(18.689179655584,7.172813425074,57.6));
#6553 = DIRECTION('',(0.314322145771,0.949316379653,0.));
#6554 = DIRECTION('',(0.,0.,1.));
#6555 = DEFINITIONAL_REPRESENTATION('',(#6556),#6560);
#6556 = LINE('',#6557,#6558);
#6557 = CARTESIAN_POINT('',(35.,0.));
#6558 = VECTOR('',#6559,1.);
#6559 = DIRECTION('',(0.,-1.));
#6560 = ( GEOMETRIC_REPRESENTATION_CONTEXT(2) 
PARAMETRIC_REPRESENTATION_CONTEXT() REPRESENTATION_CONTEXT('2D SPACE',''
  ) );
#6561 = ORIENTED_EDGE('',*,*,#6562,.T.);
#6562 = EDGE_CURVE('',#6535,#4644,#6563,.T.);
#6563 = SURFACE_CURVE('',#6564,(#6568,#6575),.PCURVE_S1.);
#6564 = LINE('',#6565,#6566);
#6565 = CARTESIAN_POINT('',(16.410820344416,7.927186574926,92.6));
#6566 = VECTOR('',#6567,1.);
#6567 = DIRECTION('',(0.314322145771,0.949316379653,0.));
#6568 = PCURVE('',#3483,#6569);
#6569 = DEFINITIONAL_REPRESENTATION('',(#6570),#6574);
#6570 = LINE('',#6571,#6572);
#6571 = CARTESIAN_POINT('',(17.254577601064,5.868122628171));
#6572 = VECTOR('',#6573,1.);
#6573 = DIRECTION('',(0.427671800033,0.903934085792));
#6574 = ( GEOMETRIC_REPRESENTATION_CONTEXT(2) 
PARAMETRIC_REPRESENTATION_CONTEXT() REPRESENTATION_CONTEXT('2D SPACE',''
  ) );
#6575 = PCURVE('',#4686,#6576);
#6576 = DEFINITIONAL_REPRESENTATION('',(#6577),#6581);
#6577 = LINE('',#6578,#6579);
#6578 = CARTESIAN_POINT('',(35.,0.));
#6579 = VECTOR('',#6580,1.);
#6580 = DIRECTION('',(0.,1.));
#6581 = ( GEOMETRIC_REPRESENTATION_CONTEXT(2) 
PARAMETRIC_REPRESENTATION_CONTEXT() REPRESENTATION_CONTEXT('2D SPACE',''
  ) );
#6582 = ORIENTED_EDGE('',*,*,#4643,.T.);
#6583 = ORIENTED_EDGE('',*,*,#4788,.T.);
#6584 = ORIENTED_EDGE('',*,*,#4856,.T.);
#6585 = ORIENTED_EDGE('',*,*,#4882,.F.);
#6586 = ORIENTED_EDGE('',*,*,#4954,.T.);
#6587 = ORIENTED_EDGE('',*,*,#4978,.T.);
#6588 = ORIENTED_EDGE('',*,*,#5073,.T.);
#6589 = ORIENTED_EDGE('',*,*,#5240,.T.);
#6590 = ORIENTED_EDGE('',*,*,#6591,.F.);
#6591 = EDGE_CURVE('',#6514,#5215,#6592,.T.);
#6592 = SURFACE_CURVE('',#6593,(#6597,#6604),.PCURVE_S1.);
#6593 = LINE('',#6594,#6595);
#6594 = CARTESIAN_POINT('',(-21.35000671127,7.545986644519,92.6));
#6595 = VECTOR('',#6596,1.);
#6596 = DIRECTION('',(3.344462900563E-03,0.999994407268,0.));
#6597 = PCURVE('',#3483,#6598);
#6598 = DEFINITIONAL_REPRESENTATION('',(#6599),#6603);
#6599 = LINE('',#6600,#6601);
#6600 = CARTESIAN_POINT('',(-20.27124256108,10.091651303953));
#6601 = VECTOR('',#6602,1.);
#6602 = DIRECTION('',(0.125188195604,0.992133013099));
#6603 = ( GEOMETRIC_REPRESENTATION_CONTEXT(2) 
PARAMETRIC_REPRESENTATION_CONTEXT() REPRESENTATION_CONTEXT('2D SPACE',''
  ) );
#6604 = PCURVE('',#5229,#6605);
#6605 = DEFINITIONAL_REPRESENTATION('',(#6606),#6610);
#6606 = LINE('',#6607,#6608);
#6607 = CARTESIAN_POINT('',(35.,0.));
#6608 = VECTOR('',#6609,1.);
#6609 = DIRECTION('',(0.,1.));
#6610 = ( GEOMETRIC_REPRESENTATION_CONTEXT(2) 
PARAMETRIC_REPRESENTATION_CONTEXT() REPRESENTATION_CONTEXT('2D SPACE',''
  ) );
#6611 = FACE_BOUND('',#6612,.F.);
#6612 = EDGE_LOOP('',(#6613,#6614,#6615,#6616));
#6613 = ORIENTED_EDGE('',*,*,#3468,.T.);
#6614 = ORIENTED_EDGE('',*,*,#3567,.T.);
#6615 = ORIENTED_EDGE('',*,*,#3614,.F.);
#6616 = ORIENTED_EDGE('',*,*,#3520,.F.);
#6617 = FACE_BOUND('',#6618,.F.);
#6618 = EDGE_LOOP('',(#6619,#6620,#6621,#6622));
#6619 = ORIENTED_EDGE('',*,*,#3661,.T.);
#6620 = ORIENTED_EDGE('',*,*,#3755,.T.);
#6621 = ORIENTED_EDGE('',*,*,#3802,.F.);
#6622 = ORIENTED_EDGE('',*,*,#3708,.F.);
#6623 = FACE_BOUND('',#6624,.F.);
#6624 = EDGE_LOOP('',(#6625));
#6625 = ORIENTED_EDGE('',*,*,#3885,.T.);
#6626 = FACE_BOUND('',#6627,.F.);
#6627 = EDGE_LOOP('',(#6628));
#6628 = ORIENTED_EDGE('',*,*,#3939,.T.);
#6629 = ADVANCED_FACE('',(#6630,#6633),#3843,.F.);
#6630 = FACE_BOUND('',#6631,.F.);
#6631 = EDGE_LOOP('',(#6632));
#6632 = ORIENTED_EDGE('',*,*,#5050,.T.);
#6633 = FACE_BOUND('',#6634,.F.);
#6634 = EDGE_LOOP('',(#6635));
#6635 = ORIENTED_EDGE('',*,*,#3826,.T.);
#6636 = ADVANCED_FACE('',(#6637,#6640),#4010,.F.);
#6637 = FACE_BOUND('',#6638,.F.);
#6638 = EDGE_LOOP('',(#6639));
#6639 = ORIENTED_EDGE('',*,*,#4598,.T.);
#6640 = FACE_BOUND('',#6641,.F.);
#6641 = EDGE_LOOP('',(#6642));
#6642 = ORIENTED_EDGE('',*,*,#3993,.T.);
#6643 = ADVANCED_FACE('',(#6644),#4295,.F.);
#6644 = FACE_BOUND('',#6645,.F.);
#6645 = EDGE_LOOP('',(#6646,#6669,#6690,#6691));
#6646 = ORIENTED_EDGE('',*,*,#6647,.F.);
#6647 = EDGE_CURVE('',#6648,#4248,#6650,.T.);
#6648 = VERTEX_POINT('',#6649);
#6649 = CARTESIAN_POINT('',(16.572570488491,-16.24615483193,57.6));
#6650 = SURFACE_CURVE('',#6651,(#6655,#6662),.PCURVE_S1.);
#6651 = LINE('',#6652,#6653);
#6652 = CARTESIAN_POINT('',(16.572570488491,-16.24615483193,57.6));
#6653 = VECTOR('',#6654,1.);
#6654 = DIRECTION('',(0.580129026615,-0.814524592924,0.));
#6655 = PCURVE('',#4295,#6656);
#6656 = DEFINITIONAL_REPRESENTATION('',(#6657),#6661);
#6657 = LINE('',#6658,#6659);
#6658 = CARTESIAN_POINT('',(0.,0.));
#6659 = VECTOR('',#6660,1.);
#6660 = DIRECTION('',(0.,1.));
#6661 = ( GEOMETRIC_REPRESENTATION_CONTEXT(2) 
PARAMETRIC_REPRESENTATION_CONTEXT() REPRESENTATION_CONTEXT('2D SPACE',''
  ) );
#6662 = PCURVE('',#4264,#6663);
#6663 = DEFINITIONAL_REPRESENTATION('',(#6664),#6668);
#6664 = LINE('',#6665,#6666);
#6665 = CARTESIAN_POINT('',(0.,0.));
#6666 = VECTOR('',#6667,1.);
#6667 = DIRECTION('',(1.,0.));
#6668 = ( GEOMETRIC_REPRESENTATION_CONTEXT(2) 
PARAMETRIC_REPRESENTATION_CONTEXT() REPRESENTATION_CONTEXT('2D SPACE',''
  ) );
#6669 = ORIENTED_EDGE('',*,*,#6670,.T.);
#6670 = EDGE_CURVE('',#6648,#6081,#6671,.T.);
#6671 = SURFACE_CURVE('',#6672,(#6676,#6683),.PCURVE_S1.);
#6672 = LINE('',#6673,#6674);
#6673 = CARTESIAN_POINT('',(16.572570488491,-16.24615483193,57.6));
#6674 = VECTOR('',#6675,1.);
#6675 = DIRECTION('',(0.,0.,1.));
#6676 = PCURVE('',#4295,#6677);
#6677 = DEFINITIONAL_REPRESENTATION('',(#6678),#6682);
#6678 = LINE('',#6679,#6680);
#6679 = CARTESIAN_POINT('',(0.,0.));
#6680 = VECTOR('',#6681,1.);
#6681 = DIRECTION('',(1.,0.));
#6682 = ( GEOMETRIC_REPRESENTATION_CONTEXT(2) 
PARAMETRIC_REPRESENTATION_CONTEXT() REPRESENTATION_CONTEXT('2D SPACE',''
  ) );
#6683 = PCURVE('',#6119,#6684);
#6684 = DEFINITIONAL_REPRESENTATION('',(#6685),#6689);
#6685 = LINE('',#6686,#6687);
#6686 = CARTESIAN_POINT('',(0.,0.));
#6687 = VECTOR('',#6688,1.);
#6688 = DIRECTION('',(1.,0.));
#6689 = ( GEOMETRIC_REPRESENTATION_CONTEXT(2) 
PARAMETRIC_REPRESENTATION_CONTEXT() REPRESENTATION_CONTEXT('2D SPACE',''
  ) );
#6690 = ORIENTED_EDGE('',*,*,#6080,.T.);
#6691 = ORIENTED_EDGE('',*,*,#4280,.T.);
#6692 = ADVANCED_FACE('',(#6693),#4264,.F.);
#6693 = FACE_BOUND('',#6694,.F.);
#6694 = EDGE_LOOP('',(#6695,#6718,#6719,#6720,#6743));
#6695 = ORIENTED_EDGE('',*,*,#6696,.F.);
#6696 = EDGE_CURVE('',#6648,#6697,#6699,.T.);
#6697 = VERTEX_POINT('',#6698);
#6698 = CARTESIAN_POINT('',(17.55,-15.55,57.6));
#6699 = SURFACE_CURVE('',#6700,(#6704,#6711),.PCURVE_S1.);
#6700 = LINE('',#6701,#6702);
#6701 = CARTESIAN_POINT('',(16.572570488491,-16.24615483193,57.6));
#6702 = VECTOR('',#6703,1.);
#6703 = DIRECTION('',(0.814524592924,0.580129026615,0.));
#6704 = PCURVE('',#4264,#6705);
#6705 = DEFINITIONAL_REPRESENTATION('',(#6706),#6710);
#6706 = LINE('',#6707,#6708);
#6707 = CARTESIAN_POINT('',(0.,0.));
#6708 = VECTOR('',#6709,1.);
#6709 = DIRECTION('',(0.,1.));
#6710 = ( GEOMETRIC_REPRESENTATION_CONTEXT(2) 
PARAMETRIC_REPRESENTATION_CONTEXT() REPRESENTATION_CONTEXT('2D SPACE',''
  ) );
#6711 = PCURVE('',#6119,#6712);
#6712 = DEFINITIONAL_REPRESENTATION('',(#6713),#6717);
#6713 = LINE('',#6714,#6715);
#6714 = CARTESIAN_POINT('',(0.,0.));
#6715 = VECTOR('',#6716,1.);
#6716 = DIRECTION('',(0.,-1.));
#6717 = ( GEOMETRIC_REPRESENTATION_CONTEXT(2) 
PARAMETRIC_REPRESENTATION_CONTEXT() REPRESENTATION_CONTEXT('2D SPACE',''
  ) );
#6718 = ORIENTED_EDGE('',*,*,#6647,.T.);
#6719 = ORIENTED_EDGE('',*,*,#4247,.T.);
#6720 = ORIENTED_EDGE('',*,*,#6721,.F.);
#6721 = EDGE_CURVE('',#6722,#4222,#6724,.T.);
#6722 = VERTEX_POINT('',#6723);
#6723 = CARTESIAN_POINT('',(18.527429511509,-14.85384516806,57.6));
#6724 = SURFACE_CURVE('',#6725,(#6729,#6736),.PCURVE_S1.);
#6725 = LINE('',#6726,#6727);
#6726 = CARTESIAN_POINT('',(18.527429511509,-14.85384516806,57.6));
#6727 = VECTOR('',#6728,1.);
#6728 = DIRECTION('',(0.580129026615,-0.814524592924,0.));
#6729 = PCURVE('',#4264,#6730);
#6730 = DEFINITIONAL_REPRESENTATION('',(#6731),#6735);
#6731 = LINE('',#6732,#6733);
#6732 = CARTESIAN_POINT('',(-2.22044604925E-15,2.4));
#6733 = VECTOR('',#6734,1.);
#6734 = DIRECTION('',(1.,0.));
#6735 = ( GEOMETRIC_REPRESENTATION_CONTEXT(2) 
PARAMETRIC_REPRESENTATION_CONTEXT() REPRESENTATION_CONTEXT('2D SPACE',''
  ) );
#6736 = PCURVE('',#4236,#6737);
#6737 = DEFINITIONAL_REPRESENTATION('',(#6738),#6742);
#6738 = LINE('',#6739,#6740);
#6739 = CARTESIAN_POINT('',(0.,0.));
#6740 = VECTOR('',#6741,1.);
#6741 = DIRECTION('',(0.,1.));
#6742 = ( GEOMETRIC_REPRESENTATION_CONTEXT(2) 
PARAMETRIC_REPRESENTATION_CONTEXT() REPRESENTATION_CONTEXT('2D SPACE',''
  ) );
#6743 = ORIENTED_EDGE('',*,*,#6744,.F.);
#6744 = EDGE_CURVE('',#6697,#6722,#6745,.T.);
#6745 = SURFACE_CURVE('',#6746,(#6750,#6757),.PCURVE_S1.);
#6746 = LINE('',#6747,#6748);
#6747 = CARTESIAN_POINT('',(16.572570488491,-16.24615483193,57.6));
#6748 = VECTOR('',#6749,1.);
#6749 = DIRECTION('',(0.814524592924,0.580129026615,0.));
#6750 = PCURVE('',#4264,#6751);
#6751 = DEFINITIONAL_REPRESENTATION('',(#6752),#6756);
#6752 = LINE('',#6753,#6754);
#6753 = CARTESIAN_POINT('',(0.,0.));
#6754 = VECTOR('',#6755,1.);
#6755 = DIRECTION('',(0.,1.));
#6756 = ( GEOMETRIC_REPRESENTATION_CONTEXT(2) 
PARAMETRIC_REPRESENTATION_CONTEXT() REPRESENTATION_CONTEXT('2D SPACE',''
  ) );
#6757 = PCURVE('',#6758,#6763);
#6758 = PLANE('',#6759);
#6759 = AXIS2_PLACEMENT_3D('',#6760,#6761,#6762);
#6760 = CARTESIAN_POINT('',(16.572570488491,-16.24615483193,57.6));
#6761 = DIRECTION('',(0.580129026615,-0.814524592924,0.));
#6762 = DIRECTION('',(0.,0.,1.));
#6763 = DEFINITIONAL_REPRESENTATION('',(#6764),#6768);
#6764 = LINE('',#6765,#6766);
#6765 = CARTESIAN_POINT('',(0.,0.));
#6766 = VECTOR('',#6767,1.);
#6767 = DIRECTION('',(0.,-1.));
#6768 = ( GEOMETRIC_REPRESENTATION_CONTEXT(2) 
PARAMETRIC_REPRESENTATION_CONTEXT() REPRESENTATION_CONTEXT('2D SPACE',''
  ) );
#6769 = ADVANCED_FACE('',(#6770),#4236,.T.);
#6770 = FACE_BOUND('',#6771,.T.);
#6771 = EDGE_LOOP('',(#6772,#6773,#6796,#6817));
#6772 = ORIENTED_EDGE('',*,*,#6721,.F.);
#6773 = ORIENTED_EDGE('',*,*,#6774,.T.);
#6774 = EDGE_CURVE('',#6722,#6775,#6777,.T.);
#6775 = VERTEX_POINT('',#6776);
#6776 = CARTESIAN_POINT('',(18.527429511509,-14.85384516806,92.6));
#6777 = SURFACE_CURVE('',#6778,(#6782,#6789),.PCURVE_S1.);
#6778 = LINE('',#6779,#6780);
#6779 = CARTESIAN_POINT('',(18.527429511509,-14.85384516806,57.6));
#6780 = VECTOR('',#6781,1.);
#6781 = DIRECTION('',(0.,0.,1.));
#6782 = PCURVE('',#4236,#6783);
#6783 = DEFINITIONAL_REPRESENTATION('',(#6784),#6788);
#6784 = LINE('',#6785,#6786);
#6785 = CARTESIAN_POINT('',(0.,0.));
#6786 = VECTOR('',#6787,1.);
#6787 = DIRECTION('',(1.,0.));
#6788 = ( GEOMETRIC_REPRESENTATION_CONTEXT(2) 
PARAMETRIC_REPRESENTATION_CONTEXT() REPRESENTATION_CONTEXT('2D SPACE',''
  ) );
#6789 = PCURVE('',#6758,#6790);
#6790 = DEFINITIONAL_REPRESENTATION('',(#6791),#6795);
#6791 = LINE('',#6792,#6793);
#6792 = CARTESIAN_POINT('',(0.,-2.4));
#6793 = VECTOR('',#6794,1.);
#6794 = DIRECTION('',(1.,0.));
#6795 = ( GEOMETRIC_REPRESENTATION_CONTEXT(2) 
PARAMETRIC_REPRESENTATION_CONTEXT() REPRESENTATION_CONTEXT('2D SPACE',''
  ) );
#6796 = ORIENTED_EDGE('',*,*,#6797,.T.);
#6797 = EDGE_CURVE('',#6775,#4189,#6798,.T.);
#6798 = SURFACE_CURVE('',#6799,(#6803,#6810),.PCURVE_S1.);
#6799 = LINE('',#6800,#6801);
#6800 = CARTESIAN_POINT('',(18.527429511509,-14.85384516806,92.6));
#6801 = VECTOR('',#6802,1.);
#6802 = DIRECTION('',(0.580129026615,-0.814524592924,0.));
#6803 = PCURVE('',#4236,#6804);
#6804 = DEFINITIONAL_REPRESENTATION('',(#6805),#6809);
#6805 = LINE('',#6806,#6807);
#6806 = CARTESIAN_POINT('',(35.,0.));
#6807 = VECTOR('',#6808,1.);
#6808 = DIRECTION('',(0.,1.));
#6809 = ( GEOMETRIC_REPRESENTATION_CONTEXT(2) 
PARAMETRIC_REPRESENTATION_CONTEXT() REPRESENTATION_CONTEXT('2D SPACE',''
  ) );
#6810 = PCURVE('',#4205,#6811);
#6811 = DEFINITIONAL_REPRESENTATION('',(#6812),#6816);
#6812 = LINE('',#6813,#6814);
#6813 = CARTESIAN_POINT('',(16.579100503781,-17.00105252818));
#6814 = VECTOR('',#6815,1.);
#6815 = DIRECTION('',(0.476539255495,-0.879153193688));
#6816 = ( GEOMETRIC_REPRESENTATION_CONTEXT(2) 
PARAMETRIC_REPRESENTATION_CONTEXT() REPRESENTATION_CONTEXT('2D SPACE',''
  ) );
#6817 = ORIENTED_EDGE('',*,*,#4221,.T.);
#6818 = ADVANCED_FACE('',(#6819),#4205,.F.);
#6819 = FACE_BOUND('',#6820,.F.);
#6820 = EDGE_LOOP('',(#6821,#6822,#6823,#6824,#6825,#6848,#6874,#6898,
    #6919,#6920,#6921,#6922));
#6821 = ORIENTED_EDGE('',*,*,#4430,.F.);
#6822 = ORIENTED_EDGE('',*,*,#4504,.T.);
#6823 = ORIENTED_EDGE('',*,*,#4528,.T.);
#6824 = ORIENTED_EDGE('',*,*,#4756,.T.);
#6825 = ORIENTED_EDGE('',*,*,#6826,.F.);
#6826 = EDGE_CURVE('',#6827,#4731,#6829,.T.);
#6827 = VERTEX_POINT('',#6828);
#6828 = CARTESIAN_POINT('',(18.689179655584,7.172813425074,92.6));
#6829 = SURFACE_CURVE('',#6830,(#6834,#6841),.PCURVE_S1.);
#6830 = LINE('',#6831,#6832);
#6831 = CARTESIAN_POINT('',(18.689179655584,7.172813425074,92.6));
#6832 = VECTOR('',#6833,1.);
#6833 = DIRECTION('',(0.314322145771,0.949316379653,0.));
#6834 = PCURVE('',#4205,#6835);
#6835 = DEFINITIONAL_REPRESENTATION('',(#6836),#6840);
#6836 = LINE('',#6837,#6838);
#6837 = CARTESIAN_POINT('',(19.424019406964,4.841710308092));
#6838 = VECTOR('',#6839,1.);
#6839 = DIRECTION('',(0.427671800033,0.903934085792));
#6840 = ( GEOMETRIC_REPRESENTATION_CONTEXT(2) 
PARAMETRIC_REPRESENTATION_CONTEXT() REPRESENTATION_CONTEXT('2D SPACE',''
  ) );
#6841 = PCURVE('',#4745,#6842);
#6842 = DEFINITIONAL_REPRESENTATION('',(#6843),#6847);
#6843 = LINE('',#6844,#6845);
#6844 = CARTESIAN_POINT('',(35.,0.));
#6845 = VECTOR('',#6846,1.);
#6846 = DIRECTION('',(0.,1.));
#6847 = ( GEOMETRIC_REPRESENTATION_CONTEXT(2) 
PARAMETRIC_REPRESENTATION_CONTEXT() REPRESENTATION_CONTEXT('2D SPACE',''
  ) );
#6848 = ORIENTED_EDGE('',*,*,#6849,.T.);
#6849 = EDGE_CURVE('',#6827,#6512,#6850,.T.);
#6850 = SURFACE_CURVE('',#6851,(#6855,#6862),.PCURVE_S1.);
#6851 = LINE('',#6852,#6853);
#6852 = CARTESIAN_POINT('',(18.689179655584,7.172813425074,92.6));
#6853 = VECTOR('',#6854,1.);
#6854 = DIRECTION('',(-0.949316379653,0.314322145771,0.));
#6855 = PCURVE('',#4205,#6856);
#6856 = DEFINITIONAL_REPRESENTATION('',(#6857),#6861);
#6857 = LINE('',#6858,#6859);
#6858 = CARTESIAN_POINT('',(19.424019406964,4.841710308092));
#6859 = VECTOR('',#6860,1.);
#6860 = DIRECTION('',(-0.903934085792,0.427671800033));
#6861 = ( GEOMETRIC_REPRESENTATION_CONTEXT(2) 
PARAMETRIC_REPRESENTATION_CONTEXT() REPRESENTATION_CONTEXT('2D SPACE',''
  ) );
#6862 = PCURVE('',#6863,#6868);
#6863 = PLANE('',#6864);
#6864 = AXIS2_PLACEMENT_3D('',#6865,#6866,#6867);
#6865 = CARTESIAN_POINT('',(18.689179655584,7.172813425074,57.6));
#6866 = DIRECTION('',(0.314322145771,0.949316379653,0.));
#6867 = DIRECTION('',(0.,0.,1.));
#6868 = DEFINITIONAL_REPRESENTATION('',(#6869),#6873);
#6869 = LINE('',#6870,#6871);
#6870 = CARTESIAN_POINT('',(35.,0.));
#6871 = VECTOR('',#6872,1.);
#6872 = DIRECTION('',(0.,-1.));
#6873 = ( GEOMETRIC_REPRESENTATION_CONTEXT(2) 
PARAMETRIC_REPRESENTATION_CONTEXT() REPRESENTATION_CONTEXT('2D SPACE',''
  ) );
#6874 = ORIENTED_EDGE('',*,*,#6875,.F.);
#6875 = EDGE_CURVE('',#6104,#6512,#6876,.T.);
#6876 = SURFACE_CURVE('',#6877,(#6881,#6887),.PCURVE_S1.);
#6877 = LINE('',#6878,#6879);
#6878 = CARTESIAN_POINT('',(17.55,-7.775,92.6));
#6879 = VECTOR('',#6880,1.);
#6880 = DIRECTION('',(0.,1.,0.));
#6881 = PCURVE('',#4205,#6882);
#6882 = DEFINITIONAL_REPRESENTATION('',(#6883),#6886);
#6883 = B_SPLINE_CURVE_WITH_KNOTS('',1,(#6884,#6885),.UNSPECIFIED.,.F.,
  .F.,(2,2),(-7.775,15.325),.PIECEWISE_BEZIER_KNOTS.);
#6884 = CARTESIAN_POINT('',(15.524116671355,-17.57289963478));
#6885 = CARTESIAN_POINT('',(18.339298504014,5.354916468132));
#6886 = ( GEOMETRIC_REPRESENTATION_CONTEXT(2) 
PARAMETRIC_REPRESENTATION_CONTEXT() REPRESENTATION_CONTEXT('2D SPACE',''
  ) );
#6887 = PCURVE('',#6888,#6893);
#6888 = PLANE('',#6889);
#6889 = AXIS2_PLACEMENT_3D('',#6890,#6891,#6892);
#6890 = CARTESIAN_POINT('',(17.55,-15.55,35.6));
#6891 = DIRECTION('',(1.,0.,0.));
#6892 = DIRECTION('',(0.,0.,1.));
#6893 = DEFINITIONAL_REPRESENTATION('',(#6894),#6897);
#6894 = B_SPLINE_CURVE_WITH_KNOTS('',1,(#6895,#6896),.UNSPECIFIED.,.F.,
  .F.,(2,2),(-7.775,15.325),.PIECEWISE_BEZIER_KNOTS.);
#6895 = CARTESIAN_POINT('',(57.,0.));
#6896 = CARTESIAN_POINT('',(57.,-23.1));
#6897 = ( GEOMETRIC_REPRESENTATION_CONTEXT(2) 
PARAMETRIC_REPRESENTATION_CONTEXT() REPRESENTATION_CONTEXT('2D SPACE',''
  ) );
#6898 = ORIENTED_EDGE('',*,*,#6899,.T.);
#6899 = EDGE_CURVE('',#6104,#6775,#6900,.T.);
#6900 = SURFACE_CURVE('',#6901,(#6905,#6912),.PCURVE_S1.);
#6901 = LINE('',#6902,#6903);
#6902 = CARTESIAN_POINT('',(16.572570488491,-16.24615483193,92.6));
#6903 = VECTOR('',#6904,1.);
#6904 = DIRECTION('',(0.814524592924,0.580129026615,0.));
#6905 = PCURVE('',#4205,#6906);
#6906 = DEFINITIONAL_REPRESENTATION('',(#6907),#6911);
#6907 = LINE('',#6908,#6909);
#6908 = CARTESIAN_POINT('',(14.469132838929,-18.14474674137));
#6909 = VECTOR('',#6910,1.);
#6910 = DIRECTION('',(0.879153193688,0.476539255495));
#6911 = ( GEOMETRIC_REPRESENTATION_CONTEXT(2) 
PARAMETRIC_REPRESENTATION_CONTEXT() REPRESENTATION_CONTEXT('2D SPACE',''
  ) );
#6912 = PCURVE('',#6758,#6913);
#6913 = DEFINITIONAL_REPRESENTATION('',(#6914),#6918);
#6914 = LINE('',#6915,#6916);
#6915 = CARTESIAN_POINT('',(35.,0.));
#6916 = VECTOR('',#6917,1.);
#6917 = DIRECTION('',(0.,-1.));
#6918 = ( GEOMETRIC_REPRESENTATION_CONTEXT(2) 
PARAMETRIC_REPRESENTATION_CONTEXT() REPRESENTATION_CONTEXT('2D SPACE',''
  ) );
#6919 = ORIENTED_EDGE('',*,*,#6797,.T.);
#6920 = ORIENTED_EDGE('',*,*,#4188,.T.);
#6921 = ORIENTED_EDGE('',*,*,#4338,.T.);
#6922 = ORIENTED_EDGE('',*,*,#4406,.T.);
#6923 = ADVANCED_FACE('',(#6924),#4745,.F.);
#6924 = FACE_BOUND('',#6925,.F.);
#6925 = EDGE_LOOP('',(#6926,#6949,#6970,#6971));
#6926 = ORIENTED_EDGE('',*,*,#6927,.F.);
#6927 = EDGE_CURVE('',#6928,#4698,#6930,.T.);
#6928 = VERTEX_POINT('',#6929);
#6929 = CARTESIAN_POINT('',(18.689179655584,7.172813425074,57.6));
#6930 = SURFACE_CURVE('',#6931,(#6935,#6942),.PCURVE_S1.);
#6931 = LINE('',#6932,#6933);
#6932 = CARTESIAN_POINT('',(18.689179655584,7.172813425074,57.6));
#6933 = VECTOR('',#6934,1.);
#6934 = DIRECTION('',(0.314322145771,0.949316379653,0.));
#6935 = PCURVE('',#4745,#6936);
#6936 = DEFINITIONAL_REPRESENTATION('',(#6937),#6941);
#6937 = LINE('',#6938,#6939);
#6938 = CARTESIAN_POINT('',(0.,0.));
#6939 = VECTOR('',#6940,1.);
#6940 = DIRECTION('',(0.,1.));
#6941 = ( GEOMETRIC_REPRESENTATION_CONTEXT(2) 
PARAMETRIC_REPRESENTATION_CONTEXT() REPRESENTATION_CONTEXT('2D SPACE',''
  ) );
#6942 = PCURVE('',#4714,#6943);
#6943 = DEFINITIONAL_REPRESENTATION('',(#6944),#6948);
#6944 = LINE('',#6945,#6946);
#6945 = CARTESIAN_POINT('',(0.,0.));
#6946 = VECTOR('',#6947,1.);
#6947 = DIRECTION('',(1.,0.));
#6948 = ( GEOMETRIC_REPRESENTATION_CONTEXT(2) 
PARAMETRIC_REPRESENTATION_CONTEXT() REPRESENTATION_CONTEXT('2D SPACE',''
  ) );
#6949 = ORIENTED_EDGE('',*,*,#6950,.T.);
#6950 = EDGE_CURVE('',#6928,#6827,#6951,.T.);
#6951 = SURFACE_CURVE('',#6952,(#6956,#6963),.PCURVE_S1.);
#6952 = LINE('',#6953,#6954);
#6953 = CARTESIAN_POINT('',(18.689179655584,7.172813425074,57.6));
#6954 = VECTOR('',#6955,1.);
#6955 = DIRECTION('',(0.,0.,1.));
#6956 = PCURVE('',#4745,#6957);
#6957 = DEFINITIONAL_REPRESENTATION('',(#6958),#6962);
#6958 = LINE('',#6959,#6960);
#6959 = CARTESIAN_POINT('',(0.,0.));
#6960 = VECTOR('',#6961,1.);
#6961 = DIRECTION('',(1.,0.));
#6962 = ( GEOMETRIC_REPRESENTATION_CONTEXT(2) 
PARAMETRIC_REPRESENTATION_CONTEXT() REPRESENTATION_CONTEXT('2D SPACE',''
  ) );
#6963 = PCURVE('',#6863,#6964);
#6964 = DEFINITIONAL_REPRESENTATION('',(#6965),#6969);
#6965 = LINE('',#6966,#6967);
#6966 = CARTESIAN_POINT('',(0.,0.));
#6967 = VECTOR('',#6968,1.);
#6968 = DIRECTION('',(1.,0.));
#6969 = ( GEOMETRIC_REPRESENTATION_CONTEXT(2) 
PARAMETRIC_REPRESENTATION_CONTEXT() REPRESENTATION_CONTEXT('2D SPACE',''
  ) );
#6970 = ORIENTED_EDGE('',*,*,#6826,.T.);
#6971 = ORIENTED_EDGE('',*,*,#4730,.T.);
#6972 = ADVANCED_FACE('',(#6973),#4714,.F.);
#6973 = FACE_BOUND('',#6974,.F.);
#6974 = EDGE_LOOP('',(#6975,#6998,#6999,#7000,#7023));
#6975 = ORIENTED_EDGE('',*,*,#6976,.F.);
#6976 = EDGE_CURVE('',#6928,#6977,#6979,.T.);
#6977 = VERTEX_POINT('',#6978);
#6978 = CARTESIAN_POINT('',(17.55,7.55,57.6));
#6979 = SURFACE_CURVE('',#6980,(#6984,#6991),.PCURVE_S1.);
#6980 = LINE('',#6981,#6982);
#6981 = CARTESIAN_POINT('',(18.689179655584,7.172813425074,57.6));
#6982 = VECTOR('',#6983,1.);
#6983 = DIRECTION('',(-0.949316379653,0.314322145771,0.));
#6984 = PCURVE('',#4714,#6985);
#6985 = DEFINITIONAL_REPRESENTATION('',(#6986),#6990);
#6986 = LINE('',#6987,#6988);
#6987 = CARTESIAN_POINT('',(0.,0.));
#6988 = VECTOR('',#6989,1.);
#6989 = DIRECTION('',(0.,1.));
#6990 = ( GEOMETRIC_REPRESENTATION_CONTEXT(2) 
PARAMETRIC_REPRESENTATION_CONTEXT() REPRESENTATION_CONTEXT('2D SPACE',''
  ) );
#6991 = PCURVE('',#6863,#6992);
#6992 = DEFINITIONAL_REPRESENTATION('',(#6993),#6997);
#6993 = LINE('',#6994,#6995);
#6994 = CARTESIAN_POINT('',(0.,0.));
#6995 = VECTOR('',#6996,1.);
#6996 = DIRECTION('',(0.,-1.));
#6997 = ( GEOMETRIC_REPRESENTATION_CONTEXT(2) 
PARAMETRIC_REPRESENTATION_CONTEXT() REPRESENTATION_CONTEXT('2D SPACE',''
  ) );
#6998 = ORIENTED_EDGE('',*,*,#6927,.T.);
#6999 = ORIENTED_EDGE('',*,*,#4697,.T.);
#7000 = ORIENTED_EDGE('',*,*,#7001,.F.);
#7001 = EDGE_CURVE('',#7002,#4672,#7004,.T.);
#7002 = VERTEX_POINT('',#7003);
#7003 = CARTESIAN_POINT('',(16.410820344416,7.927186574926,57.6));
#7004 = SURFACE_CURVE('',#7005,(#7009,#7016),.PCURVE_S1.);
#7005 = LINE('',#7006,#7007);
#7006 = CARTESIAN_POINT('',(16.410820344416,7.927186574926,57.6));
#7007 = VECTOR('',#7008,1.);
#7008 = DIRECTION('',(0.314322145771,0.949316379653,0.));
#7009 = PCURVE('',#4714,#7010);
#7010 = DEFINITIONAL_REPRESENTATION('',(#7011),#7015);
#7011 = LINE('',#7012,#7013);
#7012 = CARTESIAN_POINT('',(-1.110223024625E-16,2.4));
#7013 = VECTOR('',#7014,1.);
#7014 = DIRECTION('',(1.,0.));
#7015 = ( GEOMETRIC_REPRESENTATION_CONTEXT(2) 
PARAMETRIC_REPRESENTATION_CONTEXT() REPRESENTATION_CONTEXT('2D SPACE',''
  ) );
#7016 = PCURVE('',#4686,#7017);
#7017 = DEFINITIONAL_REPRESENTATION('',(#7018),#7022);
#7018 = LINE('',#7019,#7020);
#7019 = CARTESIAN_POINT('',(0.,0.));
#7020 = VECTOR('',#7021,1.);
#7021 = DIRECTION('',(0.,1.));
#7022 = ( GEOMETRIC_REPRESENTATION_CONTEXT(2) 
PARAMETRIC_REPRESENTATION_CONTEXT() REPRESENTATION_CONTEXT('2D SPACE',''
  ) );
#7023 = ORIENTED_EDGE('',*,*,#7024,.F.);
#7024 = EDGE_CURVE('',#6977,#7002,#7025,.T.);
#7025 = SURFACE_CURVE('',#7026,(#7030,#7037),.PCURVE_S1.);
#7026 = LINE('',#7027,#7028);
#7027 = CARTESIAN_POINT('',(18.689179655584,7.172813425074,57.6));
#7028 = VECTOR('',#7029,1.);
#7029 = DIRECTION('',(-0.949316379653,0.314322145771,0.));
#7030 = PCURVE('',#4714,#7031);
#7031 = DEFINITIONAL_REPRESENTATION('',(#7032),#7036);
#7032 = LINE('',#7033,#7034);
#7033 = CARTESIAN_POINT('',(0.,0.));
#7034 = VECTOR('',#7035,1.);
#7035 = DIRECTION('',(0.,1.));
#7036 = ( GEOMETRIC_REPRESENTATION_CONTEXT(2) 
PARAMETRIC_REPRESENTATION_CONTEXT() REPRESENTATION_CONTEXT('2D SPACE',''
  ) );
#7037 = PCURVE('',#6550,#7038);
#7038 = DEFINITIONAL_REPRESENTATION('',(#7039),#7043);
#7039 = LINE('',#7040,#7041);
#7040 = CARTESIAN_POINT('',(0.,0.));
#7041 = VECTOR('',#7042,1.);
#7042 = DIRECTION('',(0.,-1.));
#7043 = ( GEOMETRIC_REPRESENTATION_CONTEXT(2) 
PARAMETRIC_REPRESENTATION_CONTEXT() REPRESENTATION_CONTEXT('2D SPACE',''
  ) );
#7044 = ADVANCED_FACE('',(#7045),#4686,.T.);
#7045 = FACE_BOUND('',#7046,.T.);
#7046 = EDGE_LOOP('',(#7047,#7048,#7069,#7070));
#7047 = ORIENTED_EDGE('',*,*,#7001,.F.);
#7048 = ORIENTED_EDGE('',*,*,#7049,.T.);
#7049 = EDGE_CURVE('',#7002,#6535,#7050,.T.);
#7050 = SURFACE_CURVE('',#7051,(#7055,#7062),.PCURVE_S1.);
#7051 = LINE('',#7052,#7053);
#7052 = CARTESIAN_POINT('',(16.410820344416,7.927186574926,57.6));
#7053 = VECTOR('',#7054,1.);
#7054 = DIRECTION('',(0.,0.,1.));
#7055 = PCURVE('',#4686,#7056);
#7056 = DEFINITIONAL_REPRESENTATION('',(#7057),#7061);
#7057 = LINE('',#7058,#7059);
#7058 = CARTESIAN_POINT('',(0.,0.));
#7059 = VECTOR('',#7060,1.);
#7060 = DIRECTION('',(1.,0.));
#7061 = ( GEOMETRIC_REPRESENTATION_CONTEXT(2) 
PARAMETRIC_REPRESENTATION_CONTEXT() REPRESENTATION_CONTEXT('2D SPACE',''
  ) );
#7062 = PCURVE('',#6550,#7063);
#7063 = DEFINITIONAL_REPRESENTATION('',(#7064),#7068);
#7064 = LINE('',#7065,#7066);
#7065 = CARTESIAN_POINT('',(0.,-2.4));
#7066 = VECTOR('',#7067,1.);
#7067 = DIRECTION('',(1.,0.));
#7068 = ( GEOMETRIC_REPRESENTATION_CONTEXT(2) 
PARAMETRIC_REPRESENTATION_CONTEXT() REPRESENTATION_CONTEXT('2D SPACE',''
  ) );
#7069 = ORIENTED_EDGE('',*,*,#6562,.T.);
#7070 = ORIENTED_EDGE('',*,*,#4671,.T.);
#7071 = ADVANCED_FACE('',(#7072),#5229,.F.);
#7072 = FACE_BOUND('',#7073,.F.);
#7073 = EDGE_LOOP('',(#7074,#7097,#7116,#7117));
#7074 = ORIENTED_EDGE('',*,*,#7075,.F.);
#7075 = EDGE_CURVE('',#7076,#5182,#7078,.T.);
#7076 = VERTEX_POINT('',#7077);
#7077 = CARTESIAN_POINT('',(-21.34999328868,7.55,57.6));
#7078 = SURFACE_CURVE('',#7079,(#7083,#7090),.PCURVE_S1.);
#7079 = LINE('',#7080,#7081);
#7080 = CARTESIAN_POINT('',(-21.35000671127,7.545986644519,57.6));
#7081 = VECTOR('',#7082,1.);
#7082 = DIRECTION('',(3.344462900563E-03,0.999994407268,0.));
#7083 = PCURVE('',#5229,#7084);
#7084 = DEFINITIONAL_REPRESENTATION('',(#7085),#7089);
#7085 = LINE('',#7086,#7087);
#7086 = CARTESIAN_POINT('',(0.,0.));
#7087 = VECTOR('',#7088,1.);
#7088 = DIRECTION('',(0.,1.));
#7089 = ( GEOMETRIC_REPRESENTATION_CONTEXT(2) 
PARAMETRIC_REPRESENTATION_CONTEXT() REPRESENTATION_CONTEXT('2D SPACE',''
  ) );
#7090 = PCURVE('',#5198,#7091);
#7091 = DEFINITIONAL_REPRESENTATION('',(#7092),#7096);
#7092 = LINE('',#7093,#7094);
#7093 = CARTESIAN_POINT('',(0.,0.));
#7094 = VECTOR('',#7095,1.);
#7095 = DIRECTION('',(1.,0.));
#7096 = ( GEOMETRIC_REPRESENTATION_CONTEXT(2) 
PARAMETRIC_REPRESENTATION_CONTEXT() REPRESENTATION_CONTEXT('2D SPACE',''
  ) );
#7097 = ORIENTED_EDGE('',*,*,#7098,.T.);
#7098 = EDGE_CURVE('',#7076,#6514,#7099,.T.);
#7099 = SURFACE_CURVE('',#7100,(#7104,#7110),.PCURVE_S1.);
#7100 = LINE('',#7101,#7102);
#7101 = CARTESIAN_POINT('',(-21.34999328868,7.55,46.6));
#7102 = VECTOR('',#7103,1.);
#7103 = DIRECTION('',(0.,-0.,1.));
#7104 = PCURVE('',#5229,#7105);
#7105 = DEFINITIONAL_REPRESENTATION('',(#7106),#7109);
#7106 = B_SPLINE_CURVE_WITH_KNOTS('',1,(#7107,#7108),.UNSPECIFIED.,.F.,
  .F.,(2,2),(11.,46.),.PIECEWISE_BEZIER_KNOTS.);
#7107 = CARTESIAN_POINT('',(0.,4.013377926421E-03));
#7108 = CARTESIAN_POINT('',(35.,4.013377926421E-03));
#7109 = ( GEOMETRIC_REPRESENTATION_CONTEXT(2) 
PARAMETRIC_REPRESENTATION_CONTEXT() REPRESENTATION_CONTEXT('2D SPACE',''
  ) );
#7110 = PCURVE('',#6265,#7111);
#7111 = DEFINITIONAL_REPRESENTATION('',(#7112),#7115);
#7112 = B_SPLINE_CURVE_WITH_KNOTS('',1,(#7113,#7114),.UNSPECIFIED.,.F.,
  .F.,(2,2),(11.,46.),.PIECEWISE_BEZIER_KNOTS.);
#7113 = CARTESIAN_POINT('',(22.,1.200006711316));
#7114 = CARTESIAN_POINT('',(57.,1.200006711316));
#7115 = ( GEOMETRIC_REPRESENTATION_CONTEXT(2) 
PARAMETRIC_REPRESENTATION_CONTEXT() REPRESENTATION_CONTEXT('2D SPACE',''
  ) );
#7116 = ORIENTED_EDGE('',*,*,#6591,.T.);
#7117 = ORIENTED_EDGE('',*,*,#5214,.T.);
#7118 = ADVANCED_FACE('',(#7119),#5198,.F.);
#7119 = FACE_BOUND('',#7120,.F.);
#7120 = EDGE_LOOP('',(#7121,#7151,#7170,#7171,#7172));
#7121 = ORIENTED_EDGE('',*,*,#7122,.F.);
#7122 = EDGE_CURVE('',#7123,#7125,#7127,.T.);
#7123 = VERTEX_POINT('',#7124);
#7124 = CARTESIAN_POINT('',(-22.55,7.55,57.6));
#7125 = VERTEX_POINT('',#7126);
#7126 = CARTESIAN_POINT('',(-23.74999328872,7.554013355481,57.6));
#7127 = SURFACE_CURVE('',#7128,(#7132,#7139),.PCURVE_S1.);
#7128 = LINE('',#7129,#7130);
#7129 = CARTESIAN_POINT('',(-21.35000671127,7.545986644519,57.6));
#7130 = VECTOR('',#7131,1.);
#7131 = DIRECTION('',(-0.999994407268,3.344462900563E-03,0.));
#7132 = PCURVE('',#5198,#7133);
#7133 = DEFINITIONAL_REPRESENTATION('',(#7134),#7138);
#7134 = LINE('',#7135,#7136);
#7135 = CARTESIAN_POINT('',(0.,0.));
#7136 = VECTOR('',#7137,1.);
#7137 = DIRECTION('',(0.,1.));
#7138 = ( GEOMETRIC_REPRESENTATION_CONTEXT(2) 
PARAMETRIC_REPRESENTATION_CONTEXT() REPRESENTATION_CONTEXT('2D SPACE',''
  ) );
#7139 = PCURVE('',#7140,#7145);
#7140 = PLANE('',#7141);
#7141 = AXIS2_PLACEMENT_3D('',#7142,#7143,#7144);
#7142 = CARTESIAN_POINT('',(-21.35000671127,7.545986644519,57.6));
#7143 = DIRECTION('',(3.344462900563E-03,0.999994407268,0.));
#7144 = DIRECTION('',(0.,0.,1.));
#7145 = DEFINITIONAL_REPRESENTATION('',(#7146),#7150);
#7146 = LINE('',#7147,#7148);
#7147 = CARTESIAN_POINT('',(0.,0.));
#7148 = VECTOR('',#7149,1.);
#7149 = DIRECTION('',(0.,-1.));
#7150 = ( GEOMETRIC_REPRESENTATION_CONTEXT(2) 
PARAMETRIC_REPRESENTATION_CONTEXT() REPRESENTATION_CONTEXT('2D SPACE',''
  ) );
#7151 = ORIENTED_EDGE('',*,*,#7152,.T.);
#7152 = EDGE_CURVE('',#7123,#7076,#7153,.T.);
#7153 = SURFACE_CURVE('',#7154,(#7158,#7164),.PCURVE_S1.);
#7154 = LINE('',#7155,#7156);
#7155 = CARTESIAN_POINT('',(-21.95000335563,7.55,57.6));
#7156 = VECTOR('',#7157,1.);
#7157 = DIRECTION('',(1.,0.,0.));
#7158 = PCURVE('',#5198,#7159);
#7159 = DEFINITIONAL_REPRESENTATION('',(#7160),#7163);
#7160 = B_SPLINE_CURVE_WITH_KNOTS('',1,(#7161,#7162),.UNSPECIFIED.,.F.,
  .F.,(2,2),(-0.599996644361,0.600010066955),.PIECEWISE_BEZIER_KNOTS.);
#7161 = CARTESIAN_POINT('',(1.327063459122E-16,1.2));
#7162 = CARTESIAN_POINT('',(4.013377926422E-03,-1.221245327088E-15));
#7163 = ( GEOMETRIC_REPRESENTATION_CONTEXT(2) 
PARAMETRIC_REPRESENTATION_CONTEXT() REPRESENTATION_CONTEXT('2D SPACE',''
  ) );
#7164 = PCURVE('',#6265,#7165);
#7165 = DEFINITIONAL_REPRESENTATION('',(#7166),#7169);
#7166 = B_SPLINE_CURVE_WITH_KNOTS('',1,(#7167,#7168),.UNSPECIFIED.,.F.,
  .F.,(2,2),(-0.599996644361,0.600010066955),.PIECEWISE_BEZIER_KNOTS.);
#7167 = CARTESIAN_POINT('',(22.,0.));
#7168 = CARTESIAN_POINT('',(22.,1.200006711316));
#7169 = ( GEOMETRIC_REPRESENTATION_CONTEXT(2) 
PARAMETRIC_REPRESENTATION_CONTEXT() REPRESENTATION_CONTEXT('2D SPACE',''
  ) );
#7170 = ORIENTED_EDGE('',*,*,#7075,.T.);
#7171 = ORIENTED_EDGE('',*,*,#5181,.T.);
#7172 = ORIENTED_EDGE('',*,*,#7173,.F.);
#7173 = EDGE_CURVE('',#7125,#5156,#7174,.T.);
#7174 = SURFACE_CURVE('',#7175,(#7179,#7186),.PCURVE_S1.);
#7175 = LINE('',#7176,#7177);
#7176 = CARTESIAN_POINT('',(-23.74999328872,7.554013355481,57.6));
#7177 = VECTOR('',#7178,1.);
#7178 = DIRECTION('',(3.344462900563E-03,0.999994407268,0.));
#7179 = PCURVE('',#5198,#7180);
#7180 = DEFINITIONAL_REPRESENTATION('',(#7181),#7185);
#7181 = LINE('',#7182,#7183);
#7182 = CARTESIAN_POINT('',(2.654126918245E-16,2.4));
#7183 = VECTOR('',#7184,1.);
#7184 = DIRECTION('',(1.,0.));
#7185 = ( GEOMETRIC_REPRESENTATION_CONTEXT(2) 
PARAMETRIC_REPRESENTATION_CONTEXT() REPRESENTATION_CONTEXT('2D SPACE',''
  ) );
#7186 = PCURVE('',#5170,#7187);
#7187 = DEFINITIONAL_REPRESENTATION('',(#7188),#7192);
#7188 = LINE('',#7189,#7190);
#7189 = CARTESIAN_POINT('',(0.,0.));
#7190 = VECTOR('',#7191,1.);
#7191 = DIRECTION('',(0.,1.));
#7192 = ( GEOMETRIC_REPRESENTATION_CONTEXT(2) 
PARAMETRIC_REPRESENTATION_CONTEXT() REPRESENTATION_CONTEXT('2D SPACE',''
  ) );
#7193 = ADVANCED_FACE('',(#7194),#5170,.T.);
#7194 = FACE_BOUND('',#7195,.T.);
#7195 = EDGE_LOOP('',(#7196,#7197,#7220,#7241));
#7196 = ORIENTED_EDGE('',*,*,#7173,.F.);
#7197 = ORIENTED_EDGE('',*,*,#7198,.T.);
#7198 = EDGE_CURVE('',#7125,#7199,#7201,.T.);
#7199 = VERTEX_POINT('',#7200);
#7200 = CARTESIAN_POINT('',(-23.74999328872,7.554013355481,92.6));
#7201 = SURFACE_CURVE('',#7202,(#7206,#7213),.PCURVE_S1.);
#7202 = LINE('',#7203,#7204);
#7203 = CARTESIAN_POINT('',(-23.74999328872,7.554013355481,57.6));
#7204 = VECTOR('',#7205,1.);
#7205 = DIRECTION('',(0.,0.,1.));
#7206 = PCURVE('',#5170,#7207);
#7207 = DEFINITIONAL_REPRESENTATION('',(#7208),#7212);
#7208 = LINE('',#7209,#7210);
#7209 = CARTESIAN_POINT('',(0.,0.));
#7210 = VECTOR('',#7211,1.);
#7211 = DIRECTION('',(1.,0.));
#7212 = ( GEOMETRIC_REPRESENTATION_CONTEXT(2) 
PARAMETRIC_REPRESENTATION_CONTEXT() REPRESENTATION_CONTEXT('2D SPACE',''
  ) );
#7213 = PCURVE('',#7140,#7214);
#7214 = DEFINITIONAL_REPRESENTATION('',(#7215),#7219);
#7215 = LINE('',#7216,#7217);
#7216 = CARTESIAN_POINT('',(0.,-2.4));
#7217 = VECTOR('',#7218,1.);
#7218 = DIRECTION('',(1.,0.));
#7219 = ( GEOMETRIC_REPRESENTATION_CONTEXT(2) 
PARAMETRIC_REPRESENTATION_CONTEXT() REPRESENTATION_CONTEXT('2D SPACE',''
  ) );
#7220 = ORIENTED_EDGE('',*,*,#7221,.T.);
#7221 = EDGE_CURVE('',#7199,#5123,#7222,.T.);
#7222 = SURFACE_CURVE('',#7223,(#7227,#7234),.PCURVE_S1.);
#7223 = LINE('',#7224,#7225);
#7224 = CARTESIAN_POINT('',(-23.74999328872,7.554013355481,92.6));
#7225 = VECTOR('',#7226,1.);
#7226 = DIRECTION('',(3.344462900563E-03,0.999994407268,0.));
#7227 = PCURVE('',#5170,#7228);
#7228 = DEFINITIONAL_REPRESENTATION('',(#7229),#7233);
#7229 = LINE('',#7230,#7231);
#7230 = CARTESIAN_POINT('',(35.,0.));
#7231 = VECTOR('',#7232,1.);
#7232 = DIRECTION('',(0.,1.));
#7233 = ( GEOMETRIC_REPRESENTATION_CONTEXT(2) 
PARAMETRIC_REPRESENTATION_CONTEXT() REPRESENTATION_CONTEXT('2D SPACE',''
  ) );
#7234 = PCURVE('',#5139,#7235);
#7235 = DEFINITIONAL_REPRESENTATION('',(#7236),#7240);
#7236 = LINE('',#7237,#7238);
#7237 = CARTESIAN_POINT('',(-22.65236179252,10.392102973403));
#7238 = VECTOR('',#7239,1.);
#7239 = DIRECTION('',(0.125188195604,0.992133013099));
#7240 = ( GEOMETRIC_REPRESENTATION_CONTEXT(2) 
PARAMETRIC_REPRESENTATION_CONTEXT() REPRESENTATION_CONTEXT('2D SPACE',''
  ) );
#7241 = ORIENTED_EDGE('',*,*,#5155,.T.);
#7242 = ADVANCED_FACE('',(#7243),#5139,.F.);
#7243 = FACE_BOUND('',#7244,.F.);
#7244 = EDGE_LOOP('',(#7245,#7275,#7301,#7322,#7323,#7324,#7325,#7326,
    #7327,#7328,#7329,#7330));
#7245 = ORIENTED_EDGE('',*,*,#7246,.T.);
#7246 = EDGE_CURVE('',#7247,#7249,#7251,.T.);
#7247 = VERTEX_POINT('',#7248);
#7248 = CARTESIAN_POINT('',(-23.74996894691,-15.55863287012,92.6));
#7249 = VERTEX_POINT('',#7250);
#7250 = CARTESIAN_POINT('',(-22.55,-15.55,92.6));
#7251 = SURFACE_CURVE('',#7252,(#7256,#7263),.PCURVE_S1.);
#7252 = LINE('',#7253,#7254);
#7253 = CARTESIAN_POINT('',(-23.74996894691,-15.55863287012,92.6));
#7254 = VECTOR('',#7255,1.);
#7255 = DIRECTION('',(0.999974122427,7.194058434725E-03,0.));
#7256 = PCURVE('',#5139,#7257);
#7257 = DEFINITIONAL_REPRESENTATION('',(#7258),#7262);
#7258 = LINE('',#7259,#7260);
#7259 = CARTESIAN_POINT('',(-25.46906065202,-12.54826805858));
#7260 = VECTOR('',#7261,1.);
#7261 = DIRECTION('',(0.993397202133,-0.114725754708));
#7262 = ( GEOMETRIC_REPRESENTATION_CONTEXT(2) 
PARAMETRIC_REPRESENTATION_CONTEXT() REPRESENTATION_CONTEXT('2D SPACE',''
  ) );
#7263 = PCURVE('',#7264,#7269);
#7264 = PLANE('',#7265);
#7265 = AXIS2_PLACEMENT_3D('',#7266,#7267,#7268);
#7266 = CARTESIAN_POINT('',(-23.74996894691,-15.55863287012,57.6));
#7267 = DIRECTION('',(7.194058434725E-03,-0.999974122427,0.));
#7268 = DIRECTION('',(0.,0.,1.));
#7269 = DEFINITIONAL_REPRESENTATION('',(#7270),#7274);
#7270 = LINE('',#7271,#7272);
#7271 = CARTESIAN_POINT('',(35.,0.));
#7272 = VECTOR('',#7273,1.);
#7273 = DIRECTION('',(0.,-1.));
#7274 = ( GEOMETRIC_REPRESENTATION_CONTEXT(2) 
PARAMETRIC_REPRESENTATION_CONTEXT() REPRESENTATION_CONTEXT('2D SPACE',''
  ) );
#7275 = ORIENTED_EDGE('',*,*,#7276,.T.);
#7276 = EDGE_CURVE('',#7249,#7277,#7279,.T.);
#7277 = VERTEX_POINT('',#7278);
#7278 = CARTESIAN_POINT('',(-22.55,7.55,92.6));
#7279 = SURFACE_CURVE('',#7280,(#7284,#7290),.PCURVE_S1.);
#7280 = LINE('',#7281,#7282);
#7281 = CARTESIAN_POINT('',(-22.55,-7.775,92.6));
#7282 = VECTOR('',#7283,1.);
#7283 = DIRECTION('',(0.,1.,0.));
#7284 = PCURVE('',#5139,#7285);
#7285 = DEFINITIONAL_REPRESENTATION('',(#7286),#7289);
#7286 = B_SPLINE_CURVE_WITH_KNOTS('',1,(#7287,#7288),.UNSPECIFIED.,.F.,
  .F.,(2,2),(-7.775,15.325),.PIECEWISE_BEZIER_KNOTS.);
#7287 = CARTESIAN_POINT('',(-24.27698400946,-12.68593896423));
#7288 = CARTESIAN_POINT('',(-21.4618021768,10.241877138678));
#7289 = ( GEOMETRIC_REPRESENTATION_CONTEXT(2) 
PARAMETRIC_REPRESENTATION_CONTEXT() REPRESENTATION_CONTEXT('2D SPACE',''
  ) );
#7290 = PCURVE('',#7291,#7296);
#7291 = PLANE('',#7292);
#7292 = AXIS2_PLACEMENT_3D('',#7293,#7294,#7295);
#7293 = CARTESIAN_POINT('',(-22.55,-15.55,35.6));
#7294 = DIRECTION('',(1.,0.,0.));
#7295 = DIRECTION('',(0.,0.,1.));
#7296 = DEFINITIONAL_REPRESENTATION('',(#7297),#7300);
#7297 = B_SPLINE_CURVE_WITH_KNOTS('',1,(#7298,#7299),.UNSPECIFIED.,.F.,
  .F.,(2,2),(-7.775,15.325),.PIECEWISE_BEZIER_KNOTS.);
#7298 = CARTESIAN_POINT('',(57.,0.));
#7299 = CARTESIAN_POINT('',(57.,-23.1));
#7300 = ( GEOMETRIC_REPRESENTATION_CONTEXT(2) 
PARAMETRIC_REPRESENTATION_CONTEXT() REPRESENTATION_CONTEXT('2D SPACE',''
  ) );
#7301 = ORIENTED_EDGE('',*,*,#7302,.T.);
#7302 = EDGE_CURVE('',#7277,#7199,#7303,.T.);
#7303 = SURFACE_CURVE('',#7304,(#7308,#7315),.PCURVE_S1.);
#7304 = LINE('',#7305,#7306);
#7305 = CARTESIAN_POINT('',(-21.35000671127,7.545986644519,92.6));
#7306 = VECTOR('',#7307,1.);
#7307 = DIRECTION('',(-0.999994407268,3.344462900563E-03,0.));
#7308 = PCURVE('',#5139,#7309);
#7309 = DEFINITIONAL_REPRESENTATION('',(#7310),#7314);
#7310 = LINE('',#7311,#7312);
#7311 = CARTESIAN_POINT('',(-20.27124256108,10.091651303953));
#7312 = VECTOR('',#7313,1.);
#7313 = DIRECTION('',(-0.992133013099,0.125188195604));
#7314 = ( GEOMETRIC_REPRESENTATION_CONTEXT(2) 
PARAMETRIC_REPRESENTATION_CONTEXT() REPRESENTATION_CONTEXT('2D SPACE',''
  ) );
#7315 = PCURVE('',#7140,#7316);
#7316 = DEFINITIONAL_REPRESENTATION('',(#7317),#7321);
#7317 = LINE('',#7318,#7319);
#7318 = CARTESIAN_POINT('',(35.,0.));
#7319 = VECTOR('',#7320,1.);
#7320 = DIRECTION('',(0.,-1.));
#7321 = ( GEOMETRIC_REPRESENTATION_CONTEXT(2) 
PARAMETRIC_REPRESENTATION_CONTEXT() REPRESENTATION_CONTEXT('2D SPACE',''
  ) );
#7322 = ORIENTED_EDGE('',*,*,#7221,.T.);
#7323 = ORIENTED_EDGE('',*,*,#5122,.T.);
#7324 = ORIENTED_EDGE('',*,*,#5270,.T.);
#7325 = ORIENTED_EDGE('',*,*,#5338,.T.);
#7326 = ORIENTED_EDGE('',*,*,#5364,.F.);
#7327 = ORIENTED_EDGE('',*,*,#5436,.T.);
#7328 = ORIENTED_EDGE('',*,*,#5460,.T.);
#7329 = ORIENTED_EDGE('',*,*,#5668,.T.);
#7330 = ORIENTED_EDGE('',*,*,#7331,.F.);
#7331 = EDGE_CURVE('',#7247,#5643,#7332,.T.);
#7332 = SURFACE_CURVE('',#7333,(#7337,#7344),.PCURVE_S1.);
#7333 = LINE('',#7334,#7335);
#7334 = CARTESIAN_POINT('',(-23.74996894691,-15.55863287012,92.6));
#7335 = VECTOR('',#7336,1.);
#7336 = DIRECTION('',(7.194058434725E-03,-0.999974122427,0.));
#7337 = PCURVE('',#5139,#7338);
#7338 = DEFINITIONAL_REPRESENTATION('',(#7339),#7343);
#7339 = LINE('',#7340,#7341);
#7340 = CARTESIAN_POINT('',(-25.46906065202,-12.54826805858));
#7341 = VECTOR('',#7342,1.);
#7342 = DIRECTION('',(-0.114725754708,-0.993397202133));
#7343 = ( GEOMETRIC_REPRESENTATION_CONTEXT(2) 
PARAMETRIC_REPRESENTATION_CONTEXT() REPRESENTATION_CONTEXT('2D SPACE',''
  ) );
#7344 = PCURVE('',#5657,#7345);
#7345 = DEFINITIONAL_REPRESENTATION('',(#7346),#7350);
#7346 = LINE('',#7347,#7348);
#7347 = CARTESIAN_POINT('',(35.,0.));
#7348 = VECTOR('',#7349,1.);
#7349 = DIRECTION('',(0.,1.));
#7350 = ( GEOMETRIC_REPRESENTATION_CONTEXT(2) 
PARAMETRIC_REPRESENTATION_CONTEXT() REPRESENTATION_CONTEXT('2D SPACE',''
  ) );
#7351 = ADVANCED_FACE('',(#7352),#5657,.F.);
#7352 = FACE_BOUND('',#7353,.F.);
#7353 = EDGE_LOOP('',(#7354,#7377,#7398,#7399));
#7354 = ORIENTED_EDGE('',*,*,#7355,.F.);
#7355 = EDGE_CURVE('',#7356,#5610,#7358,.T.);
#7356 = VERTEX_POINT('',#7357);
#7357 = CARTESIAN_POINT('',(-23.74996894691,-15.55863287012,57.6));
#7358 = SURFACE_CURVE('',#7359,(#7363,#7370),.PCURVE_S1.);
#7359 = LINE('',#7360,#7361);
#7360 = CARTESIAN_POINT('',(-23.74996894691,-15.55863287012,57.6));
#7361 = VECTOR('',#7362,1.);
#7362 = DIRECTION('',(7.194058434725E-03,-0.999974122427,0.));
#7363 = PCURVE('',#5657,#7364);
#7364 = DEFINITIONAL_REPRESENTATION('',(#7365),#7369);
#7365 = LINE('',#7366,#7367);
#7366 = CARTESIAN_POINT('',(0.,0.));
#7367 = VECTOR('',#7368,1.);
#7368 = DIRECTION('',(0.,1.));
#7369 = ( GEOMETRIC_REPRESENTATION_CONTEXT(2) 
PARAMETRIC_REPRESENTATION_CONTEXT() REPRESENTATION_CONTEXT('2D SPACE',''
  ) );
#7370 = PCURVE('',#5626,#7371);
#7371 = DEFINITIONAL_REPRESENTATION('',(#7372),#7376);
#7372 = LINE('',#7373,#7374);
#7373 = CARTESIAN_POINT('',(0.,0.));
#7374 = VECTOR('',#7375,1.);
#7375 = DIRECTION('',(1.,0.));
#7376 = ( GEOMETRIC_REPRESENTATION_CONTEXT(2) 
PARAMETRIC_REPRESENTATION_CONTEXT() REPRESENTATION_CONTEXT('2D SPACE',''
  ) );
#7377 = ORIENTED_EDGE('',*,*,#7378,.T.);
#7378 = EDGE_CURVE('',#7356,#7247,#7379,.T.);
#7379 = SURFACE_CURVE('',#7380,(#7384,#7391),.PCURVE_S1.);
#7380 = LINE('',#7381,#7382);
#7381 = CARTESIAN_POINT('',(-23.74996894691,-15.55863287012,57.6));
#7382 = VECTOR('',#7383,1.);
#7383 = DIRECTION('',(0.,0.,1.));
#7384 = PCURVE('',#5657,#7385);
#7385 = DEFINITIONAL_REPRESENTATION('',(#7386),#7390);
#7386 = LINE('',#7387,#7388);
#7387 = CARTESIAN_POINT('',(0.,0.));
#7388 = VECTOR('',#7389,1.);
#7389 = DIRECTION('',(1.,0.));
#7390 = ( GEOMETRIC_REPRESENTATION_CONTEXT(2) 
PARAMETRIC_REPRESENTATION_CONTEXT() REPRESENTATION_CONTEXT('2D SPACE',''
  ) );
#7391 = PCURVE('',#7264,#7392);
#7392 = DEFINITIONAL_REPRESENTATION('',(#7393),#7397);
#7393 = LINE('',#7394,#7395);
#7394 = CARTESIAN_POINT('',(0.,0.));
#7395 = VECTOR('',#7396,1.);
#7396 = DIRECTION('',(1.,0.));
#7397 = ( GEOMETRIC_REPRESENTATION_CONTEXT(2) 
PARAMETRIC_REPRESENTATION_CONTEXT() REPRESENTATION_CONTEXT('2D SPACE',''
  ) );
#7398 = ORIENTED_EDGE('',*,*,#7331,.T.);
#7399 = ORIENTED_EDGE('',*,*,#5642,.T.);
#7400 = ADVANCED_FACE('',(#7401),#5626,.F.);
#7401 = FACE_BOUND('',#7402,.F.);
#7402 = EDGE_LOOP('',(#7403,#7426,#7427,#7428,#7451));
#7403 = ORIENTED_EDGE('',*,*,#7404,.F.);
#7404 = EDGE_CURVE('',#7356,#7405,#7407,.T.);
#7405 = VERTEX_POINT('',#7406);
#7406 = CARTESIAN_POINT('',(-22.55,-15.55,57.6));
#7407 = SURFACE_CURVE('',#7408,(#7412,#7419),.PCURVE_S1.);
#7408 = LINE('',#7409,#7410);
#7409 = CARTESIAN_POINT('',(-23.74996894691,-15.55863287012,57.6));
#7410 = VECTOR('',#7411,1.);
#7411 = DIRECTION('',(0.999974122427,7.194058434725E-03,0.));
#7412 = PCURVE('',#5626,#7413);
#7413 = DEFINITIONAL_REPRESENTATION('',(#7414),#7418);
#7414 = LINE('',#7415,#7416);
#7415 = CARTESIAN_POINT('',(0.,0.));
#7416 = VECTOR('',#7417,1.);
#7417 = DIRECTION('',(0.,1.));
#7418 = ( GEOMETRIC_REPRESENTATION_CONTEXT(2) 
PARAMETRIC_REPRESENTATION_CONTEXT() REPRESENTATION_CONTEXT('2D SPACE',''
  ) );
#7419 = PCURVE('',#7264,#7420);
#7420 = DEFINITIONAL_REPRESENTATION('',(#7421),#7425);
#7421 = LINE('',#7422,#7423);
#7422 = CARTESIAN_POINT('',(0.,0.));
#7423 = VECTOR('',#7424,1.);
#7424 = DIRECTION('',(0.,-1.));
#7425 = ( GEOMETRIC_REPRESENTATION_CONTEXT(2) 
PARAMETRIC_REPRESENTATION_CONTEXT() REPRESENTATION_CONTEXT('2D SPACE',''
  ) );
#7426 = ORIENTED_EDGE('',*,*,#7355,.T.);
#7427 = ORIENTED_EDGE('',*,*,#5609,.T.);
#7428 = ORIENTED_EDGE('',*,*,#7429,.F.);
#7429 = EDGE_CURVE('',#7430,#5584,#7432,.T.);
#7430 = VERTEX_POINT('',#7431);
#7431 = CARTESIAN_POINT('',(-21.3499689461,-15.55,57.6));
#7432 = SURFACE_CURVE('',#7433,(#7437,#7444),.PCURVE_S1.);
#7433 = LINE('',#7434,#7435);
#7434 = CARTESIAN_POINT('',(-21.35003105308,-15.54136712987,57.6));
#7435 = VECTOR('',#7436,1.);
#7436 = DIRECTION('',(7.194058434725E-03,-0.999974122427,0.));
#7437 = PCURVE('',#5626,#7438);
#7438 = DEFINITIONAL_REPRESENTATION('',(#7439),#7443);
#7439 = LINE('',#7440,#7441);
#7440 = CARTESIAN_POINT('',(1.786765180256E-15,2.4));
#7441 = VECTOR('',#7442,1.);
#7442 = DIRECTION('',(1.,0.));
#7443 = ( GEOMETRIC_REPRESENTATION_CONTEXT(2) 
PARAMETRIC_REPRESENTATION_CONTEXT() REPRESENTATION_CONTEXT('2D SPACE',''
  ) );
#7444 = PCURVE('',#5598,#7445);
#7445 = DEFINITIONAL_REPRESENTATION('',(#7446),#7450);
#7446 = LINE('',#7447,#7448);
#7447 = CARTESIAN_POINT('',(0.,0.));
#7448 = VECTOR('',#7449,1.);
#7449 = DIRECTION('',(0.,1.));
#7450 = ( GEOMETRIC_REPRESENTATION_CONTEXT(2) 
PARAMETRIC_REPRESENTATION_CONTEXT() REPRESENTATION_CONTEXT('2D SPACE',''
  ) );
#7451 = ORIENTED_EDGE('',*,*,#7452,.F.);
#7452 = EDGE_CURVE('',#7405,#7430,#7453,.T.);
#7453 = SURFACE_CURVE('',#7454,(#7458,#7464),.PCURVE_S1.);
#7454 = LINE('',#7455,#7456);
#7455 = CARTESIAN_POINT('',(-23.14998447345,-15.55,57.6));
#7456 = VECTOR('',#7457,1.);
#7457 = DIRECTION('',(1.,0.,0.));
#7458 = PCURVE('',#5626,#7459);
#7459 = DEFINITIONAL_REPRESENTATION('',(#7460),#7463);
#7460 = B_SPLINE_CURVE_WITH_KNOTS('',1,(#7461,#7462),.UNSPECIFIED.,.F.,
  .F.,(2,2),(0.599984473456,1.800015527348),.PIECEWISE_BEZIER_KNOTS.);
#7461 = CARTESIAN_POINT('',(8.933825901281E-16,1.2));
#7462 = CARTESIAN_POINT('',(8.633093525181E-03,2.4));
#7463 = ( GEOMETRIC_REPRESENTATION_CONTEXT(2) 
PARAMETRIC_REPRESENTATION_CONTEXT() REPRESENTATION_CONTEXT('2D SPACE',''
  ) );
#7464 = PCURVE('',#6146,#7465);
#7465 = DEFINITIONAL_REPRESENTATION('',(#7466),#7469);
#7466 = B_SPLINE_CURVE_WITH_KNOTS('',1,(#7467,#7468),.UNSPECIFIED.,.F.,
  .F.,(2,2),(0.599984473456,1.800015527348),.PIECEWISE_BEZIER_KNOTS.);
#7467 = CARTESIAN_POINT('',(22.,0.));
#7468 = CARTESIAN_POINT('',(22.,1.200031053891));
#7469 = ( GEOMETRIC_REPRESENTATION_CONTEXT(2) 
PARAMETRIC_REPRESENTATION_CONTEXT() REPRESENTATION_CONTEXT('2D SPACE',''
  ) );
#7470 = ADVANCED_FACE('',(#7471),#5598,.T.);
#7471 = FACE_BOUND('',#7472,.T.);
#7472 = EDGE_LOOP('',(#7473,#7474,#7493,#7494));
#7473 = ORIENTED_EDGE('',*,*,#7429,.F.);
#7474 = ORIENTED_EDGE('',*,*,#7475,.F.);
#7475 = EDGE_CURVE('',#6132,#7430,#7476,.T.);
#7476 = SURFACE_CURVE('',#7477,(#7481,#7487),.PCURVE_S1.);
#7477 = LINE('',#7478,#7479);
#7478 = CARTESIAN_POINT('',(-21.3499689461,-15.55,46.6));
#7479 = VECTOR('',#7480,1.);
#7480 = DIRECTION('',(0.,0.,-1.));
#7481 = PCURVE('',#5598,#7482);
#7482 = DEFINITIONAL_REPRESENTATION('',(#7483),#7486);
#7483 = B_SPLINE_CURVE_WITH_KNOTS('',1,(#7484,#7485),.UNSPECIFIED.,.F.,
  .F.,(2,2),(-46.,-11.),.PIECEWISE_BEZIER_KNOTS.);
#7484 = CARTESIAN_POINT('',(35.,8.633093525179E-03));
#7485 = CARTESIAN_POINT('',(0.,8.633093525179E-03));
#7486 = ( GEOMETRIC_REPRESENTATION_CONTEXT(2) 
PARAMETRIC_REPRESENTATION_CONTEXT() REPRESENTATION_CONTEXT('2D SPACE',''
  ) );
#7487 = PCURVE('',#6146,#7488);
#7488 = DEFINITIONAL_REPRESENTATION('',(#7489),#7492);
#7489 = B_SPLINE_CURVE_WITH_KNOTS('',1,(#7490,#7491),.UNSPECIFIED.,.F.,
  .F.,(2,2),(-46.,-11.),.PIECEWISE_BEZIER_KNOTS.);
#7490 = CARTESIAN_POINT('',(57.,1.200031053891));
#7491 = CARTESIAN_POINT('',(22.,1.200031053891));
#7492 = ( GEOMETRIC_REPRESENTATION_CONTEXT(2) 
PARAMETRIC_REPRESENTATION_CONTEXT() REPRESENTATION_CONTEXT('2D SPACE',''
  ) );
#7493 = ORIENTED_EDGE('',*,*,#6157,.T.);
#7494 = ORIENTED_EDGE('',*,*,#5583,.T.);
#7495 = ADVANCED_FACE('',(#7496),#5940,.F.);
#7496 = FACE_BOUND('',#7497,.T.);
#7497 = EDGE_LOOP('',(#7498,#7527,#7548,#7549));
#7498 = ORIENTED_EDGE('',*,*,#7499,.F.);
#7499 = EDGE_CURVE('',#7500,#7500,#7502,.T.);
#7500 = VERTEX_POINT('',#7501);
#7501 = CARTESIAN_POINT('',(-1.4,30.,91.6));
#7502 = SURFACE_CURVE('',#7503,(#7508,#7515),.PCURVE_S1.);
#7503 = CIRCLE('',#7504,1.4);
#7504 = AXIS2_PLACEMENT_3D('',#7505,#7506,#7507);
#7505 = CARTESIAN_POINT('',(3.330669073875E-15,30.,91.6));
#7506 = DIRECTION('',(1.110223024625E-16,1.,-0.));
#7507 = DIRECTION('',(-1.,1.110223024625E-16,0.));
#7508 = PCURVE('',#5940,#7509);
#7509 = DEFINITIONAL_REPRESENTATION('',(#7510),#7514);
#7510 = LINE('',#7511,#7512);
#7511 = CARTESIAN_POINT('',(-0.,0.));
#7512 = VECTOR('',#7513,1.);
#7513 = DIRECTION('',(-1.,0.));
#7514 = ( GEOMETRIC_REPRESENTATION_CONTEXT(2) 
PARAMETRIC_REPRESENTATION_CONTEXT() REPRESENTATION_CONTEXT('2D SPACE',''
  ) );
#7515 = PCURVE('',#7516,#7521);
#7516 = PLANE('',#7517);
#7517 = AXIS2_PLACEMENT_3D('',#7518,#7519,#7520);
#7518 = CARTESIAN_POINT('',(3.422238725608E-15,30.,91.6));
#7519 = DIRECTION('',(1.110223024625E-16,1.,0.));
#7520 = DIRECTION('',(0.,0.,1.));
#7521 = DEFINITIONAL_REPRESENTATION('',(#7522),#7526);
#7522 = CIRCLE('',#7523,1.4);
#7523 = AXIS2_PLACEMENT_2D('',#7524,#7525);
#7524 = CARTESIAN_POINT('',(0.,-9.156965173255E-17));
#7525 = DIRECTION('',(0.,-1.));
#7526 = ( GEOMETRIC_REPRESENTATION_CONTEXT(2) 
PARAMETRIC_REPRESENTATION_CONTEXT() REPRESENTATION_CONTEXT('2D SPACE',''
  ) );
#7527 = ORIENTED_EDGE('',*,*,#7528,.T.);
#7528 = EDGE_CURVE('',#7500,#5920,#7529,.T.);
#7529 = SEAM_CURVE('',#7530,(#7534,#7541),.PCURVE_S1.);
#7530 = LINE('',#7531,#7532);
#7531 = CARTESIAN_POINT('',(-1.4,30.,91.6));
#7532 = VECTOR('',#7533,1.);
#7533 = DIRECTION('',(1.110223024625E-16,1.,0.));
#7534 = PCURVE('',#5940,#7535);
#7535 = DEFINITIONAL_REPRESENTATION('',(#7536),#7540);
#7536 = LINE('',#7537,#7538);
#7537 = CARTESIAN_POINT('',(-6.28318530718,0.));
#7538 = VECTOR('',#7539,1.);
#7539 = DIRECTION('',(-0.,-1.));
#7540 = ( GEOMETRIC_REPRESENTATION_CONTEXT(2) 
PARAMETRIC_REPRESENTATION_CONTEXT() REPRESENTATION_CONTEXT('2D SPACE',''
  ) );
#7541 = PCURVE('',#5940,#7542);
#7542 = DEFINITIONAL_REPRESENTATION('',(#7543),#7547);
#7543 = LINE('',#7544,#7545);
#7544 = CARTESIAN_POINT('',(-0.,0.));
#7545 = VECTOR('',#7546,1.);
#7546 = DIRECTION('',(-0.,-1.));
#7547 = ( GEOMETRIC_REPRESENTATION_CONTEXT(2) 
PARAMETRIC_REPRESENTATION_CONTEXT() REPRESENTATION_CONTEXT('2D SPACE',''
  ) );
#7548 = ORIENTED_EDGE('',*,*,#5919,.F.);
#7549 = ORIENTED_EDGE('',*,*,#7528,.F.);
#7550 = ADVANCED_FACE('',(#7551),#5979,.F.);
#7551 = FACE_BOUND('',#7552,.T.);
#7552 = EDGE_LOOP('',(#7553,#7582,#7603,#7604));
#7553 = ORIENTED_EDGE('',*,*,#7554,.F.);
#7554 = EDGE_CURVE('',#7555,#7555,#7557,.T.);
#7555 = VERTEX_POINT('',#7556);
#7556 = CARTESIAN_POINT('',(-30.,-1.4,91.6));
#7557 = SURFACE_CURVE('',#7558,(#7563,#7570),.PCURVE_S1.);
#7558 = CIRCLE('',#7559,1.4);
#7559 = AXIS2_PLACEMENT_3D('',#7560,#7561,#7562);
#7560 = CARTESIAN_POINT('',(-30.,3.673940397442E-15,91.6));
#7561 = DIRECTION('',(-1.,1.224646799147E-16,0.));
#7562 = DIRECTION('',(-1.224646799147E-16,-1.,0.));
#7563 = PCURVE('',#5979,#7564);
#7564 = DEFINITIONAL_REPRESENTATION('',(#7565),#7569);
#7565 = LINE('',#7566,#7567);
#7566 = CARTESIAN_POINT('',(-0.,0.));
#7567 = VECTOR('',#7568,1.);
#7568 = DIRECTION('',(-1.,0.));
#7569 = ( GEOMETRIC_REPRESENTATION_CONTEXT(2) 
PARAMETRIC_REPRESENTATION_CONTEXT() REPRESENTATION_CONTEXT('2D SPACE',''
  ) );
#7570 = PCURVE('',#7571,#7576);
#7571 = PLANE('',#7572);
#7572 = AXIS2_PLACEMENT_3D('',#7573,#7574,#7575);
#7573 = CARTESIAN_POINT('',(-30.,3.765510049175E-15,91.6));
#7574 = DIRECTION('',(-1.,1.224646799147E-16,0.));
#7575 = DIRECTION('',(0.,0.,1.));
#7576 = DEFINITIONAL_REPRESENTATION('',(#7577),#7581);
#7577 = CIRCLE('',#7578,1.4);
#7578 = AXIS2_PLACEMENT_2D('',#7579,#7580);
#7579 = CARTESIAN_POINT('',(0.,-9.156965173255E-17));
#7580 = DIRECTION('',(0.,-1.));
#7581 = ( GEOMETRIC_REPRESENTATION_CONTEXT(2) 
PARAMETRIC_REPRESENTATION_CONTEXT() REPRESENTATION_CONTEXT('2D SPACE',''
  ) );
#7582 = ORIENTED_EDGE('',*,*,#7583,.T.);
#7583 = EDGE_CURVE('',#7555,#5959,#7584,.T.);
#7584 = SEAM_CURVE('',#7585,(#7589,#7596),.PCURVE_S1.);
#7585 = LINE('',#7586,#7587);
#7586 = CARTESIAN_POINT('',(-30.,-1.4,91.6));
#7587 = VECTOR('',#7588,1.);
#7588 = DIRECTION('',(-1.,1.224646799147E-16,0.));
#7589 = PCURVE('',#5979,#7590);
#7590 = DEFINITIONAL_REPRESENTATION('',(#7591),#7595);
#7591 = LINE('',#7592,#7593);
#7592 = CARTESIAN_POINT('',(-6.28318530718,0.));
#7593 = VECTOR('',#7594,1.);
#7594 = DIRECTION('',(-0.,-1.));
#7595 = ( GEOMETRIC_REPRESENTATION_CONTEXT(2) 
PARAMETRIC_REPRESENTATION_CONTEXT() REPRESENTATION_CONTEXT('2D SPACE',''
  ) );
#7596 = PCURVE('',#5979,#7597);
#7597 = DEFINITIONAL_REPRESENTATION('',(#7598),#7602);
#7598 = LINE('',#7599,#7600);
#7599 = CARTESIAN_POINT('',(-0.,0.));
#7600 = VECTOR('',#7601,1.);
#7601 = DIRECTION('',(-0.,-1.));
#7602 = ( GEOMETRIC_REPRESENTATION_CONTEXT(2) 
PARAMETRIC_REPRESENTATION_CONTEXT() REPRESENTATION_CONTEXT('2D SPACE',''
  ) );
#7603 = ORIENTED_EDGE('',*,*,#5958,.F.);
#7604 = ORIENTED_EDGE('',*,*,#7583,.F.);
#7605 = ADVANCED_FACE('',(#7606),#6018,.F.);
#7606 = FACE_BOUND('',#7607,.T.);
#7607 = EDGE_LOOP('',(#7608,#7637,#7658,#7659));
#7608 = ORIENTED_EDGE('',*,*,#7609,.F.);
#7609 = EDGE_CURVE('',#7610,#7610,#7612,.T.);
#7610 = VERTEX_POINT('',#7611);
#7611 = CARTESIAN_POINT('',(1.4,-30.,91.6));
#7612 = SURFACE_CURVE('',#7613,(#7618,#7625),.PCURVE_S1.);
#7613 = CIRCLE('',#7614,1.4);
#7614 = AXIS2_PLACEMENT_3D('',#7615,#7616,#7617);
#7615 = CARTESIAN_POINT('',(-6.661338147751E-15,-30.,91.6));
#7616 = DIRECTION('',(-2.22044604925E-16,-1.,0.));
#7617 = DIRECTION('',(1.,-2.22044604925E-16,0.));
#7618 = PCURVE('',#6018,#7619);
#7619 = DEFINITIONAL_REPRESENTATION('',(#7620),#7624);
#7620 = LINE('',#7621,#7622);
#7621 = CARTESIAN_POINT('',(-0.,0.));
#7622 = VECTOR('',#7623,1.);
#7623 = DIRECTION('',(-1.,0.));
#7624 = ( GEOMETRIC_REPRESENTATION_CONTEXT(2) 
PARAMETRIC_REPRESENTATION_CONTEXT() REPRESENTATION_CONTEXT('2D SPACE',''
  ) );
#7625 = PCURVE('',#7626,#7631);
#7626 = PLANE('',#7627);
#7627 = AXIS2_PLACEMENT_3D('',#7628,#7629,#7630);
#7628 = CARTESIAN_POINT('',(-6.752907799483E-15,-30.,91.6));
#7629 = DIRECTION('',(-2.22044604925E-16,-1.,0.));
#7630 = DIRECTION('',(0.,0.,1.));
#7631 = DEFINITIONAL_REPRESENTATION('',(#7632),#7636);
#7632 = CIRCLE('',#7633,1.4);
#7633 = AXIS2_PLACEMENT_2D('',#7634,#7635);
#7634 = CARTESIAN_POINT('',(0.,-9.156965173255E-17));
#7635 = DIRECTION('',(0.,-1.));
#7636 = ( GEOMETRIC_REPRESENTATION_CONTEXT(2) 
PARAMETRIC_REPRESENTATION_CONTEXT() REPRESENTATION_CONTEXT('2D SPACE',''
  ) );
#7637 = ORIENTED_EDGE('',*,*,#7638,.T.);
#7638 = EDGE_CURVE('',#7610,#5998,#7639,.T.);
#7639 = SEAM_CURVE('',#7640,(#7644,#7651),.PCURVE_S1.);
#7640 = LINE('',#7641,#7642);
#7641 = CARTESIAN_POINT('',(1.4,-30.,91.6));
#7642 = VECTOR('',#7643,1.);
#7643 = DIRECTION('',(-2.22044604925E-16,-1.,0.));
#7644 = PCURVE('',#6018,#7645);
#7645 = DEFINITIONAL_REPRESENTATION('',(#7646),#7650);
#7646 = LINE('',#7647,#7648);
#7647 = CARTESIAN_POINT('',(-6.28318530718,0.));
#7648 = VECTOR('',#7649,1.);
#7649 = DIRECTION('',(-0.,-1.));
#7650 = ( GEOMETRIC_REPRESENTATION_CONTEXT(2) 
PARAMETRIC_REPRESENTATION_CONTEXT() REPRESENTATION_CONTEXT('2D SPACE',''
  ) );
#7651 = PCURVE('',#6018,#7652);
#7652 = DEFINITIONAL_REPRESENTATION('',(#7653),#7657);
#7653 = LINE('',#7654,#7655);
#7654 = CARTESIAN_POINT('',(-0.,0.));
#7655 = VECTOR('',#7656,1.);
#7656 = DIRECTION('',(-0.,-1.));
#7657 = ( GEOMETRIC_REPRESENTATION_CONTEXT(2) 
PARAMETRIC_REPRESENTATION_CONTEXT() REPRESENTATION_CONTEXT('2D SPACE',''
  ) );
#7658 = ORIENTED_EDGE('',*,*,#5997,.F.);
#7659 = ORIENTED_EDGE('',*,*,#7638,.F.);
#7660 = ADVANCED_FACE('',(#7661),#6057,.F.);
#7661 = FACE_BOUND('',#7662,.T.);
#7662 = EDGE_LOOP('',(#7663,#7692,#7713,#7714));
#7663 = ORIENTED_EDGE('',*,*,#7664,.F.);
#7664 = EDGE_CURVE('',#7665,#7665,#7667,.T.);
#7665 = VERTEX_POINT('',#7666);
#7666 = CARTESIAN_POINT('',(30.,1.4,91.6));
#7667 = SURFACE_CURVE('',#7668,(#7673,#7680),.PCURVE_S1.);
#7668 = CIRCLE('',#7669,1.4);
#7669 = AXIS2_PLACEMENT_3D('',#7670,#7671,#7672);
#7670 = CARTESIAN_POINT('',(30.,0.,91.6));
#7671 = DIRECTION('',(1.,0.,0.));
#7672 = DIRECTION('',(0.,1.,0.));
#7673 = PCURVE('',#6057,#7674);
#7674 = DEFINITIONAL_REPRESENTATION('',(#7675),#7679);
#7675 = LINE('',#7676,#7677);
#7676 = CARTESIAN_POINT('',(-0.,0.));
#7677 = VECTOR('',#7678,1.);
#7678 = DIRECTION('',(-1.,0.));
#7679 = ( GEOMETRIC_REPRESENTATION_CONTEXT(2) 
PARAMETRIC_REPRESENTATION_CONTEXT() REPRESENTATION_CONTEXT('2D SPACE',''
  ) );
#7680 = PCURVE('',#7681,#7686);
#7681 = PLANE('',#7682);
#7682 = AXIS2_PLACEMENT_3D('',#7683,#7684,#7685);
#7683 = CARTESIAN_POINT('',(30.,-9.156965173255E-17,91.6));
#7684 = DIRECTION('',(1.,0.,0.));
#7685 = DIRECTION('',(0.,0.,1.));
#7686 = DEFINITIONAL_REPRESENTATION('',(#7687),#7691);
#7687 = CIRCLE('',#7688,1.4);
#7688 = AXIS2_PLACEMENT_2D('',#7689,#7690);
#7689 = CARTESIAN_POINT('',(0.,-9.156965173255E-17));
#7690 = DIRECTION('',(0.,-1.));
#7691 = ( GEOMETRIC_REPRESENTATION_CONTEXT(2) 
PARAMETRIC_REPRESENTATION_CONTEXT() REPRESENTATION_CONTEXT('2D SPACE',''
  ) );
#7692 = ORIENTED_EDGE('',*,*,#7693,.T.);
#7693 = EDGE_CURVE('',#7665,#6037,#7694,.T.);
#7694 = SEAM_CURVE('',#7695,(#7699,#7706),.PCURVE_S1.);
#7695 = LINE('',#7696,#7697);
#7696 = CARTESIAN_POINT('',(30.,1.4,91.6));
#7697 = VECTOR('',#7698,1.);
#7698 = DIRECTION('',(1.,0.,0.));
#7699 = PCURVE('',#6057,#7700);
#7700 = DEFINITIONAL_REPRESENTATION('',(#7701),#7705);
#7701 = LINE('',#7702,#7703);
#7702 = CARTESIAN_POINT('',(-6.28318530718,0.));
#7703 = VECTOR('',#7704,1.);
#7704 = DIRECTION('',(-0.,-1.));
#7705 = ( GEOMETRIC_REPRESENTATION_CONTEXT(2) 
PARAMETRIC_REPRESENTATION_CONTEXT() REPRESENTATION_CONTEXT('2D SPACE',''
  ) );
#7706 = PCURVE('',#6057,#7707);
#7707 = DEFINITIONAL_REPRESENTATION('',(#7708),#7712);
#7708 = LINE('',#7709,#7710);
#7709 = CARTESIAN_POINT('',(-0.,0.));
#7710 = VECTOR('',#7711,1.);
#7711 = DIRECTION('',(-0.,-1.));
#7712 = ( GEOMETRIC_REPRESENTATION_CONTEXT(2) 
PARAMETRIC_REPRESENTATION_CONTEXT() REPRESENTATION_CONTEXT('2D SPACE',''
  ) );
#7713 = ORIENTED_EDGE('',*,*,#6036,.F.);
#7714 = ORIENTED_EDGE('',*,*,#7693,.F.);
#7715 = ADVANCED_FACE('',(#7716),#6119,.F.);
#7716 = FACE_BOUND('',#7717,.F.);
#7717 = EDGE_LOOP('',(#7718,#7719,#7720,#7721));
#7718 = ORIENTED_EDGE('',*,*,#6103,.F.);
#7719 = ORIENTED_EDGE('',*,*,#6670,.F.);
#7720 = ORIENTED_EDGE('',*,*,#6696,.T.);
#7721 = ORIENTED_EDGE('',*,*,#7722,.T.);
#7722 = EDGE_CURVE('',#6697,#6104,#7723,.T.);
#7723 = SURFACE_CURVE('',#7724,(#7728,#7735),.PCURVE_S1.);
#7724 = LINE('',#7725,#7726);
#7725 = CARTESIAN_POINT('',(17.55,-15.55,35.6));
#7726 = VECTOR('',#7727,1.);
#7727 = DIRECTION('',(0.,0.,1.));
#7728 = PCURVE('',#6119,#7729);
#7729 = DEFINITIONAL_REPRESENTATION('',(#7730),#7734);
#7730 = LINE('',#7731,#7732);
#7731 = CARTESIAN_POINT('',(-22.,-1.2));
#7732 = VECTOR('',#7733,1.);
#7733 = DIRECTION('',(1.,0.));
#7734 = ( GEOMETRIC_REPRESENTATION_CONTEXT(2) 
PARAMETRIC_REPRESENTATION_CONTEXT() REPRESENTATION_CONTEXT('2D SPACE',''
  ) );
#7735 = PCURVE('',#6146,#7736);
#7736 = DEFINITIONAL_REPRESENTATION('',(#7737),#7741);
#7737 = LINE('',#7738,#7739);
#7738 = CARTESIAN_POINT('',(0.,40.1));
#7739 = VECTOR('',#7740,1.);
#7740 = DIRECTION('',(1.,0.));
#7741 = ( GEOMETRIC_REPRESENTATION_CONTEXT(2) 
PARAMETRIC_REPRESENTATION_CONTEXT() REPRESENTATION_CONTEXT('2D SPACE',''
  ) );
#7742 = ADVANCED_FACE('',(#7743),#6146,.F.);
#7743 = FACE_BOUND('',#7744,.F.);
#7744 = EDGE_LOOP('',(#7745,#7768,#7796,#7817,#7818,#7819,#7820));
#7745 = ORIENTED_EDGE('',*,*,#7746,.F.);
#7746 = EDGE_CURVE('',#7747,#6697,#7749,.T.);
#7747 = VERTEX_POINT('',#7748);
#7748 = CARTESIAN_POINT('',(17.55,-15.55,35.6));
#7749 = SURFACE_CURVE('',#7750,(#7754,#7761),.PCURVE_S1.);
#7750 = LINE('',#7751,#7752);
#7751 = CARTESIAN_POINT('',(17.55,-15.55,35.6));
#7752 = VECTOR('',#7753,1.);
#7753 = DIRECTION('',(0.,0.,1.));
#7754 = PCURVE('',#6146,#7755);
#7755 = DEFINITIONAL_REPRESENTATION('',(#7756),#7760);
#7756 = LINE('',#7757,#7758);
#7757 = CARTESIAN_POINT('',(0.,40.1));
#7758 = VECTOR('',#7759,1.);
#7759 = DIRECTION('',(1.,0.));
#7760 = ( GEOMETRIC_REPRESENTATION_CONTEXT(2) 
PARAMETRIC_REPRESENTATION_CONTEXT() REPRESENTATION_CONTEXT('2D SPACE',''
  ) );
#7761 = PCURVE('',#6888,#7762);
#7762 = DEFINITIONAL_REPRESENTATION('',(#7763),#7767);
#7763 = LINE('',#7764,#7765);
#7764 = CARTESIAN_POINT('',(0.,0.));
#7765 = VECTOR('',#7766,1.);
#7766 = DIRECTION('',(1.,0.));
#7767 = ( GEOMETRIC_REPRESENTATION_CONTEXT(2) 
PARAMETRIC_REPRESENTATION_CONTEXT() REPRESENTATION_CONTEXT('2D SPACE',''
  ) );
#7768 = ORIENTED_EDGE('',*,*,#7769,.F.);
#7769 = EDGE_CURVE('',#7770,#7747,#7772,.T.);
#7770 = VERTEX_POINT('',#7771);
#7771 = CARTESIAN_POINT('',(-22.55,-15.55,35.6));
#7772 = SURFACE_CURVE('',#7773,(#7777,#7784),.PCURVE_S1.);
#7773 = LINE('',#7774,#7775);
#7774 = CARTESIAN_POINT('',(-22.55,-15.55,35.6));
#7775 = VECTOR('',#7776,1.);
#7776 = DIRECTION('',(1.,0.,0.));
#7777 = PCURVE('',#6146,#7778);
#7778 = DEFINITIONAL_REPRESENTATION('',(#7779),#7783);
#7779 = LINE('',#7780,#7781);
#7780 = CARTESIAN_POINT('',(0.,0.));
#7781 = VECTOR('',#7782,1.);
#7782 = DIRECTION('',(0.,1.));
#7783 = ( GEOMETRIC_REPRESENTATION_CONTEXT(2) 
PARAMETRIC_REPRESENTATION_CONTEXT() REPRESENTATION_CONTEXT('2D SPACE',''
  ) );
#7784 = PCURVE('',#7785,#7790);
#7785 = PLANE('',#7786);
#7786 = AXIS2_PLACEMENT_3D('',#7787,#7788,#7789);
#7787 = CARTESIAN_POINT('',(-22.55,-15.55,35.6));
#7788 = DIRECTION('',(0.,0.,1.));
#7789 = DIRECTION('',(1.,0.,0.));
#7790 = DEFINITIONAL_REPRESENTATION('',(#7791),#7795);
#7791 = LINE('',#7792,#7793);
#7792 = CARTESIAN_POINT('',(0.,0.));
#7793 = VECTOR('',#7794,1.);
#7794 = DIRECTION('',(1.,0.));
#7795 = ( GEOMETRIC_REPRESENTATION_CONTEXT(2) 
PARAMETRIC_REPRESENTATION_CONTEXT() REPRESENTATION_CONTEXT('2D SPACE',''
  ) );
#7796 = ORIENTED_EDGE('',*,*,#7797,.T.);
#7797 = EDGE_CURVE('',#7770,#7405,#7798,.T.);
#7798 = SURFACE_CURVE('',#7799,(#7803,#7810),.PCURVE_S1.);
#7799 = LINE('',#7800,#7801);
#7800 = CARTESIAN_POINT('',(-22.55,-15.55,35.6));
#7801 = VECTOR('',#7802,1.);
#7802 = DIRECTION('',(0.,0.,1.));
#7803 = PCURVE('',#6146,#7804);
#7804 = DEFINITIONAL_REPRESENTATION('',(#7805),#7809);
#7805 = LINE('',#7806,#7807);
#7806 = CARTESIAN_POINT('',(0.,0.));
#7807 = VECTOR('',#7808,1.);
#7808 = DIRECTION('',(1.,0.));
#7809 = ( GEOMETRIC_REPRESENTATION_CONTEXT(2) 
PARAMETRIC_REPRESENTATION_CONTEXT() REPRESENTATION_CONTEXT('2D SPACE',''
  ) );
#7810 = PCURVE('',#7291,#7811);
#7811 = DEFINITIONAL_REPRESENTATION('',(#7812),#7816);
#7812 = LINE('',#7813,#7814);
#7813 = CARTESIAN_POINT('',(0.,0.));
#7814 = VECTOR('',#7815,1.);
#7815 = DIRECTION('',(1.,0.));
#7816 = ( GEOMETRIC_REPRESENTATION_CONTEXT(2) 
PARAMETRIC_REPRESENTATION_CONTEXT() REPRESENTATION_CONTEXT('2D SPACE',''
  ) );
#7817 = ORIENTED_EDGE('',*,*,#7452,.T.);
#7818 = ORIENTED_EDGE('',*,*,#7475,.F.);
#7819 = ORIENTED_EDGE('',*,*,#6131,.F.);
#7820 = ORIENTED_EDGE('',*,*,#7722,.F.);
#7821 = ADVANCED_FACE('',(#7822,#7915),#6265,.T.);
#7822 = FACE_BOUND('',#7823,.T.);
#7823 = EDGE_LOOP('',(#7824,#7847,#7870,#7891,#7892,#7893,#7894));
#7824 = ORIENTED_EDGE('',*,*,#7825,.F.);
#7825 = EDGE_CURVE('',#7826,#6977,#7828,.T.);
#7826 = VERTEX_POINT('',#7827);
#7827 = CARTESIAN_POINT('',(17.55,7.55,35.6));
#7828 = SURFACE_CURVE('',#7829,(#7833,#7840),.PCURVE_S1.);
#7829 = LINE('',#7830,#7831);
#7830 = CARTESIAN_POINT('',(17.55,7.55,35.6));
#7831 = VECTOR('',#7832,1.);
#7832 = DIRECTION('',(0.,0.,1.));
#7833 = PCURVE('',#6265,#7834);
#7834 = DEFINITIONAL_REPRESENTATION('',(#7835),#7839);
#7835 = LINE('',#7836,#7837);
#7836 = CARTESIAN_POINT('',(0.,40.1));
#7837 = VECTOR('',#7838,1.);
#7838 = DIRECTION('',(1.,0.));
#7839 = ( GEOMETRIC_REPRESENTATION_CONTEXT(2) 
PARAMETRIC_REPRESENTATION_CONTEXT() REPRESENTATION_CONTEXT('2D SPACE',''
  ) );
#7840 = PCURVE('',#6888,#7841);
#7841 = DEFINITIONAL_REPRESENTATION('',(#7842),#7846);
#7842 = LINE('',#7843,#7844);
#7843 = CARTESIAN_POINT('',(0.,-23.1));
#7844 = VECTOR('',#7845,1.);
#7845 = DIRECTION('',(1.,0.));
#7846 = ( GEOMETRIC_REPRESENTATION_CONTEXT(2) 
PARAMETRIC_REPRESENTATION_CONTEXT() REPRESENTATION_CONTEXT('2D SPACE',''
  ) );
#7847 = ORIENTED_EDGE('',*,*,#7848,.F.);
#7848 = EDGE_CURVE('',#7849,#7826,#7851,.T.);
#7849 = VERTEX_POINT('',#7850);
#7850 = CARTESIAN_POINT('',(-22.55,7.55,35.6));
#7851 = SURFACE_CURVE('',#7852,(#7856,#7863),.PCURVE_S1.);
#7852 = LINE('',#7853,#7854);
#7853 = CARTESIAN_POINT('',(-22.55,7.55,35.6));
#7854 = VECTOR('',#7855,1.);
#7855 = DIRECTION('',(1.,0.,0.));
#7856 = PCURVE('',#6265,#7857);
#7857 = DEFINITIONAL_REPRESENTATION('',(#7858),#7862);
#7858 = LINE('',#7859,#7860);
#7859 = CARTESIAN_POINT('',(0.,0.));
#7860 = VECTOR('',#7861,1.);
#7861 = DIRECTION('',(0.,1.));
#7862 = ( GEOMETRIC_REPRESENTATION_CONTEXT(2) 
PARAMETRIC_REPRESENTATION_CONTEXT() REPRESENTATION_CONTEXT('2D SPACE',''
  ) );
#7863 = PCURVE('',#7785,#7864);
#7864 = DEFINITIONAL_REPRESENTATION('',(#7865),#7869);
#7865 = LINE('',#7866,#7867);
#7866 = CARTESIAN_POINT('',(0.,23.1));
#7867 = VECTOR('',#7868,1.);
#7868 = DIRECTION('',(1.,0.));
#7869 = ( GEOMETRIC_REPRESENTATION_CONTEXT(2) 
PARAMETRIC_REPRESENTATION_CONTEXT() REPRESENTATION_CONTEXT('2D SPACE',''
  ) );
#7870 = ORIENTED_EDGE('',*,*,#7871,.T.);
#7871 = EDGE_CURVE('',#7849,#7123,#7872,.T.);
#7872 = SURFACE_CURVE('',#7873,(#7877,#7884),.PCURVE_S1.);
#7873 = LINE('',#7874,#7875);
#7874 = CARTESIAN_POINT('',(-22.55,7.55,35.6));
#7875 = VECTOR('',#7876,1.);
#7876 = DIRECTION('',(0.,0.,1.));
#7877 = PCURVE('',#6265,#7878);
#7878 = DEFINITIONAL_REPRESENTATION('',(#7879),#7883);
#7879 = LINE('',#7880,#7881);
#7880 = CARTESIAN_POINT('',(0.,0.));
#7881 = VECTOR('',#7882,1.);
#7882 = DIRECTION('',(1.,0.));
#7883 = ( GEOMETRIC_REPRESENTATION_CONTEXT(2) 
PARAMETRIC_REPRESENTATION_CONTEXT() REPRESENTATION_CONTEXT('2D SPACE',''
  ) );
#7884 = PCURVE('',#7291,#7885);
#7885 = DEFINITIONAL_REPRESENTATION('',(#7886),#7890);
#7886 = LINE('',#7887,#7888);
#7887 = CARTESIAN_POINT('',(0.,-23.1));
#7888 = VECTOR('',#7889,1.);
#7889 = DIRECTION('',(1.,0.));
#7890 = ( GEOMETRIC_REPRESENTATION_CONTEXT(2) 
PARAMETRIC_REPRESENTATION_CONTEXT() REPRESENTATION_CONTEXT('2D SPACE',''
  ) );
#7891 = ORIENTED_EDGE('',*,*,#7152,.T.);
#7892 = ORIENTED_EDGE('',*,*,#7098,.T.);
#7893 = ORIENTED_EDGE('',*,*,#6511,.F.);
#7894 = ORIENTED_EDGE('',*,*,#7895,.F.);
#7895 = EDGE_CURVE('',#6977,#6512,#7896,.T.);
#7896 = SURFACE_CURVE('',#7897,(#7901,#7908),.PCURVE_S1.);
#7897 = LINE('',#7898,#7899);
#7898 = CARTESIAN_POINT('',(17.55,7.55,35.6));
#7899 = VECTOR('',#7900,1.);
#7900 = DIRECTION('',(0.,0.,1.));
#7901 = PCURVE('',#6265,#7902);
#7902 = DEFINITIONAL_REPRESENTATION('',(#7903),#7907);
#7903 = LINE('',#7904,#7905);
#7904 = CARTESIAN_POINT('',(0.,40.1));
#7905 = VECTOR('',#7906,1.);
#7906 = DIRECTION('',(1.,0.));
#7907 = ( GEOMETRIC_REPRESENTATION_CONTEXT(2) 
PARAMETRIC_REPRESENTATION_CONTEXT() REPRESENTATION_CONTEXT('2D SPACE',''
  ) );
#7908 = PCURVE('',#6550,#7909);
#7909 = DEFINITIONAL_REPRESENTATION('',(#7910),#7914);
#7910 = LINE('',#7911,#7912);
#7911 = CARTESIAN_POINT('',(-22.,-1.2));
#7912 = VECTOR('',#7913,1.);
#7913 = DIRECTION('',(1.,0.));
#7914 = ( GEOMETRIC_REPRESENTATION_CONTEXT(2) 
PARAMETRIC_REPRESENTATION_CONTEXT() REPRESENTATION_CONTEXT('2D SPACE',''
  ) );
#7915 = FACE_BOUND('',#7916,.T.);
#7916 = EDGE_LOOP('',(#7917,#7918,#7919,#7920));
#7917 = ORIENTED_EDGE('',*,*,#6457,.F.);
#7918 = ORIENTED_EDGE('',*,*,#6482,.T.);
#7919 = ORIENTED_EDGE('',*,*,#6251,.T.);
#7920 = ORIENTED_EDGE('',*,*,#6410,.F.);
#7921 = ADVANCED_FACE('',(#7922),#6295,.T.);
#7922 = FACE_BOUND('',#7923,.T.);
#7923 = EDGE_LOOP('',(#7924,#7947,#7968,#7989));
#7924 = ORIENTED_EDGE('',*,*,#7925,.F.);
#7925 = EDGE_CURVE('',#7926,#6279,#7928,.T.);
#7926 = VERTEX_POINT('',#7927);
#7927 = CARTESIAN_POINT('',(9.5,-9.,35.6));
#7928 = SURFACE_CURVE('',#7929,(#7933,#7940),.PCURVE_S1.);
#7929 = LINE('',#7930,#7931);
#7930 = CARTESIAN_POINT('',(9.5,-9.,34.6));
#7931 = VECTOR('',#7932,1.);
#7932 = DIRECTION('',(0.,0.,1.));
#7933 = PCURVE('',#6295,#7934);
#7934 = DEFINITIONAL_REPRESENTATION('',(#7935),#7939);
#7935 = LINE('',#7936,#7937);
#7936 = CARTESIAN_POINT('',(0.,24.));
#7937 = VECTOR('',#7938,1.);
#7938 = DIRECTION('',(1.,0.));
#7939 = ( GEOMETRIC_REPRESENTATION_CONTEXT(2) 
PARAMETRIC_REPRESENTATION_CONTEXT() REPRESENTATION_CONTEXT('2D SPACE',''
  ) );
#7940 = PCURVE('',#6371,#7941);
#7941 = DEFINITIONAL_REPRESENTATION('',(#7942),#7946);
#7942 = LINE('',#7943,#7944);
#7943 = CARTESIAN_POINT('',(0.,0.));
#7944 = VECTOR('',#7945,1.);
#7945 = DIRECTION('',(1.,0.));
#7946 = ( GEOMETRIC_REPRESENTATION_CONTEXT(2) 
PARAMETRIC_REPRESENTATION_CONTEXT() REPRESENTATION_CONTEXT('2D SPACE',''
  ) );
#7947 = ORIENTED_EDGE('',*,*,#7948,.T.);
#7948 = EDGE_CURVE('',#7926,#7949,#7951,.T.);
#7949 = VERTEX_POINT('',#7950);
#7950 = CARTESIAN_POINT('',(-14.5,-9.,35.6));
#7951 = SURFACE_CURVE('',#7952,(#7956,#7962),.PCURVE_S1.);
#7952 = LINE('',#7953,#7954);
#7953 = CARTESIAN_POINT('',(-18.525,-9.,35.6));
#7954 = VECTOR('',#7955,1.);
#7955 = DIRECTION('',(-1.,0.,0.));
#7956 = PCURVE('',#6295,#7957);
#7957 = DEFINITIONAL_REPRESENTATION('',(#7958),#7961);
#7958 = B_SPLINE_CURVE_WITH_KNOTS('',1,(#7959,#7960),.UNSPECIFIED.,.F.,
  .F.,(2,2),(-28.025,-4.025),.PIECEWISE_BEZIER_KNOTS.);
#7959 = CARTESIAN_POINT('',(1.,24.));
#7960 = CARTESIAN_POINT('',(1.,0.));
#7961 = ( GEOMETRIC_REPRESENTATION_CONTEXT(2) 
PARAMETRIC_REPRESENTATION_CONTEXT() REPRESENTATION_CONTEXT('2D SPACE',''
  ) );
#7962 = PCURVE('',#7785,#7963);
#7963 = DEFINITIONAL_REPRESENTATION('',(#7964),#7967);
#7964 = B_SPLINE_CURVE_WITH_KNOTS('',1,(#7965,#7966),.UNSPECIFIED.,.F.,
  .F.,(2,2),(-28.025,-4.025),.PIECEWISE_BEZIER_KNOTS.);
#7965 = CARTESIAN_POINT('',(32.05,6.55));
#7966 = CARTESIAN_POINT('',(8.05,6.55));
#7967 = ( GEOMETRIC_REPRESENTATION_CONTEXT(2) 
PARAMETRIC_REPRESENTATION_CONTEXT() REPRESENTATION_CONTEXT('2D SPACE',''
  ) );
#7968 = ORIENTED_EDGE('',*,*,#7969,.T.);
#7969 = EDGE_CURVE('',#7949,#6281,#7970,.T.);
#7970 = SURFACE_CURVE('',#7971,(#7975,#7982),.PCURVE_S1.);
#7971 = LINE('',#7972,#7973);
#7972 = CARTESIAN_POINT('',(-14.5,-9.,34.6));
#7973 = VECTOR('',#7974,1.);
#7974 = DIRECTION('',(0.,0.,1.));
#7975 = PCURVE('',#6295,#7976);
#7976 = DEFINITIONAL_REPRESENTATION('',(#7977),#7981);
#7977 = LINE('',#7978,#7979);
#7978 = CARTESIAN_POINT('',(0.,0.));
#7979 = VECTOR('',#7980,1.);
#7980 = DIRECTION('',(1.,0.));
#7981 = ( GEOMETRIC_REPRESENTATION_CONTEXT(2) 
PARAMETRIC_REPRESENTATION_CONTEXT() REPRESENTATION_CONTEXT('2D SPACE',''
  ) );
#7982 = PCURVE('',#6321,#7983);
#7983 = DEFINITIONAL_REPRESENTATION('',(#7984),#7988);
#7984 = LINE('',#7985,#7986);
#7985 = CARTESIAN_POINT('',(0.,0.));
#7986 = VECTOR('',#7987,1.);
#7987 = DIRECTION('',(1.,0.));
#7988 = ( GEOMETRIC_REPRESENTATION_CONTEXT(2) 
PARAMETRIC_REPRESENTATION_CONTEXT() REPRESENTATION_CONTEXT('2D SPACE',''
  ) );
#7989 = ORIENTED_EDGE('',*,*,#6278,.F.);
#7990 = ADVANCED_FACE('',(#7991),#6371,.F.);
#7991 = FACE_BOUND('',#7992,.F.);
#7992 = EDGE_LOOP('',(#7993,#7994,#8015,#8036));
#7993 = ORIENTED_EDGE('',*,*,#7925,.F.);
#7994 = ORIENTED_EDGE('',*,*,#7995,.T.);
#7995 = EDGE_CURVE('',#7926,#7996,#7998,.T.);
#7996 = VERTEX_POINT('',#7997);
#7997 = CARTESIAN_POINT('',(9.5,1.,35.6));
#7998 = SURFACE_CURVE('',#7999,(#8003,#8009),.PCURVE_S1.);
#7999 = LINE('',#8000,#8001);
#8000 = CARTESIAN_POINT('',(9.5,-12.275,35.6));
#8001 = VECTOR('',#8002,1.);
#8002 = DIRECTION('',(0.,1.,0.));
#8003 = PCURVE('',#6371,#8004);
#8004 = DEFINITIONAL_REPRESENTATION('',(#8005),#8008);
#8005 = B_SPLINE_CURVE_WITH_KNOTS('',1,(#8006,#8007),.UNSPECIFIED.,.F.,
  .F.,(2,2),(3.275,13.275),.PIECEWISE_BEZIER_KNOTS.);
#8006 = CARTESIAN_POINT('',(1.,0.));
#8007 = CARTESIAN_POINT('',(1.,-10.));
#8008 = ( GEOMETRIC_REPRESENTATION_CONTEXT(2) 
PARAMETRIC_REPRESENTATION_CONTEXT() REPRESENTATION_CONTEXT('2D SPACE',''
  ) );
#8009 = PCURVE('',#7785,#8010);
#8010 = DEFINITIONAL_REPRESENTATION('',(#8011),#8014);
#8011 = B_SPLINE_CURVE_WITH_KNOTS('',1,(#8012,#8013),.UNSPECIFIED.,.F.,
  .F.,(2,2),(3.275,13.275),.PIECEWISE_BEZIER_KNOTS.);
#8012 = CARTESIAN_POINT('',(32.05,6.55));
#8013 = CARTESIAN_POINT('',(32.05,16.55));
#8014 = ( GEOMETRIC_REPRESENTATION_CONTEXT(2) 
PARAMETRIC_REPRESENTATION_CONTEXT() REPRESENTATION_CONTEXT('2D SPACE',''
  ) );
#8015 = ORIENTED_EDGE('',*,*,#8016,.T.);
#8016 = EDGE_CURVE('',#7996,#6333,#8017,.T.);
#8017 = SURFACE_CURVE('',#8018,(#8022,#8029),.PCURVE_S1.);
#8018 = LINE('',#8019,#8020);
#8019 = CARTESIAN_POINT('',(9.5,1.,34.6));
#8020 = VECTOR('',#8021,1.);
#8021 = DIRECTION('',(0.,0.,1.));
#8022 = PCURVE('',#6371,#8023);
#8023 = DEFINITIONAL_REPRESENTATION('',(#8024),#8028);
#8024 = LINE('',#8025,#8026);
#8025 = CARTESIAN_POINT('',(0.,-10.));
#8026 = VECTOR('',#8027,1.);
#8027 = DIRECTION('',(1.,0.));
#8028 = ( GEOMETRIC_REPRESENTATION_CONTEXT(2) 
PARAMETRIC_REPRESENTATION_CONTEXT() REPRESENTATION_CONTEXT('2D SPACE',''
  ) );
#8029 = PCURVE('',#6347,#8030);
#8030 = DEFINITIONAL_REPRESENTATION('',(#8031),#8035);
#8031 = LINE('',#8032,#8033);
#8032 = CARTESIAN_POINT('',(0.,24.));
#8033 = VECTOR('',#8034,1.);
#8034 = DIRECTION('',(1.,0.));
#8035 = ( GEOMETRIC_REPRESENTATION_CONTEXT(2) 
PARAMETRIC_REPRESENTATION_CONTEXT() REPRESENTATION_CONTEXT('2D SPACE',''
  ) );
#8036 = ORIENTED_EDGE('',*,*,#6358,.F.);
#8037 = ADVANCED_FACE('',(#8038),#6347,.F.);
#8038 = FACE_BOUND('',#8039,.F.);
#8039 = EDGE_LOOP('',(#8040,#8041,#8062,#8083));
#8040 = ORIENTED_EDGE('',*,*,#8016,.F.);
#8041 = ORIENTED_EDGE('',*,*,#8042,.T.);
#8042 = EDGE_CURVE('',#7996,#8043,#8045,.T.);
#8043 = VERTEX_POINT('',#8044);
#8044 = CARTESIAN_POINT('',(-14.5,1.,35.6));
#8045 = SURFACE_CURVE('',#8046,(#8050,#8056),.PCURVE_S1.);
#8046 = LINE('',#8047,#8048);
#8047 = CARTESIAN_POINT('',(-18.525,1.,35.6));
#8048 = VECTOR('',#8049,1.);
#8049 = DIRECTION('',(-1.,0.,0.));
#8050 = PCURVE('',#6347,#8051);
#8051 = DEFINITIONAL_REPRESENTATION('',(#8052),#8055);
#8052 = B_SPLINE_CURVE_WITH_KNOTS('',1,(#8053,#8054),.UNSPECIFIED.,.F.,
  .F.,(2,2),(-28.025,-4.025),.PIECEWISE_BEZIER_KNOTS.);
#8053 = CARTESIAN_POINT('',(1.,24.));
#8054 = CARTESIAN_POINT('',(1.,0.));
#8055 = ( GEOMETRIC_REPRESENTATION_CONTEXT(2) 
PARAMETRIC_REPRESENTATION_CONTEXT() REPRESENTATION_CONTEXT('2D SPACE',''
  ) );
#8056 = PCURVE('',#7785,#8057);
#8057 = DEFINITIONAL_REPRESENTATION('',(#8058),#8061);
#8058 = B_SPLINE_CURVE_WITH_KNOTS('',1,(#8059,#8060),.UNSPECIFIED.,.F.,
  .F.,(2,2),(-28.025,-4.025),.PIECEWISE_BEZIER_KNOTS.);
#8059 = CARTESIAN_POINT('',(32.05,16.55));
#8060 = CARTESIAN_POINT('',(8.05,16.55));
#8061 = ( GEOMETRIC_REPRESENTATION_CONTEXT(2) 
PARAMETRIC_REPRESENTATION_CONTEXT() REPRESENTATION_CONTEXT('2D SPACE',''
  ) );
#8062 = ORIENTED_EDGE('',*,*,#8063,.T.);
#8063 = EDGE_CURVE('',#8043,#6307,#8064,.T.);
#8064 = SURFACE_CURVE('',#8065,(#8069,#8076),.PCURVE_S1.);
#8065 = LINE('',#8066,#8067);
#8066 = CARTESIAN_POINT('',(-14.5,1.,34.6));
#8067 = VECTOR('',#8068,1.);
#8068 = DIRECTION('',(0.,0.,1.));
#8069 = PCURVE('',#6347,#8070);
#8070 = DEFINITIONAL_REPRESENTATION('',(#8071),#8075);
#8071 = LINE('',#8072,#8073);
#8072 = CARTESIAN_POINT('',(0.,0.));
#8073 = VECTOR('',#8074,1.);
#8074 = DIRECTION('',(1.,0.));
#8075 = ( GEOMETRIC_REPRESENTATION_CONTEXT(2) 
PARAMETRIC_REPRESENTATION_CONTEXT() REPRESENTATION_CONTEXT('2D SPACE',''
  ) );
#8076 = PCURVE('',#6321,#8077);
#8077 = DEFINITIONAL_REPRESENTATION('',(#8078),#8082);
#8078 = LINE('',#8079,#8080);
#8079 = CARTESIAN_POINT('',(0.,-10.));
#8080 = VECTOR('',#8081,1.);
#8081 = DIRECTION('',(1.,0.));
#8082 = ( GEOMETRIC_REPRESENTATION_CONTEXT(2) 
PARAMETRIC_REPRESENTATION_CONTEXT() REPRESENTATION_CONTEXT('2D SPACE',''
  ) );
#8083 = ORIENTED_EDGE('',*,*,#6332,.F.);
#8084 = ADVANCED_FACE('',(#8085),#6321,.T.);
#8085 = FACE_BOUND('',#8086,.T.);
#8086 = EDGE_LOOP('',(#8087,#8088,#8107,#8108));
#8087 = ORIENTED_EDGE('',*,*,#7969,.F.);
#8088 = ORIENTED_EDGE('',*,*,#8089,.T.);
#8089 = EDGE_CURVE('',#7949,#8043,#8090,.T.);
#8090 = SURFACE_CURVE('',#8091,(#8095,#8101),.PCURVE_S1.);
#8091 = LINE('',#8092,#8093);
#8092 = CARTESIAN_POINT('',(-14.5,-12.275,35.6));
#8093 = VECTOR('',#8094,1.);
#8094 = DIRECTION('',(0.,1.,0.));
#8095 = PCURVE('',#6321,#8096);
#8096 = DEFINITIONAL_REPRESENTATION('',(#8097),#8100);
#8097 = B_SPLINE_CURVE_WITH_KNOTS('',1,(#8098,#8099),.UNSPECIFIED.,.F.,
  .F.,(2,2),(3.275,13.275),.PIECEWISE_BEZIER_KNOTS.);
#8098 = CARTESIAN_POINT('',(1.,0.));
#8099 = CARTESIAN_POINT('',(1.,-10.));
#8100 = ( GEOMETRIC_REPRESENTATION_CONTEXT(2) 
PARAMETRIC_REPRESENTATION_CONTEXT() REPRESENTATION_CONTEXT('2D SPACE',''
  ) );
#8101 = PCURVE('',#7785,#8102);
#8102 = DEFINITIONAL_REPRESENTATION('',(#8103),#8106);
#8103 = B_SPLINE_CURVE_WITH_KNOTS('',1,(#8104,#8105),.UNSPECIFIED.,.F.,
  .F.,(2,2),(3.275,13.275),.PIECEWISE_BEZIER_KNOTS.);
#8104 = CARTESIAN_POINT('',(8.05,6.55));
#8105 = CARTESIAN_POINT('',(8.05,16.55));
#8106 = ( GEOMETRIC_REPRESENTATION_CONTEXT(2) 
PARAMETRIC_REPRESENTATION_CONTEXT() REPRESENTATION_CONTEXT('2D SPACE',''
  ) );
#8107 = ORIENTED_EDGE('',*,*,#8063,.T.);
#8108 = ORIENTED_EDGE('',*,*,#6306,.F.);
#8109 = ADVANCED_FACE('',(#8110),#6550,.F.);
#8110 = FACE_BOUND('',#8111,.F.);
#8111 = EDGE_LOOP('',(#8112,#8113,#8114,#8115));
#8112 = ORIENTED_EDGE('',*,*,#6534,.F.);
#8113 = ORIENTED_EDGE('',*,*,#7895,.F.);
#8114 = ORIENTED_EDGE('',*,*,#7024,.T.);
#8115 = ORIENTED_EDGE('',*,*,#7049,.T.);
#8116 = ADVANCED_FACE('',(#8117),#6758,.F.);
#8117 = FACE_BOUND('',#8118,.F.);
#8118 = EDGE_LOOP('',(#8119,#8120,#8121,#8122));
#8119 = ORIENTED_EDGE('',*,*,#6899,.F.);
#8120 = ORIENTED_EDGE('',*,*,#7722,.F.);
#8121 = ORIENTED_EDGE('',*,*,#6744,.T.);
#8122 = ORIENTED_EDGE('',*,*,#6774,.T.);
#8123 = ADVANCED_FACE('',(#8124),#6888,.T.);
#8124 = FACE_BOUND('',#8125,.T.);
#8125 = EDGE_LOOP('',(#8126,#8127,#8148,#8149,#8150,#8151));
#8126 = ORIENTED_EDGE('',*,*,#7746,.F.);
#8127 = ORIENTED_EDGE('',*,*,#8128,.T.);
#8128 = EDGE_CURVE('',#7747,#7826,#8129,.T.);
#8129 = SURFACE_CURVE('',#8130,(#8134,#8141),.PCURVE_S1.);
#8130 = LINE('',#8131,#8132);
#8131 = CARTESIAN_POINT('',(17.55,-15.55,35.6));
#8132 = VECTOR('',#8133,1.);
#8133 = DIRECTION('',(0.,1.,0.));
#8134 = PCURVE('',#6888,#8135);
#8135 = DEFINITIONAL_REPRESENTATION('',(#8136),#8140);
#8136 = LINE('',#8137,#8138);
#8137 = CARTESIAN_POINT('',(0.,0.));
#8138 = VECTOR('',#8139,1.);
#8139 = DIRECTION('',(0.,-1.));
#8140 = ( GEOMETRIC_REPRESENTATION_CONTEXT(2) 
PARAMETRIC_REPRESENTATION_CONTEXT() REPRESENTATION_CONTEXT('2D SPACE',''
  ) );
#8141 = PCURVE('',#7785,#8142);
#8142 = DEFINITIONAL_REPRESENTATION('',(#8143),#8147);
#8143 = LINE('',#8144,#8145);
#8144 = CARTESIAN_POINT('',(40.1,0.));
#8145 = VECTOR('',#8146,1.);
#8146 = DIRECTION('',(0.,1.));
#8147 = ( GEOMETRIC_REPRESENTATION_CONTEXT(2) 
PARAMETRIC_REPRESENTATION_CONTEXT() REPRESENTATION_CONTEXT('2D SPACE',''
  ) );
#8148 = ORIENTED_EDGE('',*,*,#7825,.T.);
#8149 = ORIENTED_EDGE('',*,*,#7895,.T.);
#8150 = ORIENTED_EDGE('',*,*,#6875,.F.);
#8151 = ORIENTED_EDGE('',*,*,#7722,.F.);
#8152 = ADVANCED_FACE('',(#8153),#6863,.F.);
#8153 = FACE_BOUND('',#8154,.F.);
#8154 = EDGE_LOOP('',(#8155,#8156,#8157,#8158));
#8155 = ORIENTED_EDGE('',*,*,#6849,.F.);
#8156 = ORIENTED_EDGE('',*,*,#6950,.F.);
#8157 = ORIENTED_EDGE('',*,*,#6976,.T.);
#8158 = ORIENTED_EDGE('',*,*,#7895,.T.);
#8159 = ADVANCED_FACE('',(#8160),#7140,.F.);
#8160 = FACE_BOUND('',#8161,.F.);
#8161 = EDGE_LOOP('',(#8162,#8163,#8184,#8185));
#8162 = ORIENTED_EDGE('',*,*,#7302,.F.);
#8163 = ORIENTED_EDGE('',*,*,#8164,.F.);
#8164 = EDGE_CURVE('',#7123,#7277,#8165,.T.);
#8165 = SURFACE_CURVE('',#8166,(#8170,#8177),.PCURVE_S1.);
#8166 = LINE('',#8167,#8168);
#8167 = CARTESIAN_POINT('',(-22.55,7.55,35.6));
#8168 = VECTOR('',#8169,1.);
#8169 = DIRECTION('',(0.,0.,1.));
#8170 = PCURVE('',#7140,#8171);
#8171 = DEFINITIONAL_REPRESENTATION('',(#8172),#8176);
#8172 = LINE('',#8173,#8174);
#8173 = CARTESIAN_POINT('',(-22.,-1.2));
#8174 = VECTOR('',#8175,1.);
#8175 = DIRECTION('',(1.,0.));
#8176 = ( GEOMETRIC_REPRESENTATION_CONTEXT(2) 
PARAMETRIC_REPRESENTATION_CONTEXT() REPRESENTATION_CONTEXT('2D SPACE',''
  ) );
#8177 = PCURVE('',#7291,#8178);
#8178 = DEFINITIONAL_REPRESENTATION('',(#8179),#8183);
#8179 = LINE('',#8180,#8181);
#8180 = CARTESIAN_POINT('',(0.,-23.1));
#8181 = VECTOR('',#8182,1.);
#8182 = DIRECTION('',(1.,0.));
#8183 = ( GEOMETRIC_REPRESENTATION_CONTEXT(2) 
PARAMETRIC_REPRESENTATION_CONTEXT() REPRESENTATION_CONTEXT('2D SPACE',''
  ) );
#8184 = ORIENTED_EDGE('',*,*,#7122,.T.);
#8185 = ORIENTED_EDGE('',*,*,#7198,.T.);
#8186 = ADVANCED_FACE('',(#8187),#7264,.F.);
#8187 = FACE_BOUND('',#8188,.F.);
#8188 = EDGE_LOOP('',(#8189,#8190,#8191,#8192));
#8189 = ORIENTED_EDGE('',*,*,#7246,.F.);
#8190 = ORIENTED_EDGE('',*,*,#7378,.F.);
#8191 = ORIENTED_EDGE('',*,*,#7404,.T.);
#8192 = ORIENTED_EDGE('',*,*,#8193,.T.);
#8193 = EDGE_CURVE('',#7405,#7249,#8194,.T.);
#8194 = SURFACE_CURVE('',#8195,(#8199,#8206),.PCURVE_S1.);
#8195 = LINE('',#8196,#8197);
#8196 = CARTESIAN_POINT('',(-22.55,-15.55,35.6));
#8197 = VECTOR('',#8198,1.);
#8198 = DIRECTION('',(0.,0.,1.));
#8199 = PCURVE('',#7264,#8200);
#8200 = DEFINITIONAL_REPRESENTATION('',(#8201),#8205);
#8201 = LINE('',#8202,#8203);
#8202 = CARTESIAN_POINT('',(-22.,-1.2));
#8203 = VECTOR('',#8204,1.);
#8204 = DIRECTION('',(1.,0.));
#8205 = ( GEOMETRIC_REPRESENTATION_CONTEXT(2) 
PARAMETRIC_REPRESENTATION_CONTEXT() REPRESENTATION_CONTEXT('2D SPACE',''
  ) );
#8206 = PCURVE('',#7291,#8207);
#8207 = DEFINITIONAL_REPRESENTATION('',(#8208),#8212);
#8208 = LINE('',#8209,#8210);
#8209 = CARTESIAN_POINT('',(0.,0.));
#8210 = VECTOR('',#8211,1.);
#8211 = DIRECTION('',(1.,0.));
#8212 = ( GEOMETRIC_REPRESENTATION_CONTEXT(2) 
PARAMETRIC_REPRESENTATION_CONTEXT() REPRESENTATION_CONTEXT('2D SPACE',''
  ) );
#8213 = ADVANCED_FACE('',(#8214),#7291,.F.);
#8214 = FACE_BOUND('',#8215,.F.);
#8215 = EDGE_LOOP('',(#8216,#8217,#8238,#8239,#8240,#8241));
#8216 = ORIENTED_EDGE('',*,*,#7797,.F.);
#8217 = ORIENTED_EDGE('',*,*,#8218,.T.);
#8218 = EDGE_CURVE('',#7770,#7849,#8219,.T.);
#8219 = SURFACE_CURVE('',#8220,(#8224,#8231),.PCURVE_S1.);
#8220 = LINE('',#8221,#8222);
#8221 = CARTESIAN_POINT('',(-22.55,-15.55,35.6));
#8222 = VECTOR('',#8223,1.);
#8223 = DIRECTION('',(0.,1.,0.));
#8224 = PCURVE('',#7291,#8225);
#8225 = DEFINITIONAL_REPRESENTATION('',(#8226),#8230);
#8226 = LINE('',#8227,#8228);
#8227 = CARTESIAN_POINT('',(0.,0.));
#8228 = VECTOR('',#8229,1.);
#8229 = DIRECTION('',(0.,-1.));
#8230 = ( GEOMETRIC_REPRESENTATION_CONTEXT(2) 
PARAMETRIC_REPRESENTATION_CONTEXT() REPRESENTATION_CONTEXT('2D SPACE',''
  ) );
#8231 = PCURVE('',#7785,#8232);
#8232 = DEFINITIONAL_REPRESENTATION('',(#8233),#8237);
#8233 = LINE('',#8234,#8235);
#8234 = CARTESIAN_POINT('',(0.,0.));
#8235 = VECTOR('',#8236,1.);
#8236 = DIRECTION('',(0.,1.));
#8237 = ( GEOMETRIC_REPRESENTATION_CONTEXT(2) 
PARAMETRIC_REPRESENTATION_CONTEXT() REPRESENTATION_CONTEXT('2D SPACE',''
  ) );
#8238 = ORIENTED_EDGE('',*,*,#7871,.T.);
#8239 = ORIENTED_EDGE('',*,*,#8164,.T.);
#8240 = ORIENTED_EDGE('',*,*,#7276,.F.);
#8241 = ORIENTED_EDGE('',*,*,#8193,.F.);
#8242 = ADVANCED_FACE('',(#8243),#7516,.T.);
#8243 = FACE_BOUND('',#8244,.T.);
#8244 = EDGE_LOOP('',(#8245));
#8245 = ORIENTED_EDGE('',*,*,#7499,.T.);
#8246 = ADVANCED_FACE('',(#8247),#7571,.T.);
#8247 = FACE_BOUND('',#8248,.T.);
#8248 = EDGE_LOOP('',(#8249));
#8249 = ORIENTED_EDGE('',*,*,#7554,.T.);
#8250 = ADVANCED_FACE('',(#8251),#7626,.T.);
#8251 = FACE_BOUND('',#8252,.T.);
#8252 = EDGE_LOOP('',(#8253));
#8253 = ORIENTED_EDGE('',*,*,#7609,.T.);
#8254 = ADVANCED_FACE('',(#8255),#7681,.T.);
#8255 = FACE_BOUND('',#8256,.T.);
#8256 = EDGE_LOOP('',(#8257));
#8257 = ORIENTED_EDGE('',*,*,#7664,.T.);
#8258 = ADVANCED_FACE('',(#8259,#8265),#7785,.F.);
#8259 = FACE_BOUND('',#8260,.F.);
#8260 = EDGE_LOOP('',(#8261,#8262,#8263,#8264));
#8261 = ORIENTED_EDGE('',*,*,#8218,.F.);
#8262 = ORIENTED_EDGE('',*,*,#7769,.T.);
#8263 = ORIENTED_EDGE('',*,*,#8128,.T.);
#8264 = ORIENTED_EDGE('',*,*,#7848,.F.);
#8265 = FACE_BOUND('',#8266,.F.);
#8266 = EDGE_LOOP('',(#8267,#8268,#8269,#8270));
#8267 = ORIENTED_EDGE('',*,*,#7948,.T.);
#8268 = ORIENTED_EDGE('',*,*,#8089,.T.);
#8269 = ORIENTED_EDGE('',*,*,#8042,.F.);
#8270 = ORIENTED_EDGE('',*,*,#7995,.F.);
#8271 = ( GEOMETRIC_REPRESENTATION_CONTEXT(3) 
GLOBAL_UNCERTAINTY_ASSIGNED_CONTEXT((#8275)) 
GLOBAL_UNIT_ASSIGNED_CONTEXT((#8272,#8273,#8274)) REPRESENTATION_CONTEXT
('Context #1','3D Context with UNIT and UNCERTAINTY') );
#8272 = ( LENGTH_UNIT() NAMED_UNIT(*) SI_UNIT(.MILLI.,.METRE.) );
#8273 = ( NAMED_UNIT(*) PLANE_ANGLE_UNIT() SI_UNIT($,.RADIAN.) );
#8274 = ( NAMED_UNIT(*) SI_UNIT($,.STERADIAN.) SOLID_ANGLE_UNIT() );
#8275 = UNCERTAINTY_MEASURE_WITH_UNIT(LENGTH_MEASURE(1.E-07),#8272,
  'distance_accuracy_value','confusion accuracy');
#8276 = PRODUCT_RELATED_PRODUCT_CATEGORY('part',$,(#7));
ENDSEC;
END-ISO-10303-21;
